{
    "tight": {
        "ptbin1":{
            "jer": {
                "high": 0.0011594064435736368,
                "low": 0.00031222171323127586
            },
            "jes": {
                "high": 0.000925843639291009,
                "low": 0.001092947661283124
            },
            "fracBB": {
                "high": 0.008397785005773336,
                "low": 0.002293912857165715
            },
            "stats": {
                "high": 0.03620154771529016,
                "low": 0.04552079531014841
            },
            "fracLight": {
                "high": 0.017105303796792815,
                "low": 0.013382681107218531
            },
            "pu": {
                "high": 0.003013276185646255,
                "low": 0.0040374765414378285
            },
            "fracCC": {
                "high": 0.033396897628318586,
                "low": 0.023659259982097
            },
            "psWeightIsr": {
                "high": 0.013989722747599756,
                "low": 0.013336025231801354
            },
            "lumi_13TeV": {
                "high": 0.00012877496687835807,
                "low": 0.00019545923539514268
            },
            "l1PreFiring": {
                "high": 0.0,
                "low": 0.0
            },
            "psWeightFsr": {
                "high": 0.0018662588226078243,
                "low": 0.0
            },
            "extSfBDTVariation": {
                "high": 0.09067942497583513,
                "low": 0.04959081801243579
            },
            "extVarRwgt": {
                "high": 0.19324883882200727,
                "low": 0.19324883882200727
            },
            "final": {
                "central": 1.2127905743795802,
                "high": 0.22038008973094964,
                "low": 0.20691721632250046
            }
        },
        "ptbin2":{
            "jer": {
                "high": 0.0006945006824451277,
                "low": 0.0012642811612424557
            },
            "jes": {
                "high": 0.004332244161610606,
                "low": 0.0015181384199383057
            },
            "fracBB": {
                "high": 0.009176491361559024,
                "low": 0.006862016696237798
            },
            "stats": {
                "high": 0.08086460658443739,
                "low": 0.08072613578791832
            },
            "fracLight": {
                "high": 0.02054584468453533,
                "low": 0.01740861050273219
            },
            "pu": {
                "high": 0.023018754976575018,
                "low": 0.019050608622689414
            },
            "fracCC": {
                "high": 0.033463564837405216,
                "low": 0.026500712968970306
            },
            "psWeightIsr": {
                "high": 0.014699691763640277,
                "low": 0.014494495160212182
            },
            "lumi_13TeV": {
                "high": 0.0003997876703579947,
                "low": 0.0
            },
            "l1PreFiring": {
                "high": 0.0,
                "low": 0.0
            },
            "psWeightFsr": {
                "high": 0.006853791586463277,
                "low": 0.01686721191245541
            },
            "extSfBDTVariation": {
                "high": 0.05131677850878395,
                "low": 0.052788935459777864
            },
            "extVarRwgt": {
                "high": 0.17980605123083793,
                "low": 0.17980605123083793
            },
            "final": {
                "central": 1.143316237246169,
                "high": 0.2096215429993064,
                "low": 0.20868014734528367
            }
        }
    },
    "medium": {
        "ptbin1":{
            "jer": {
                "high": 0.004690022186920024,
                "low": 0.0007193653716523782
            },
            "jes": {
                "high": 0.004536045580851886,
                "low": 0.002550958162624144
            },
            "fracBB": {
                "high": 0.00469006315990183,
                "low": 0.006243856171662807
            },
            "stats": {
                "high": 0.04088445099206517,
                "low": 0.03227836869406753
            },
            "fracLight": {
                "high": 0.01716398286366639,
                "low": 0.015593474636374064
            },
            "pu": {
                "high": 0.0020847458081693217,
                "low": 0.001015931341605439
            },
            "fracCC": {
                "high": 0.024588036929169547,
                "low": 0.02871327948354312
            },
            "psWeightIsr": {
                "high": 0.0025389352158897358,
                "low": 0.0034577710021152282
            },
            "lumi_13TeV": {
                "high": 0.00013413576252169722,
                "low": 0.0002641722050577912
            },
            "l1PreFiring": {
                "high": 0.0,
                "low": 0.0
            },
            "psWeightFsr": {
                "high": 0.004702906250006084,
                "low": 0.0025395530097326703
            },
            "extSfBDTVariation": {
                "high": 0.08345734704896772,
                "low": 0.05095473984454072
            },
            "extVarRwgt": {
                "high": 0.10028223956711946,
                "low": 0.10028223956711946
            },
            "final": {
                "central": 1.0016601349822891,
                "high": 0.14032057916260726,
                "low": 0.12177000068950611
            }
        },
        "ptbin2":{
            "jer": {
                "high": 0.001576303002232518,
                "low": 0.0007445241387771308
            },
            "jes": {
                "high": 0.00869197216113322,
                "low": 0.0062363276180557835
            },
            "fracBB": {
                "high": 0.04118232710176089,
                "low": 0.0029881643444380113
            },
            "stats": {
                "high": 0.07917639593155346,
                "low": 0.03725523781888884
            },
            "fracLight": {
                "high": 0.02860649408479574,
                "low": 0.023761576337644114
            },
            "pu": {
                "high": 0.016768275481858927,
                "low": 0.005900257136110854
            },
            "fracCC": {
                "high": 0.0075981412876599125,
                "low": 0.031150751248508204
            },
            "psWeightIsr": {
                "high": 0.008126763833797896,
                "low": 0.008298867793012955
            },
            "lumi_13TeV": {
                "high": 0.0006829765173433707,
                "low": 0.00014480747677977134
            },
            "l1PreFiring": {
                "high": 0.0,
                "low": 0.0
            },
            "psWeightFsr": {
                "high": 0.010562780742349415,
                "low": 0.016034796017068233
            },
            "extSfBDTVariation": {
                "high": 0.09814587081130005,
                "low": 0.07156017973776674
            },
            "extVarRwgt": {
                "high": 0.10647232900082548,
                "low": 0.10647232900082548
            },
            "final": {
                "central": 1.045727513685539,
                "high": 0.1742045092741013,
                "low": 0.14067460980302865
            }
        }
    },
    "loose": {
        "ptbin1":{
            "jer": {
                "high": 0.0031743437615425274,
                "low": 0.002996610605893241
            },
            "jes": {
                "high": 0.01123102405674642,
                "low": 0.010644942310929792
            },
            "fracBB": {
                "high": 0.02349389215929233,
                "low": 0.017823906251159517
            },
            "stats": {
                "high": 0.03499726142012105,