{
    "tight": {
        "ptbin1": {
            "jer": {
                "high": 0.007054049201361216,
                "low": 0.006294893407686366
            },
            "jes": {
                "high": 0.0032769176618048525,
                "low": 0.0023777374960013455
            },
            "stats": {
                "high": 0.022188927349738652,
                "low": 0.022980704531622154
            },
            "pu": {
                "high": 0.005454273016581006,
                "low": 0.00448931014113082
            },
            "psWeightIsr": {
                "high": 0.0022474653825723455,
                "low": 0.0019806931577299363
            },
            "lumi_13TeV": {
                "high": 0.0008227946941659312,
                "low": 0.0010565678949159278
            },
            "l1PreFiring": {
                "high": 0.0009477449480322114,
                "low": 0.000549690332206213
            },
            "psWeightFsr": {
                "high": 0.0033036316284160007,
                "low": 0.002814262713367668
            },
            "extSfBDTVariation": {
                "high": 0.016565149772684803,
                "low": 0.01949978696607841
            },
            "extVarRwgt": {
                "high": 0.04149634067184527,
                "low": 0.04149634067184527
            },
            "final": {
                "central": 0.8961043140495804,
                "high": 0.05624835364108851,
                "low": 0.0563431443695671
            },
            "fracBB": {
                "high": 0.019304982776035703,
                "low": 0.017404873072964115
            },
            "fracCC": {
                "high": 0.013453084036540497,
                "low": 0.012357877616426302
            },
            "fracLight": {
                "high": 0.003704496776098357,
                "low": 0.0031476134761461495
            }
        },
        "ptbin2": {
            "jer": {
                "high": 0.00039053114719829555,
                "low": 0.0003355625415912003
            },
            "jes": {
                "high": 0.0019446328647187551,
                "low": 0.00185366705565496
            },
            "stats": {
                "high": 0.01487003295715783,
                "low": 0.014554374159934103
            },
            "pu": {
                "high": 0.0041792686509579315,
                "low": 0.0038680040159891336
            },
            "psWeightIsr": {
                "high": 0.003999778786737192,
                "low": 0.003943065338335527
            },
            "lumi_13TeV": {
                "high": 0.00046404038398374853,
                "low": 0.0006459112355813862
            },
            "l1PreFiring": {
                "high": 0.001549023897071688,
                "low": 0.001441666467465501
            },
            "psWeightFsr": {
                "high": 0.0019000852019458497,
                "low": 0.0016430237928049649
            },
            "extSfBDTVariation": {
                "high": 0.018553918932092486,
                "low": 0.01847859733408775
            },
            "extVarRwgt": {
                "high": 0.04609613017097558,
                "low": 0.04609613017097558
            },
            "final": {
                "central": 0.899897365908336,
                "high": 0.05491755936555412,
                "low": 0.05459866830516117
            },
            "fracBB": {
                "high": 0.014467262264074056,
                "low": 0.014032445422336622
            },
            "fracCC": {
                "high": 0.008336235940319618,
                "low": 0.00800324186949637
            },
            "fracLight": {
                "high": 0.0018168803847058057,
                "low": 0.00163050868388947
            }
        },
        "ptbin3": {
            "jer": {
                "high": 0.0012441430473402635,
                "low": 0.0012114983678609542
            },
            "jes": {
                "high": 0.0015619319507289087,
                "low": 0.002202140140137376
            },
            "stats": {
                "high": 0.01718246677659896,
                "low": 0.015403438689137627
            },
            "pu": {
                "high": 0.002822887117314777,
                "low": 0.0014919457555210578
            },
            "psWeightIsr": {
                "high": 0.001098928556141981,
                "low": 0.0011593596009064522
            },
            "lumi_13TeV": {
                "high": 0.0006129492171831159,
                "low": 0.0007092791843223122
            },
            "l1PreFiring": {
                "high": 0.0005811474931584357,
                "low": 0.0005779262233705906
            },
            "psWeightFsr": {
                "high": 0.0020892405501190276,
                "low": 0.0014452281088124528
            },
            "extSfBDTVariation": {
                "high": 0.018261908406893707,
                "low": 0.02265573331067878
            },
            "extVarRwgt": {
                "high": 0.00467343173873902,
                "low": 0.00467343173873902
            },
            "final": {
                "central": 0.9186520176362105,
                "high": 0.032317998335980105,
                "low": 0.03389319228003737
            },
            "fracBB": {
                "high": 0.01736311138749201,
                "low": 0.01754679906681386
            },
            "fracCC": {
                "high": 0.00839322468825905,
                "low": 0.007088040118868416
            },
            "fracLight": {
                "high": 0.001926527211728702,
                "low": 0.0023272187093701852
            }
        }
    },
    "medium": {
        "ptbin1": {
            "jer": {
                "high": 0.004551328793263383,
                "low": 0.004527167647253805
            },
            "jes": {
                "high": 0.0006887401120795265,
                "low": 0.001757072006188592
            },
            "stats": {
                "high": 0.01724079528320399,
                "low": 0.020781328211848415
            },
            "pu": {
                "high": 0.004552188496949897,
                "low": 0.003607596731251873
            },
            "psWeightIsr": {
                "high": 0.006497761183333051,
                "low": 0.002339361371241941
            },
            "lumi_13TeV": {
                "high": 0.0006332566280600397,
                "low": 0.001264954991603804
            },
            "l1PreFiring": {
                "high": 0.000855115688239696,
                "low": 0.0004544107459304611
            },
            "psWeightFsr": {
                "high": 0.0034425348285404955,
                "low": 0.0008873824302024256
            },
            "extSfBDTVariation": {
                "high": 0.0,
                "low": 0.0231638059956144
            },
            "extVarRwgt": {
                "high": 0.03442919726066185,
                "low": 0.03442919726066185
            },
            "final": {
                "central": 0.9203299969122307,
                "high": 0.04891215863974743,
                "low": 0.050775294296803414
            },
            "fracBB": {
                "high": 0.03006201413123021,
                "low": 0.015647213765107616
            },
            "fracCC": {
                "high": 0.01234265716353244,
                "low": 0.010694532887348267
            },
            "fracLight": {
                "high": 0.018104582067445266,
                "low": 0.004523613776258189
            }
        },
        "ptbin2": {
            "jer": {
                "high": 0.0,
                "low": 0.0012447619893084072
            },
            "jes": {
                "high": 0.0,
                "low": 0.0010643707790392442
            },
            "stats": {
                "high": 0.011276026951889007,