{
    "tight": {
        "ptbin1": {
            "jer": {
                "high": 0.002352588856727841,
                "low": 0.0020984178348008465
            },
            "jes": {
                "high": 0.002104069130044199,
                "low": 0.0027589094855739226
            },
            "fracBB": {
                "high": 0.030362648821832938,
                "low": 0.028850534184325184
            },
            "stats": {
                "high": 0.031952694705202234,
                "low": 0.03141079070323405
            },
            "fracLight": {
                "high": 0.0020837912089668206,
                "low": 0.0
            },
            "pu": {
                "high": 0.011038869700539296,
                "low": 0.009566846247359477
            },
            "fracCC": {
                "high": 0.013804803982697601,
                "low": 0.012881888976671254
            },
            "psWeightIsr": {
                "high": 0.0008632522363531397,
                "low": 0.0
            },
            "lumi_13TeV": {
                "high": 0.0005723042868040733,
                "low": 0.0008284146085632282
            },
            "l1PreFiring": {
                "high": 0.00013623500972388396,
                "low": 0.00028541312123437794
            },
            "psWeightFsr": {
                "high": 0.005657347432658755,
                "low": 0.005313461592683111
            },
            "extSfBDTVariation": {
                "high": 0.011771322863034572,
                "low": 0.015785063643232407
            },
            "extVarRwgt": {
                "high": 0.0737995421856672,
                "low": 0.0737995421856672
            },
            "final": {
                "central": 1.0210638280408,
                "high": 0.0888123398635302,
                "low": 0.0883856820668819
            }
        },
        "ptbin2": {
            "jer": {
                "high": 0.004729174980017486,
                "low": 0.004525625671286264
            },
            "jes": {
                "high": 0.006459678084970354,
                "low": 0.006496628699951979
            },
            "fracBB": {
                "high": 0.030682963769029997,
                "low": 0.028762013109805137
            },
            "stats": {
                "high": 0.034866452437726014,
                "low": 0.034146759455676134
            },
            "fracLight": {
                "high": 0.0019206959846473047,
                "low": 0.0011633881548326862
            },
            "pu": {
                "high": 0.010807796324097533,
                "low": 0.00968944433094843
            },
            "fracCC": {
                "high": 0.011907251826261563,
                "low": 0.010902362427064109
            },
            "psWeightIsr": {
                "high": 0.004305925283532727,
                "low": 0.003831066921214637
            },
            "lumi_13TeV": {
                "high": 0.0,
                "low": 0.0006452134613904644
            },
            "l1PreFiring": {
                "high": 0.0,
                "low": 0.00012335293333935206
            },
            "psWeightFsr": {
                "high": 0.011689944863315831,
                "low": 0.009973608492845962
            },
            "extSfBDTVariation": {
                "high": 0.026192670982474124,
                "low": 0.022657217574561832
            },
            "extVarRwgt": {
                "high": 0.09250959812744819,
                "low": 0.09250959812744819
            },
            "final": {
                "central": 1.096925816205,
                "high": 0.1090074906667634,
                "low": 0.10703270094681244
            }
        },
        "ptbin3": {
            "jer": {
                "high": 0.0015246603829498226,
                "low": 0.0007147554146379931
            },
            "jes": {
                "high": 0.0,
                "low": 0.000613065770569486
            },
            "fracBB": {
                "high": 0.04689282700021143,
                "low": 0.041134975282820084
            },
            "stats": {
                "high": 0.04874930222208418,
                "low": 0.047890459248517314
            },
            "fracLight": {
                "high": 0.0005689081997064736,
                "low": 0.0020004501000896084
            },
            "pu": {
                "high": 0.011603833042525399,
                "low": 0.010900989456598262
            },
            "fracCC": {
                "high": 0.029755913980692005,
                "low": 0.025127215204608522
            },
            "psWeightIsr": {
                "high": 0.005952694042347212,
                "low": 0.005137833247563218
            },
            "lumi_13TeV": {
                "high": 0.0005997052372216072,
                "low": 0.0009799217753868883
            },
            "l1PreFiring": {
                "high": 0.0009309144535363412,
                "low": 0.001169230780181333
            },
            "psWeightFsr": {
                "high": 0.004373711941964768,
                "low": 0.003992190776768813
            },
            "extSfBDTVariation": {
                "high": 0.03853813139729169,
                "low": 0.026139786253970256
            },
            "extVarRwgt": {
                "high": 0.1418682891068367,
                "low": 0.1418682891068367
            },
            "final": {
                "central": 1.0665655160507113,
                "high": 0.1651233157180083,
                "low": 0.1599851288828239
            }
        }
    },
    "medium": {
        "ptbin1": {
            "jer": {
                "high": 0.001536844793167927,
                "low": 0.001404749494432978
            },
            "jes": {
                "high": 0.0038489437542768247,
                "low": 0.004225988319196326
            },
            "fracBB": {
                "high": 0.03569214055586008,
                "low": 0.03352437060788779
            },
            "stats": {
                "high": 0.025917315988945866,
                "low": 0.02561796127107807
            },
            "fracLight": {
                "high": 0.004958097966504651,
                "low": 0.003521033270541718
            },
            "pu": {
                "high": 0.009149237851147964,
                "low": 0.0087598932577687
            },
            "fracCC": {
                "high": 0.0175504781609313,
                "low": 0.016189682094710868
            },
            "psWeightIsr": {
                "high": 0.0035597002524382785,
                "low": 0.0026308027050640313
            },
            "lumi_13TeV": {
                "high": 0.0004637613483906954,
                "low": 0.0008834872017358781
            },
            "l1PreFiring": {
                "high": 0.0003108965736840093,
                "low": 0.00028540056353983806
            },
            "psWeightFsr": {
                "high": 0.0033683541935003816,
                "low": 0.002567786443451165
            },
            "extSfBDTVariation": {
                "high": 0.008561648758493443,
                "low": 0.013346555078745367
            },
            "extVarRwgt": {
                "high": 0.088172238443601,
                "low": 0.088172238443601
            },
            "final": {
                "central": 1.0415926639228623,
                "high": 0.10124770351271475,
                "low": 0.10058869564767099
            }
        },
        "ptbin2": {
            "jer": {
                "high": 0.0007856815804149864,
                "low": 0.0001670317628260933
            },
            "jes": {
                "high": 0.004783997288353342,
                "low": 0.004676451571026322
            },
            "fracBB": {
                "high": 0.03444076053929162,
                "low": 0.03265606813894654
            },