{
    "tight": {
        "ptbin1": {
            "jer": {
                "high": 0.004752949301652886,
                "low": 0.005275917733512347
            },
            "jes": {
                "high": 0.0004356797202331612,
                "low": 0.0032972439531086632
            },
            "stats": {
                "high": 0.022107255281438754,
                "low": 0.02491264863568965
            },
            "pu": {
                "high": 0.008064449833047778,
                "low": 0.006181028173191736
            },
            "psWeightIsr": {
                "high": 0.004555435033753529,
                "low": 0.004812089730129773
            },
            "lumi_13TeV": {
                "high": 0.0,
                "low": 0.0
            },
            "l1PreFiring": {
                "high": 0.0,
                "low": 0.0
            },
            "psWeightFsr": {
                "high": 0.0015606100377177432,
                "low": 0.0011498091010264944
            },
            "extSfBDTVariation": {
                "high": 0.026473860727963178,
                "low": 0.030413486740362317
            },
            "extVarRwgt": {
                "high": 0.003507413299274398,
                "low": 0.003507413299274398
            },
            "final": {
                "central": 0.8940207680971602,
                "high": 0.04094243029710385,
                "low": 0.04389941185342598
            },
            "fracBB": {
                "high": 0.01594452209000158,
                "low": 0.013154312751932589
            },
            "fracCC": {
                "high": 0.010430436052422536,
                "low": 0.009719853785358988
            },
            "fracLight": {
                "high": 0.0006410574893728629,
                "low": 0.0006025455156833474
            }
        },
        "ptbin2": {
            "jer": {
                "high": 0.0018230202783855382,
                "low": 0.0018854441131780353
            },
            "jes": {
                "high": 0.0035470810578229184,
                "low": 0.004010472437958758
            },
            "stats": {
                "high": 0.0175015988736007,
                "low": 0.01883939015405256
            },
            "pu": {
                "high": 0.005684793643070483,
                "low": 0.006121512351350344
            },
            "psWeightIsr": {
                "high": 0.004499165921771959,
                "low": 0.004363870346279287
            },
            "lumi_13TeV": {
                "high": 0.0006564538572126097,
                "low": 0.00039790976343637553
            },
            "l1PreFiring": {
                "high": 0.0,
                "low": 0.0
            },
            "psWeightFsr": {
                "high": 0.006223792873309555,
                "low": 0.0056156505684568404
            },
            "extSfBDTVariation": {
                "high": 0.026549529956533452,
                "low": 0.022163361293150687
            },
            "extVarRwgt": {
                "high": 0.033342449345170944,
                "low": 0.033342449345170944
            },
            "final": {
                "central": 0.9639459823617117,
                "high": 0.0503555209809706,
                "low": 0.0478102151372245
            },
            "fracBB": {
                "high": 0.016256307745227187,
                "low": 0.01360151208393298
            },
            "fracCC": {
                "high": 0.006389930374323886,
                "low": 0.0059299660442387134
            },
            "fracLight": {
                "high": 0.00021498853351582044,
                "low": 0.0
            }
        },
        "ptbin3": {
            "jer": {
                "high": 0.0018050060151678735,
                "low": 0.001129182428849479
            },
            "jes": {
                "high": 0.0033748645541703823,
                "low": 0.003181480515300638
            },
            "stats": {
                "high": 0.019239229842651917,
                "low": 0.018894303759991904
            },
            "pu": {
                "high": 0.0018598035182681447,
                "low": 0.002064235946109636
            },
            "psWeightIsr": {
                "high": 0.0030234014752406613,
                "low": 0.0033387048239422413
            },
            "lumi_13TeV": {
                "high": 0.00023066934126784363,
                "low": 0.0004243187837513362
            },
            "l1PreFiring": {
                "high": 0.0,
                "low": 0.0
            },
            "psWeightFsr": {
                "high": 0.0021950007774310994,
                "low": 0.0022200050399393324
            },
            "extSfBDTVariation": {
                "high": 0.023256882226063095,
                "low": 0.02982108580943203
            },
            "extVarRwgt": {
                "high": 0.012337480395674616,
                "low": 0.012337480395674616
            },
            "final": {
                "central": 0.8944602357930767,
                "high": 0.036757503960928035,
                "low": 0.04079293903529703
            },
            "fracBB": {
                "high": 0.014466115566070503,
                "low": 0.013813348850831776
            },
            "fracCC": {
                "high": 0.006776898727233505,
                "low": 0.006519832025172488
            },
            "fracLight": {
                "high": 0.0007459647041105462,
                "low": 0.0005730646622546234
            }
        }
    },
    "medium": {
        "ptbin1": {
            "jer": {
                "high": 0.003006445729744902,
                "low": 0.002574698100808935
            },
            "jes": {
                "high": 0.0,
                "low": 7.502621695879882e-05
            },
            "stats": {
                "high": 0.0206287344868612,
                "low": 0.020417101432627094
            },
            "pu": {
                "high": 0.0004576327257031995,
                "low": 7.815521561409677e-05
            },
            "psWeightIsr": {
                "high": 0.001341359795017454,
                "low": 0.0015023650241847235
            },
            "lumi_13TeV": {
                "high": 0.0006671043733464633,
                "low": 0.0003812118626686438
            },
            "l1PreFiring": {
                "high": 0.0,
                "low": 0.0
            },
            "psWeightFsr": {
                "high": 0.001958443284402953,
                "low": 0.002214354171430711
            },
            "extSfBDTVariation": {
                "high": 0.027785317645070865,
                "low": 0.03125940250321527
            },
            "extVarRwgt": {
                "high": 0.02228525456442132,
                "low": 0.02228525456442132
            },
            "final": {
                "central": 0.8790948780905049,
                "high": 0.04463721392930431,
                "low": 0.0465492372130407
            },
            "fracBB": {
                "high": 0.013133270126760157,
                "low": 0.012626738477076958
            },
            "fracCC": {
                "high": 0.010430488311144128,
                "low": 0.010090551244768795
            },
            "fracLight": {
                "high": 0.0013011930203268786,
                "low": 0.0009951353309643168
            }
        },
        "ptbin2": {
            "jer": {
                "high": 0.0007016334277410665,
                "low": 0.000732548567027932
            },
            "jes": {
                "high": 0.001441610302639142,
                "low": 0.0016700464258570448
            },
            "stats": {
                "high": 0.015811413156351484,
                "low": 0.015612914060947558
            },
            "pu": {
                "high": 0.00645794995138902,