{
    "tight": {
        "ptbin1": {
            "jer": {
                "high": 0.0013497687221251033,
                "low": 0.001361041498530627
            },
            "jes": {
                "high": 0.002573333015667953,
                "low": 0.0023037807028408854
            },
            "stats": {
                "high": 0.031213059783441688,
                "low": 0.02984770448754559
            },
            "pu": {
                "high": 0.013284488367536961,
                "low": 0.01262117191657201
            },
            "psWeightIsr": {
                "high": 0.010808621150088139,
                "low": 0.009425309625485627
            },
            "lumi_13TeV": {
                "high": 0.0,
                "low": 0.0003974441237262841
            },
            "l1PreFiring": {
                "high": 0.0012331692487705579,
                "low": 0.0013129006254891512
            },
            "psWeightFsr": {
                "high": 0.012209370521328682,
                "low": 0.011035633372394252
            },
            "extSfBDTVariation": {
                "high": 0.030853307325003694,
                "low": 0.025908712604291565
            },
            "extVarRwgt": {
                "high": 0.01555140747806516,
                "low": 0.01555140747806516
            },
            "final": {
                "central": 1.0206430843941012,
                "high": 0.05777212588560599,
                "low": 0.053259543592303026
            },
            "fracBB": {
                "high": 0.021587488647620362,
                "low": 0.021078982435950782
            },
            "fracCC": {
                "high": 0.01581498976677146,
                "low": 0.014451371651349193
            },
            "fracLight": {
                "high": 0.0011451114844203563,
                "low": 0.0006804840910705429
            }
        },
        "ptbin2": {
            "jer": {
                "high": 0.0030628516227112186,
                "low": 0.0029284067575309236
            },
            "jes": {
                "high": 0.0032204955679621364,
                "low": 0.002867043614105298
            },
            "stats": {
                "high": 0.030089218162942633,
                "low": 0.02922195084658563
            },
            "pu": {
                "high": 0.005707131628638803,
                "low": 0.005251366727500924
            },
            "psWeightIsr": {
                "high": 0.005540760489871626,
                "low": 0.005459487226493319
            },
            "lumi_13TeV": {
                "high": 0.0004116016033569776,
                "low": 0.0007878413675966545
            },
            "l1PreFiring": {
                "high": 0.00016497736335595786,
                "low": 0.0003344991471402523
            },
            "psWeightFsr": {
                "high": 0.018803402272362844,
                "low": 0.016530516531061693
            },
            "extSfBDTVariation": {
                "high": 0.043998225850472424,
                "low": 0.033131024697560116
            },
            "extVarRwgt": {
                "high": 0.04221448053371235,
                "low": 0.04221448053371235
            },
            "final": {
                "central": 1.020937881345112,
                "high": 0.07609598146763043,
                "low": 0.0687332186251932
            },
            "fracBB": {
                "high": 0.020623379568895577,
                "low": 0.019580550511628346
            },
            "fracCC": {
                "high": 0.017443699734370162,
                "low": 0.016077777137350938
            },
            "fracLight": {
                "high": 0.0009674995883647597,
                "low": 0.0007375446093274887
            }
        },
        "ptbin3": {
            "jer": {
                "high": 0.005868192913343253,
                "low": 0.006391725722086767
            },
            "jes": {
                "high": 0.010184400581298969,
                "low": 0.008056935280003698
            },
            "stats": {
                "high": 0.048410365364007335,
                "low": 0.04694442014512834
            },
            "pu": {
                "high": 0.006888902565893395,
                "low": 0.0062653985042394385
            },
            "psWeightIsr": {
                "high": 0.007245938474148932,
                "low": 0.00617275575070321
            },
            "lumi_13TeV": {
                "high": 0.0002675790908194983,
                "low": 0.0009202145150759081
            },
            "l1PreFiring": {
                "high": 0.0009760497205824818,
                "low": 0.0011744491881565257
            },
            "psWeightFsr": {
                "high": 0.010860430958983123,
                "low": 0.009624632537254596
            },
            "extSfBDTVariation": {
                "high": 0.04432544503349424,
                "low": 0.034202521542004344
            },
            "extVarRwgt": {
                "high": 0.11200880649560441,
                "low": 0.11200880649560441
            },
            "final": {
                "central": 1.1237737961468384,
                "high": 0.14133112004294307,
                "low": 0.13545352656716372
            },
            "fracBB": {
                "high": 0.03533473331135272,
                "low": 0.03242573708833272
            },
            "fracCC": {
                "high": 0.03892684163829943,
                "low": 0.033120163614278504
            },
            "fracLight": {
                "high": 0.0,
                "low": 0.0013169008489258525
            }
        }
    },
    "medium": {
        "ptbin1": {
            "jer": {
                "high": 0.004638227051969101,
                "low": 0.004412957054468997
            },
            "jes": {
                "high": 0.0025257777984249432,
                "low": 0.002695281282150472
            },
            "stats": {
                "high": 0.025417913602181708,
                "low": 0.024908755381129355
            },
            "pu": {
                "high": 0.010827491360795362,
                "low": 0.010522958952661005
            },
            "psWeightIsr": {
                "high": 0.006835277387860334,
                "low": 0.006699821033322198
            },
            "lumi_13TeV": {
                "high": 0.0002542720736080172,
                "low": 0.0007026436481081172
            },
            "l1PreFiring": {
                "high": 0.0012183477390774944,
                "low": 0.0013293019082634108
            },
            "psWeightFsr": {
                "high": 0.0196742033129957,
                "low": 0.017113923535335262
            },
            "extSfBDTVariation": {
                "high": 0.027594577891723114,
                "low": 0.02524531410325226
            },
            "extVarRwgt": {
                "high": 0.01956959538186198,
                "low": 0.01956959538186198
            },
            "final": {
                "central": 1.0260170376728246,
                "high": 0.05820435575339013,
                "low": 0.054603871510893985
            },
            "fracBB": {
                "high": 0.024374711761873898,
                "low": 0.023051945863402964
            },
            "fracCC": {
                "high": 0.020185354351605567,
                "low": 0.017947340085598236
            },
            "fracLight": {
                "high": 0.003898744575012649,
                "low": 0.00313630179302962
            }
        },
        "ptbin2": {
            "jer": {
                "high": 0.0027500032476462824,
                "low": 0.002491312489350199
            },
            "jes": {
                "high": 0.0006347741561614044,
                "low": 0.0006324218860565939
            },
            "stats": {
                "high": 0.024744378109564202,