{
    "tight": {
        "ptbin1": {
            "jer": {
                "high": 0.0025926174573871713,
                "low": 0.0026494891640047326
            },
            "jes": {
                "high": 0.0009229807702649908,
                "low": 0.00762916195092922
            },
            "stats": {
                "high": 0.031249817181651096,
                "low": 0.0305224845387434
            },
            "pu": {
                "high": 0.01070239297398474,
                "low": 0.009724115776845562
            },
            "psWeightIsr": {
                "high": 0.004320822757786685,
                "low": 0.0035451706882686797
            },
            "lumi_13TeV": {
                "high": 0.0004358355175369663,
                "low": 0.000837822595113232
            },
            "l1PreFiring": {
                "high": 1.9802392434133002e-05,
                "low": 0.0
            },
            "psWeightFsr": {
                "high": 0.005380497124359516,
                "low": 0.0048997029350817045
            },
            "extSfBDTVariation": {
                "high": 0.012187868535813455,
                "low": 0.01932641555208044
            },
            "extVarRwgt": {
                "high": 0.06160980754938039,
                "low": 0.06160980754938039
            },
            "final": {
                "central": 1.005858586814162,
                "high": 0.07631891074275253,
                "low": 0.07669443605714335
            },
            "fracBB": {
                "high": 0.020634464231118938,
                "low": 0.018367476819960586
            },
            "fracCC": {
                "high": 0.017289995363053007,
                "low": 0.015598136026388498
            },
            "fracLight": {
                "high": 0.0030104993109385724,
                "low": 0.0018702053870943384
            }
        },
        "ptbin2": {
            "jer": {
                "high": 0.003426651696962919,
                "low": 0.0
            },
            "jes": {
                "high": 0.007554646804280524,
                "low": 0.008343507262473867
            },
            "stats": {
                "high": 0.03457453017249423,
                "low": 0.03492918302987169
            },
            "pu": {
                "high": 0.010815805495356977,
                "low": 0.010740637055336085
            },
            "psWeightIsr": {
                "high": 0.007760901049033626,
                "low": 0.007911527439775941
            },
            "lumi_13TeV": {
                "high": 0.00018146708828212284,
                "low": 0.0011554549248992006
            },
            "l1PreFiring": {
                "high": 0.0002575410680181634,
                "low": 0.00048803078071435674
            },
            "psWeightFsr": {
                "high": 0.011731932997010638,
                "low": 0.01017343523267927
            },
            "extSfBDTVariation": {
                "high": 0.02459763052110103,
                "low": 0.01915376436755493
            },
            "extVarRwgt": {
                "high": 0.07064050856332615,
                "low": 0.07064050856332615
            },
            "final": {
                "central": 1.0834230833746565,
                "high": 0.08946233082461086,
                "low": 0.08698802600761661
            },
            "fracBB": {
                "high": 0.022522885923605074,
                "low": 0.019190439198739757
            },
            "fracCC": {
                "high": 0.01784570502856099,
                "low": 0.016241167917961263
            },
            "fracLight": {
                "high": 0.0018629736828823004,
                "low": 0.0024655966260890894
            }
        },
        "ptbin3": {
            "jer": {
                "high": 0.001145089420547783,
                "low": 0.001301410832642208
            },
            "jes": {
                "high": 0.004262973855098591,
                "low": 0.006197506223142296
            },
            "stats": {
                "high": 0.04885426096620149,
                "low": 0.0438622375070048
            },
            "pu": {
                "high": 0.012853184680763439,
                "low": 0.003354422532964687
            },
            "psWeightIsr": {
                "high": 0.002026748328361083,
                "low": 0.001714191138275394
            },
            "lumi_13TeV": {
                "high": 0.0009980047090307205,
                "low": 0.0007781594605132188
            },
            "l1PreFiring": {
                "high": 0.0010354532908714977,
                "low": 0.0008318255244514014
            },
            "psWeightFsr": {
                "high": 0.006382526838644493,
                "low": 0.006123055965662769
            },
            "extSfBDTVariation": {
                "high": 0.0458076089594108,
                "low": 0.03461614612997347
            },
            "extVarRwgt": {
                "high": 0.13389098765751095,
                "low": 0.13389098765751095
            },
            "final": {
                "central": 1.0690342137656177,
                "high": 0.15889454262050087,
                "low": 0.15244895590003893
            },
            "fracBB": {
                "high": 0.03621673234930362,
                "low": 0.036852022833368525
            },
            "fracCC": {
                "high": 0.03557494620125161,
                "low": 0.026219568621475405
            },
            "fracLight": {
                "high": 0.005174328884202332,
                "low": 0.007286571618473986
            }
        }
    },
    "medium": {
        "ptbin1": {
            "jer": {
                "high": 0.001721306906717806,
                "low": 0.001648831391232289
            },
            "jes": {
                "high": 0.003307601766690579,
                "low": 0.0031999412950509333
            },
            "stats": {
                "high": 0.025476399831765084,
                "low": 0.025161765877122377
            },
            "pu": {
                "high": 0.008773102769621306,
                "low": 0.008387703342031165
            },
            "psWeightIsr": {
                "high": 0.0061409278957630115,
                "low": 0.0059777216288042535
            },
            "lumi_13TeV": {
                "high": 0.0004558063644178707,
                "low": 0.0008258507933482784
            },
            "l1PreFiring": {
                "high": 0.0,
                "low": 0.00013797602726765032
            },
            "psWeightFsr": {
                "high": 0.0029618302138304056,
                "low": 0.002369867942846287
            },
            "extSfBDTVariation": {
                "high": 0.009796980604154579,
                "low": 0.01555243622704767
            },
            "extVarRwgt": {
                "high": 0.07229071454401903,
                "low": 0.07229071454401903
            },
            "final": {
                "central": 1.0281179782559375,
                "high": 0.08537449908329192,
                "low": 0.08498145563655977
            },
            "fracBB": {
                "high": 0.025113280890855797,
                "low": 0.023390582140665448
            },
            "fracCC": {
                "high": 0.022736896494081643,
                "low": 0.020669590787379618
            },
            "fracLight": {
                "high": 0.005713002095170765,
                "low": 0.004603695093932242
            }
        },
        "ptbin2": {
            "jer": {
                "high": 0.0,
                "low": 0.0004677632576444056
            },
            "jes": {
                "high": 0.0010349294940035856,
                "low": 0.0011820481723398067
            },
            "stats": {
                "high": 0.027072166874733572,
                "low": 0.026726324861759965
            },