{
    "tight": {
        "ptbin1": {
            "jer": {
                "high": 0.0025654994021641034,
                "low": 0.002803115899670644
            },
            "jes": {
                "high": 0.0007823024450059053,
                "low": 0.001377884294875777
            },
            "fracBB": {
                "high": 0.030715161567918273,
                "low": 0.029448298168877007
            },
            "stats": {
                "high": 0.031527475412169714,
                "low": 0.030428548759937613
            },
            "fracLight": {
                "high": 0.00011968794944568571,
                "low": 0.0008729734499018525
            },
            "pu": {
                "high": 0.012852730448034791,
                "low": 0.011861592427051336
            },
            "fracCC": {
                "high": 0.014548557847554267,
                "low": 0.013479398829274142
            },
            "psWeightIsr": {
                "high": 0.00896905956759939,
                "low": 0.00728690009886749
            },
            "lumi_13TeV": {
                "high": 0.0,
                "low": 0.000506672450322149
            },
            "l1PreFiring": {
                "high": 0.0,
                "low": 0.0
            },
            "psWeightFsr": {
                "high": 0.016084875100697053,
                "low": 0.014961773444404068
            },
            "extSfBDTVariation": {
                "high": 0.03620049749011427,
                "low": 0.034145097822195984
            },
            "extVarRwgt": {
                "high": 0.027551997852554244,
                "low": 0.027551997852554244
            },
            "final": {
                "central": 1.0353187068704066,
                "high": 0.06877552411824708,
                "low": 0.0657888919467523
            }
        },
        "ptbin2": {
            "jer": {
                "high": 0.0054958216094621055,
                "low": 0.0057681257709515845
            },
            "jes": {
                "high": 0.0015595495067322917,
                "low": 0.0016973479426184938
            },
            "fracBB": {
                "high": 0.030831079869565563,
                "low": 0.02911856367535782
            },
            "stats": {
                "high": 0.03117927844868107,
                "low": 0.030302231058326745
            },
            "fracLight": {
                "high": 0.0010016188311706771,
                "low": 0.00040717738692577885
            },
            "pu": {
                "high": 0.0072361109266032226,
                "low": 0.006684241860670714
            },
            "fracCC": {
                "high": 0.01275192124131935,
                "low": 0.011816674621016364
            },
            "psWeightIsr": {
                "high": 0.003766258892214391,
                "low": 0.003098633401575646
            },
            "lumi_13TeV": {
                "high": 0.0002700972854304384,
                "low": 0.0007326154138890167
            },
            "l1PreFiring": {
                "high": 0.0007456986824716119,
                "low": 0.000578895439115718
            },
            "psWeightFsr": {
                "high": 0.018217482479808138,
                "low": 0.01610772087576413
            },
            "extSfBDTVariation": {
                "high": 0.04994704109876165,
                "low": 0.03610723655199997
            },
            "extVarRwgt": {
                "high": 0.06433298808805388,
                "low": 0.06433298808805388
            },
            "final": {
                "central": 1.0560487317543938,
                "high": 0.09566318958289953,
                "low": 0.0877447710017754
            }
        },
        "ptbin3": {
            "jer": {
                "high": 0.0018056345496791323,
                "low": 0.0018983937308959585
            },
            "jes": {
                "high": 0.004634708637363704,
                "low": 0.00453261331367393
            },
            "fracBB": {
                "high": 0.049903258470795166,
                "low": 0.045497676846313485
            },
            "stats": {
                "high": 0.04958137216101077,
                "low": 0.048360975209111645
            },
            "fracLight": {
                "high": 0.0,
                "low": 0.00241321773630376
            },
            "pu": {
                "high": 0.007336379197617905,
                "low": 0.006298840539887499
            },
            "fracCC": {
                "high": 0.03395280523282158,
                "low": 0.030763141044734918
            },
            "psWeightIsr": {
                "high": 0.006617366668838546,
                "low": 0.005019774252054896
            },
            "lumi_13TeV": {
                "high": 0.00016293663769750656,
                "low": 0.0008596394574095381
            },
            "l1PreFiring": {
                "high": 0.0008039609069384962,
                "low": 0.000954492071902296
            },
            "psWeightFsr": {
                "high": 0.008425308081909272,
                "low": 0.007516114578067851
            },
            "extSfBDTVariation": {
                "high": 0.03662283046783946,
                "low": 0.013900439962866521
            },
            "extVarRwgt": {
                "high": 0.12454011998425574,
                "low": 0.12454011998425574
            },
            "final": {
                "central": 1.1420810188820119,
                "high": 0.152138727111642,
                "low": 0.14564218045121077
            }
        }
    },
    "medium": {
        "ptbin1": {
            "jer": {
                "high": 0.002758257887644691,
                "low": 0.0026326340141384864
            },
            "jes": {
                "high": 0.0006107386251962211,
                "low": 8.407900313621239e-05
            },
            "fracBB": {
                "high": 0.04463256791395209,
                "low": 0.033242078303792943
            },
            "stats": {
                "high": 0.02573775509702636,
                "low": 0.025263535558982975
            },
            "fracLight": {
                "high": 0.009548565587545141,
                "low": 0.003294913586354942
            },
            "pu": {
                "high": 0.011754893831372397,
                "low": 0.011311590431572384
            },
            "fracCC": {
                "high": 0.014187288500441774,
                "low": 0.013887026824583846
            },
            "psWeightIsr": {
                "high": 0.010732689227600237,
                "low": 0.0055827758215437765
            },
            "lumi_13TeV": {
                "high": 0.0,
                "low": 0.0006246559279237207
            },
            "l1PreFiring": {
                "high": 0.00027191150965132825,
                "low": 8.113334502624e-05
            },
            "psWeightFsr": {
                "high": 0.018363643178346503,
                "low": 0.017348905988347
            },
            "extSfBDTVariation": {
                "high": 0.009146915768627306,
                "low": 0.03086293481763914
            },
            "extVarRwgt": {
                "high": 0.026454651736261825,
                "low": 0.026454651736261825
            },
            "final": {
                "central": 1.03230380913037,
                "high": 0.06579581033539579,
                "low": 0.06377143501792466
            }
        },
        "ptbin2": {
            "jer": {
                "high": 0.008001452111082087,
                "low": 0.009729455575629814
            },
            "jes": {
                "high": 0.002690135821715361,
                "low": 0.0027428300119419526
            },
            "fracBB": {
                "high": 0.032744634908614574,
                "low": 0.031246137948123993
            },