{
    "tight": {
        "ptbin1": {
            "jer": {
                "high": 0.00648872805469526,
                "low": 0.005440264323067038
            },
            "jes": {
                "high": 0.003559760536647867,
                "low": 0.0035749364160956513
            },
            "fracBB": {
                "high": 0.021623919740107588,
                "low": 0.02129804197119132
            },
            "stats": {
                "high": 0.02298723351529397,
                "low": 0.019806501859523706
            },
            "fracLight": {
                "high": 0.003341842468374931,
                "low": 0.003339666787797128
            },
            "pu": {
                "high": 0.004768284128640468,
                "low": 0.005453441219269151
            },
            "fracCC": {
                "high": 0.009509144169730643,
                "low": 0.008800116002533243
            },
            "psWeightIsr": {
                "high": 0.00016675198018825096,
                "low": 0.0003334462528720165
            },
            "lumi_13TeV": {
                "high": 0.0007406478981557316,
                "low": 0.0010749666832381675
            },
            "l1PreFiring": {
                "high": 0.0005554244033478418,
                "low": 0.0008872416316303355
            },
            "psWeightFsr": {
                "high": 0.002668327017496196,
                "low": 0.004228111387976079
            },
            "extSfBDTVariation": {
                "high": 0.013874545944234925,
                "low": 0.01824120454208533
            },
            "extVarRwgt": {
                "high": 0.05044341927676699,
                "low": 0.05044341927676699
            },
            "final": {
                "central": 0.8935257193189616,
                "high": 0.062611156899369,
                "low": 0.062480614160866296
            }
        },
        "ptbin2": {
            "jer": {
                "high": 0.0007901256698770364,
                "low": 0.0008900805379266304
            },
            "jes": {
                "high": 0.002045614960812935,
                "low": 0.0021021164126866798
            },
            "fracBB": {
                "high": 0.01847659688292833,
                "low": 0.01817218690679979
            },
            "stats": {
                "high": 0.01495093357280608,
                "low": 0.014517750862059864
            },
            "fracLight": {
                "high": 0.0008476390705202478,
                "low": 0.00029428604805656637
            },
            "pu": {
                "high": 0.004129822677482764,
                "low": 0.003999027482992442
            },
            "fracCC": {
                "high": 0.008316434144818623,
                "low": 0.0077716989565759665
            },
            "psWeightIsr": {
                "high": 0.00032906496007036664,
                "low": 0.0003179142155630041
            },
            "lumi_13TeV": {
                "high": 0.0005644951227578398,
                "low": 0.0007364909261963397
            },
            "l1PreFiring": {
                "high": 0.0014601191678341302,
                "low": 0.0014710558788012655
            },
            "psWeightFsr": {
                "high": 0.0015378678960724108,
                "low": 0.0014203375525751254
            },
            "extSfBDTVariation": {
                "high": 0.021035919667425785,
                "low": 0.02299747709935784
            },
            "extVarRwgt": {
                "high": 0.03777807290489299,
                "low": 0.03777807290489299
            },
            "final": {
                "central": 0.9072100292842183,
                "high": 0.05031180302120603,
                "low": 0.05082887300975674
            }
        },
        "ptbin3": {
            "jer": {
                "high": 0.0022067477589996676,
                "low": 0.0015694568203210733
            },
            "jes": {
                "high": 0.0006729114183688576,
                "low": 0.0006894692375094401
            },
            "fracBB": {
                "high": 0.01928917429568059,
                "low": 0.017015248853234754
            },
            "stats": {
                "high": 0.01753227870604923,
                "low": 0.017585418978181222
            },
            "fracLight": {
                "high": 0.0011630705780728856,
                "low": 0.0019396986858319022
            },
            "pu": {
                "high": 0.002490988340933221,
                "low": 0.0013387042998618786
            },
            "fracCC": {
                "high": 0.006349517305865356,
                "low": 0.005761336309446678
            },
            "psWeightIsr": {
                "high": 0.0007682795112179148,
                "low": 0.00045471860504746597
            },
            "lumi_13TeV": {
                "high": 0.0007247330913374974,
                "low": 0.0006529309126450829
            },
            "l1PreFiring": {
                "high": 0.0006812580127929891,
                "low": 0.00046230594485804644
            },
            "psWeightFsr": {
                "high": 0.001416062160167071,
                "low": 0.001539955350092531
            },
            "extSfBDTVariation": {
                "high": 0.020249872557694056,
                "low": 0.02371546878369795
            },
            "extVarRwgt": {
                "high": 0.010304220503507766,
                "low": 0.010304220503507766
            },
            "final": {
                "central": 0.9272805403677592,
                "high": 0.03539023661910909,
                "low": 0.036225273909933346
            }
        }
    },
    "medium": {
        "ptbin1": {
            "jer": {
                "high": 0.0020587170892655843,
                "low": 0.0018711537044567303
            },
            "jes": {
                "high": 0.004867497574911191,
                "low": 0.002661599127010291
            },
            "fracBB": {
                "high": 0.019262503812930005,
                "low": 0.02182988226677223
            },
            "stats": {
                "high": 0.021371450248696244,
                "low": 0.01619184531522666
            },
            "fracLight": {
                "high": 0.0032702123815935924,
                "low": 0.004925858029565564
            },
            "pu": {
                "high": 0.0037330385434751153,
                "low": 0.004398353703137529
            },
            "fracCC": {
                "high": 0.008825175063379135,
                "low": 0.00852031554656538
            },
            "psWeightIsr": {
                "high": 0.0,
                "low": 0.00024222471205538468
            },
            "lumi_13TeV": {
                "high": 0.0007516806631373001,
                "low": 0.0008129250203270025
            },
            "l1PreFiring": {
                "high": 0.00042820426918146543,
                "low": 0.0006523003850020712
            },
            "psWeightFsr": {
                "high": 0.000903478103010759,
                "low": 0.0016953116782659216
            },
            "extSfBDTVariation": {
                "high": 0.016318502488139156,
                "low": 0.02473410174041231
            },
            "extVarRwgt": {
                "high": 0.05046385697877598,
                "low": 0.05046385697877598
            },
            "final": {
                "central": 0.9080260505665455,
                "high": 0.06142102349164887,
                "low": 0.06346578651280009
            }
        },
        "ptbin2": {
            "jer": {
                "high": 0.0007789934887253126,
                "low": 0.000888720849166821
            },
            "jes": {
                "high": 0.0021824980543864595,
                "low": 0.0022742923545160027
            },