{
    "tight": {
        "ptbin1": {
            "jer": {
                "high": 0.002971743609236157,
                "low": 0.0027928645505404387
            },
            "jes": {
                "high": 0.002791854205670039,
                "low": 0.002939535323074784
            },
            "fracBB": {
                "high": 0.017818754032871302,
                "low": 0.016808715419565
            },
            "stats": {
                "high": 0.028836963150308148,
                "low": 0.02829183091397991
            },
            "fracLight": {
                "high": 0.0,
                "low": 0.0008699802881385472
            },
            "pu": {
                "high": 0.006830256301134514,
                "low": 0.00673582697130904
            },
            "fracCC": {
                "high": 0.009887997432214588,
                "low": 0.00889178932254895
            },
            "psWeightIsr": {
                "high": 0.0026151324460323873,
                "low": 0.0022013590198122685
            },
            "lumi_13TeV": {
                "high": 0.0003092812698263224,
                "low": 0.0005785831415654381
            },
            "l1PreFiring": {
                "high": 0.0,
                "low": 0.0
            },
            "psWeightFsr": {
                "high": 0.0024454390318267827,
                "low": 0.0011848864691427945
            },
            "extSfBDTVariation": {
                "high": 0.03200440740242829,
                "low": 0.028933957444593778
            },
            "extVarRwgt": {
                "high": 0.017700790123786114,
                "low": 0.017700790123786114
            },
            "final": {
                "central": 0.865019603116931,
                "high": 0.05158141603951587,
                "low": 0.048802359361230056
            }
        },
        "ptbin2": {
            "jer": {
                "high": 0.001126015329040387,
                "low": 0.0011321311197492407
            },
            "jes": {
                "high": 0.002677928886211296,
                "low": 0.0028342920642171615
            },
            "fracBB": {
                "high": 0.01885340188341608,
                "low": 0.017957073567510418
            },
            "stats": {
                "high": 0.023689835707999984,
                "low": 0.023220727858076495
            },
            "fracLight": {
                "high": 0.0008847452366629709,
                "low": 0.0010760172420912015
            },
            "pu": {
                "high": 0.007160713962167708,
                "low": 0.007063630074204065
            },
            "fracCC": {
                "high": 0.006612368277551739,
                "low": 0.0062517992574083235
            },
            "psWeightIsr": {
                "high": 0.0026512292387922023,
                "low": 0.0023701011301751726
            },
            "lumi_13TeV": {
                "high": 0.000487177680413435,
                "low": 0.0007283775204163523
            },
            "l1PreFiring": {
                "high": 0.0,
                "low": 0.0
            },
            "psWeightFsr": {
                "high": 0.004425416123004704,
                "low": 0.003910647613761067
            },
            "extSfBDTVariation": {
                "high": 0.02850925211016299,
                "low": 0.029265368190008762
            },
            "extVarRwgt": {
                "high": 0.06387629736609524,
                "low": 0.06387629736609524
            },
            "final": {
                "central": 0.9712802737757616,
                "high": 0.07707587036435948,
                "low": 0.07693630821054485
            }
        },
        "ptbin3": {
            "jer": {
                "high": 0.001171675706075024,
                "low": 0.0012347523579282805
            },
            "jes": {
                "high": 0.00026211115681608495,
                "low": 0.0002761408295505314
            },
            "fracBB": {
                "high": 0.02127196169594351,
                "low": 0.020011387164593462
            },
            "stats": {
                "high": 0.0230372026931851,
                "low": 0.02270196155792259
            },
            "fracLight": {
                "high": 0.001127222572070882,
                "low": 0.000889662800380284
            },
            "pu": {
                "high": 0.0022281324710738547,
                "low": 0.002272779559136377
            },
            "fracCC": {
                "high": 0.00785251948799995,
                "low": 0.0074130113776897716
            },
            "psWeightIsr": {
                "high": 0.0004683944682544077,
                "low": 0.0001246013724150144
            },
            "lumi_13TeV": {
                "high": 0.0005539352025131598,
                "low": 0.0006621194348017245
            },
            "l1PreFiring": {
                "high": 0.0,
                "low": 0.0
            },
            "psWeightFsr": {
                "high": 0.0029264476883061135,
                "low": 0.0027919588042532783
            },
            "extSfBDTVariation": {
                "high": 0.022560981249829432,
                "low": 0.030702081308595634
            },
            "extVarRwgt": {
                "high": 0.04322201533717962,
                "low": 0.04322201533717962
            },
            "final": {
                "central": 0.9131023131810873,
                "high": 0.058641100555035526,
                "low": 0.061622679871780786
            }
        }
    },
    "medium": {
        "ptbin1": {
            "jer": {
                "high": 0.0012171499350596272,
                "low": 0.0015723775371612521
            },
            "jes": {
                "high": 0.0005846720147650094,
                "low": 0.000312499406497609
            },
            "fracBB": {
                "high": 0.018832420463402635,
                "low": 0.018136555500608706
            },
            "stats": {
                "high": 0.022567314528008087,
                "low": 0.022273688489377386
            },
            "fracLight": {
                "high": 0.0012437813260216118,
                "low": 0.0007552499265938886
            },
            "pu": {
                "high": 0.0006632971811893225,
                "low": 0.0
            },
            "fracCC": {
                "high": 0.011078168469546434,
                "low": 0.010466116290866169
            },
            "psWeightIsr": {
                "high": 0.00031917957531157394,
                "low": 0.00010310708727714166
            },
            "lumi_13TeV": {
                "high": 0.0005117988421436443,
                "low": 0.0007791256862156327
            },
            "l1PreFiring": {
                "high": 0.0,
                "low": 0.00018754130804089536
            },
            "psWeightFsr": {
                "high": 0.002538729205329004,
                "low": 0.0027597961390658913
            },
            "extSfBDTVariation": {
                "high": 0.029738968895357144,
                "low": 0.03528448700292009
            },
            "extVarRwgt": {
                "high": 0.032024960125494384,
                "low": 0.032024960125494384
            },
            "final": {
                "central": 0.8474387071372876,
                "high": 0.053918276591743204,
                "low": 0.05671470860831967
            }
        },
        "ptbin2": {
            "jer": {
                "high": 0.001220357865356819,
                "low": 0.0013058625359607706
            },
            "jes": {
                "high": 0.0012107529788576213,
                "low": 0.001417525122681837
            },
            "fracBB": {
                "high": 0.020435515172968616,
                "low": 0.019690302310383247
            },