{
    "tight": {
        "ptbin1": {
            "jer": {
                "high": 0.01289203123578642,
                "low": 0.007858935610250032
            },
            "jes": {
                "high": 0.011169117884626252,
                "low": 0.00268410588521147
            },
            "stats": {
                "high": 0.15245348776148648,
                "low": 0.125717774066197
            },
            "pu": {
                "high": 0.009569064781832668,
                "low": 0.011169296718336746
            },
            "psWeightIsr": {
                "high": 0.007841804238896348,
                "low": 0.011580394372554129
            },
            "lumi_13TeV": {
                "high": 0.0019024446535851436,
                "low": 0.0016935656378833381
            },
            "l1PreFiring": {
                "high": 0.00034823191760826363,
                "low": 0.0012208640163661633
            },
            "psWeightFsr": {
                "high": 0.010353517300157662,
                "low": 0.016864847192443626
            },
            "extSfBDTVariation": {
                "high": 0.14462411367904654,
                "low": 0.10279630937507599
            },
            "extVarRwgt": {
                "high": 0.13459472472496548,
                "low": 0.13459472472496548
            },
            "final": {
                "central": 0.919475470947759,
                "high": 0.25774235938268714,
                "low": 0.21788329737677012
            },
            "fracBB": {
                "high": 0.013143835778084685,
                "low": 0.009104225049134334
            },
            "fracCC": {
                "high": 0.03885166503798277,
                "low": 0.03141073164051896
            },
            "fracLight": {
                "high": 0.043818043923141446,
                "low": 0.03604473162717636
            }
        },
        "ptbin2": {
            "jer": {
                "high": 0.009717180041783855,
                "low": 0.007905912013420707
            },
            "jes": {
                "high": 0.012028034658447604,
                "low": 0.019350094919264125
            },
            "stats": {
                "high": 0.09528408667299804,
                "low": 0.0995950516984091
            },
            "pu": {
                "high": 0.0008363169777801051,
                "low": 0.002498954644834054
            },
            "psWeightIsr": {
                "high": 0.015946656688521625,
                "low": 0.02502479570900946
            },
            "lumi_13TeV": {
                "high": 0.002790440621254432,
                "low": 0.004418954974750953
            },
            "l1PreFiring": {
                "high": 0.0034358955651653724,
                "low": 0.002984164763870784
            },
            "psWeightFsr": {
                "high": 0.011043898423556178,
                "low": 0.005791749634649316
            },
            "extSfBDTVariation": {
                "high": 0.09436772176953076,
                "low": 0.07127935052720118
            },
            "extVarRwgt": {
                "high": 0.15838760174940902,
                "low": 0.15838760174940902
            },
            "final": {
                "central": 1.0104395720073125,
                "high": 0.2174576383594134,
                "low": 0.207766043477049
            },
            "fracBB": {
                "high": 0.0078026918973217825,
                "low": 0.01326747877803697
            },
            "fracCC": {
                "high": 0.0457690753529108,
                "low": 0.031748927084902276
            },
            "fracLight": {
                "high": 0.03775613363967037,
                "low": 0.0276543735535769
            }
        },
        "ptbin3": {
            "jer": {
                "high": 0.0,
                "low": 0.0008796516846849612
            },
            "jes": {
                "high": 0.002244913752616751,
                "low": 0.001223423257239676
            },
            "stats": {
                "high": 0.08337117901862023,
                "low": 0.0859410831335149
            },
            "pu": {
                "high": 0.005265792683090056,
                "low": 0.0018471033359762263
            },
            "psWeightIsr": {
                "high": 0.004651137173674176,
                "low": 0.00307153383265088
            },
            "lumi_13TeV": {
                "high": 0.001118287841539137,
                "low": 0.0018211056860695173
            },
            "l1PreFiring": {
                "high": 0.0,
                "low": 0.000589947657823013
            },
            "psWeightFsr": {
                "high": 0.0030297185933958245,
                "low": 0.00047073186158756394
            },
            "extSfBDTVariation": {
                "high": 0.047562331017595126,
                "low": 0.035217338397153526
            },
            "extVarRwgt": {
                "high": 0.07867506592890805,
                "low": 0.07867506592890805
            },
            "final": {
                "central": 0.8805560388588953,
                "high": 0.1298361773735481,
                "low": 0.1250876032592644
            },
            "fracBB": {
                "high": 0.004758772848482346,
                "low": 0.008024454739636491
            },
            "fracCC": {
                "high": 0.03002363316625785,
                "low": 0.021511628550194898
            },
            "fracLight": {
                "high": 0.0216033840051191,
                "low": 0.01687800475535533
            }
        }
    },
    "medium": {
        "ptbin1": {
            "jer": {
                "high": 0.0017376829122130119,
                "low": 0.0051265128261513675
            },
            "jes": {
                "high": 0.00932177017702084,
                "low": 0.01059257854663383
            },
            "stats": {
                "high": 0.09966487923912859,
                "low": 0.10214426548727629
            },
            "pu": {
                "high": 0.014581918285858041,
                "low": 0.015015712952792973
            },
            "psWeightIsr": {
                "high": 0.002598102598322921,
                "low": 0.002188307039676819
            },
            "lumi_13TeV": {
                "high": 0.003850315066270358,
                "low": 0.005661128280417674
            },
            "l1PreFiring": {
                "high": 0.004626814090609831,
                "low": 0.004676393336688044
            },
            "psWeightFsr": {
                "high": 0.01855037091275431,
                "low": 0.015084084574228523
            },
            "extSfBDTVariation": {
                "high": 0.12400318253691679,
                "low": 0.08456305173285572
            },
            "extVarRwgt": {
                "high": 0.12184560117053844,
                "low": 0.12184560117053844
            },
            "final": {
                "central": 0.9264436046372746,
                "high": 0.21743273041391226,
                "low": 0.19536551793449616
            },
            "fracBB": {
                "high": 0.032182372381514696,
                "low": 0.0470288397592694
            },
            "fracCC": {
                "high": 0.037718965482466,
                "low": 0.014992610838510622
            },
            "fracLight": {
                "high": 0.0630293013887381,
                "low": 0.051481000586080496
            }
        },
        "ptbin2": {
            "jer": {
                "high": 0.01030673866920063,
                "low": 0.009747905946745029
            },
            "jes": {
                "high": 0.006452464508439789,
                "low": 0.008122471175696703
            },
            "stats": {
                "high": 0.0657403329526336,
                "low": 0.06692137573256984
            },