{
    "tight": {
        "ptbin1": {
            "jer": {
                "high": 0.006940626002364063,
                "low": 0.005182410700372571
            },
            "jes": {
                "high": 0.006122174071750513,
                "low": 0.0013809523423382317
            },
            "fracBB": {
                "high": 0.007536952401849643,
                "low": 0.0047390951005636525
            },
            "stats": {
                "high": 0.1197159113672821,
                "low": 0.12484755645865575
            },
            "fracLight": {
                "high": 0.04336085132408315,
                "low": 0.03327733878417349
            },
            "pu": {
                "high": 0.025976243821022375,
                "low": 0.023594270372577154
            },
            "fracCC": {
                "high": 0.0693419587959047,
                "low": 0.04994261476003942
            },
            "psWeightIsr": {
                "high": 0.007201599528730702,
                "low": 0.003208509389206213
            },
            "lumi_13TeV": {
                "high": 0.0011380340462528696,
                "low": 0.0012794735968287467
            },
            "l1PreFiring": {
                "high": 0.0021684689986060405,
                "low": 0.00273076201331431
            },
            "psWeightFsr": {
                "high": 0.030085884440467316,
                "low": 0.024830706815046233
            },
            "extSfBDTVariation": {
                "high": 0.0,
                "low": 0.018312056963613352
            },
            "extVarRwgt": {
                "high": 0.1908419128818395,
                "low": 0.1908419128818395
            },
            "final": {
                "central": 1.2065835227318424,
                "high": 0.2427980348290939,
                "low": 0.23914094424853555
            }
        },
        "ptbin2": {
            "jer": {
                "high": 0.017059382966466002,
                "low": 0.009456130709499447
            },
            "jes": {
                "high": 0.0019034082488513526,
                "low": 0.003017586214930957
            },
            "fracBB": {
                "high": 0.03149393608743153,
                "low": 0.03699586475050845
            },
            "stats": {
                "high": 0.14345954318006782,
                "low": 0.14367241834377753
            },
            "fracLight": {
                "high": 0.042906462011060735,
                "low": 0.03182303361129836
            },
            "pu": {
                "high": 0.008508205603783731,
                "low": 0.014468721480059803
            },
            "fracCC": {
                "high": 0.04335397812949709,
                "low": 0.026128428502194316
            },
            "psWeightIsr": {
                "high": 0.0014642929997081286,
                "low": 0.006238854783660559
            },
            "lumi_13TeV": {
                "high": 0.001671356401542978,
                "low": 0.0040237196476263105
            },
            "l1PreFiring": {
                "high": 0.0,
                "low": 0.0014177128262282247
            },
            "psWeightFsr": {
                "high": 0.01979952582478602,
                "low": 0.017423862133199578
            },
            "extSfBDTVariation": {
                "high": 0.04670383818215684,
                "low": 0.04432008603862741
            },
            "extVarRwgt": {
                "high": 0.08668342850060773,
                "low": 0.08668342850060773
            },
            "final": {
                "central": 1.0587571285236974,
                "high": 0.18907802849079566,
                "low": 0.1839911071074759
            }
        },
        "ptbin3": {
            "jer": {
                "high": 0.010030827597293223,
                "low": 0.010872159429121562
            },
            "jes": {
                "high": 0.002313634427786069,
                "low": 0.0017602794621964784
            },
            "fracBB": {
                "high": 0.007434273891959451,
                "low": 0.008051457948987947
            },
            "stats": {
                "high": 0.13672636222934864,
                "low": 0.13516427090796157
            },
            "fracLight": {
                "high": 0.042274776641692165,
                "low": 0.02633111298493884
            },
            "pu": {
                "high": 0.03265220380456804,
                "low": 0.028468513961312752
            },
            "fracCC": {
                "high": 0.05305333878148562,
                "low": 0.03195350038170821
            },
            "psWeightIsr": {
                "high": 0.025343930943860372,
                "low": 0.018763713357470443
            },
            "lumi_13TeV": {
                "high": 0.0025762157624691015,
                "low": 0.005252382770146045
            },
            "l1PreFiring": {
                "high": 0.0028569705906788833,
                "low": 0.004110476882407765
            },
            "psWeightFsr": {
                "high": 0.008798250803611022,
                "low": 0.004448113032048727
            },
            "extSfBDTVariation": {
                "high": 0.07546639917476332,
                "low": 0.04634698399074509
            },
            "extVarRwgt": {
                "high": 0.15540059222681202,
                "low": 0.15540059222681202
            },
            "final": {
                "central": 0.7956244638829921,
                "high": 0.23473892213038874,
                "low": 0.21838967857344296
            }
        }
    },
    "medium": {
        "ptbin1": {
            "jer": {
                "high": 0.010432687610313907,
                "low": 0.009894648411003808
            },
            "jes": {
                "high": 0.0005583545155763181,
                "low": 0.0
            },
            "fracBB": {
                "high": 0.010882345798270916,
                "low": 0.017718818939065344
            },
            "stats": {
                "high": 0.07812849669600586,
                "low": 0.07680602896365984
            },
            "fracLight": {
                "high": 0.0562439357543816,
                "low": 0.0459142006707127
            },
            "pu": {
                "high": 0.02280803468092148,
                "low": 0.018670297979068107
            },
            "fracCC": {
                "high": 0.0656971407034419,
                "low": 0.05358413795077761
            },
            "psWeightIsr": {
                "high": 0.003949009160323705,
                "low": 0.0009681439058593533
            },
            "lumi_13TeV": {
                "high": 0.0024960666343059102,
                "low": 0.0011179362514497407
            },
            "l1PreFiring": {
                "high": 0.0014929284402293193,
                "low": 0.0015289341649288625
            },
            "psWeightFsr": {
                "high": 0.0233159301605477,
                "low": 0.019154117397202207
            },
            "extSfBDTVariation": {
                "high": 0.03836547079898603,
                "low": 0.046148815763321506
            },
            "extVarRwgt": {
                "high": 0.20175751192226365,
                "low": 0.20175751192226365
            },
            "final": {
                "central": 1.2212850188010915,
                "high": 0.23890799620692477,
                "low": 0.23419178881388866
            }
        },
        "ptbin2": {
            "jer": {
                "high": 0.00034188629274840214,
                "low": 0.0
            },
            "jes": {
                "high": 0.004832025045337116,
                "low": 0.0059633734825315894
            },
            "fracBB": {
                "high": 0.018324615815062516,
                "low": 0.02243502720556941
            },