{
    "tight": {
        "ptbin1": {
            "jer": {
                "high": 0.040553289398998354,
                "low": 0.03825415798366166
            },
            "jes": {
                "high": 0.027279587931780817,
                "low": 0.011602981043405555
            },
            "stats": {
                "high": 0.1522407405038031,
                "low": 0.1567564475980281
            },
            "pu": {
                "high": 0.025371851791352835,
                "low": 0.02149883069045193
            },
            "psWeightIsr": {
                "high": 0.006593564965672103,
                "low": 0.001591168128938966
            },
            "lumi_13TeV": {
                "high": 0.0016750738734264462,
                "low": 0.0002627031967291374
            },
            "l1PreFiring": {
                "high": 0.0029907842959598662,
                "low": 0.0029512917078322195
            },
            "psWeightFsr": {
                "high": 0.017212270962534422,
                "low": 0.011628201984081167
            },
            "extSfBDTVariation": {
                "high": 0.13808532705539617,
                "low": 0.09917286416015433
            },
            "extVarRwgt": {
                "high": 0.06070978611814204,
                "low": 0.06070978611814204
            },
            "final": {
                "central": 0.9374224878720526,
                "high": 0.23368112735229302,
                "low": 0.20747595213730255
            },
            "fracBB": {
                "high": 0.03440018889809041,
                "low": 0.03561584172587401
            },
            "fracCC": {
                "high": 0.0331150353699829,
                "low": 0.013804921511191304
            },
            "fracLight": {
                "high": 0.05488577113648666,
                "low": 0.03587411559069534
            }
        },
        "ptbin2": {
            "jer": {
                "high": 0.008910736452290707,
                "low": 0.002552550258409678
            },
            "jes": {
                "high": 0.02040038480533259,
                "low": 0.015795487065751866
            },
            "stats": {
                "high": 0.11889487534326082,
                "low": 0.11686520747927853
            },
            "pu": {
                "high": 0.03439417811882878,
                "low": 0.028245758767127434
            },
            "psWeightIsr": {
                "high": 0.00643186298213826,
                "low": 0.0067375313461119956
            },
            "lumi_13TeV": {
                "high": 0.0,
                "low": 0.0015950335759532188
            },
            "l1PreFiring": {
                "high": 0.005999268977154207,
                "low": 0.0052655651657308985
            },
            "psWeightFsr": {
                "high": 0.00953783604137446,
                "low": 0.006453547152825375
            },
            "extSfBDTVariation": {
                "high": 0.07240050582657453,
                "low": 0.05595849420365626
            },
            "extVarRwgt": {
                "high": 0.11689629184098504,
                "low": 0.11689629184098504
            },
            "final": {
                "central": 1.0082854965480672,
                "high": 0.19518927580982676,
                "low": 0.18276636108209032
            },
            "fracBB": {
                "high": 0.017220984965931867,
                "low": 0.017898760607519233
            },
            "fracCC": {
                "high": 0.03731093817478666,
                "low": 0.0250630648014718
            },
            "fracLight": {
                "high": 0.03899908361411225,
                "low": 0.028814897793665768
            }
        },
        "ptbin3": {
            "jer": {
                "high": 0.005103974926742859,
                "low": 0.0
            },
            "jes": {
                "high": 0.0008426733553371405,
                "low": 0.0002191344317265981
            },
            "stats": {
                "high": 0.13812713701202284,
                "low": 0.10070568323135376
            },
            "pu": {
                "high": 0.005484932203727604,
                "low": 0.0
            },
            "psWeightIsr": {
                "high": 0.0022919962572453332,
                "low": 0.0
            },
            "lumi_13TeV": {
                "high": 0.0030798345724846843,
                "low": 0.0003633951187721815
            },
            "l1PreFiring": {
                "high": 0.004871138119834812,
                "low": 0.0
            },
            "psWeightFsr": {
                "high": 0.04625354066269141,
                "low": 0.0
            },
            "extSfBDTVariation": {
                "high": 0.12300320217259272,
                "low": 0.08727979974201508
            },
            "extVarRwgt": {
                "high": 0.02446713213260887,
                "low": 0.02446713213260887
            },
            "final": {
                "central": 0.6419510130598941,
                "high": 0.20230011790730226,
                "low": 0.13538399977026772
            },
            "fracBB": {
                "high": 0.011538037328738189,
                "low": 0.0
            },
            "fracCC": {
                "high": 0.027752153953831907,
                "low": 0.0
            },
            "fracLight": {
                "high": 0.05458748294450389,
                "low": 0.0
            }
        }
    },
    "medium": {
        "ptbin1": {
            "jer": {
                "high": 0.004230404884341204,
                "low": 0.00489443468192599
            },
            "jes": {
                "high": 0.02310932780559498,
                "low": 0.023606977349005707
            },
            "stats": {
                "high": 0.08999830872434122,
                "low": 0.08930059007232638
            },
            "pu": {
                "high": 0.019093146759093033,
                "low": 0.01430253264520397
            },
            "psWeightIsr": {
                "high": 0.0060558026971546065,
                "low": 0.0019261918798043896
            },
            "lumi_13TeV": {
                "high": 0.0011032168502242686,
                "low": 0.0033065778099163608
            },
            "l1PreFiring": {
                "high": 0.0018316737825609054,
                "low": 0.0021495159255493722
            },
            "psWeightFsr": {
                "high": 0.005856235253054547,
                "low": 0.002666560155054268
            },
            "extSfBDTVariation": {
                "high": 0.07146779589877517,
                "low": 0.08593687492738086
            },
            "extVarRwgt": {
                "high": 0.0941006933868268,
                "low": 0.0941006933868268
            },
            "final": {
                "central": 1.0522947136645553,
                "high": 0.17885625642560632,
                "low": 0.17528685317803433
            },
            "fracBB": {
                "high": 0.02778135433162831,
                "low": 0.029140231228843114
            },
            "fracCC": {
                "high": 0.04050134425737572,
                "low": 0.029762511991256055
            },
            "fracLight": {
                "high": 0.08076564890774664,
                "low": 0.06295757620256111
            }
        },
        "ptbin2": {
            "jer": {
                "high": 0.004178434096017277,
                "low": 0.005383336818673338
            },
            "jes": {
                "high": 0.0021918311524397336,
                "low": 0.0008853600692176603
            },
            "stats": {
                "high": 0.07822176556078397,
                "low": 0.07640461310165714
            },
            "pu": {
                "high": 0.012057479743914482,
                "low": 0.01020296867578089
            },