{
    "tight": {
        "ptbin1": {
            "jer": {
                "high": 0.006962676106236193,
                "low": 0.006068852461518211
            },
            "jes": {
                "high": 0.0,
                "low": 0.003779151057244342
            },
            "stats": {
                "high": 0.09917535130665489,
                "low": 0.09677289962554203
            },
            "pu": {
                "high": 0.012248626640372538,
                "low": 0.011569386040051923
            },
            "psWeightIsr": {
                "high": 0.0005712866759629101,
                "low": 0.0013305075983844254
            },
            "lumi_13TeV": {
                "high": 0.00032295021912749774,
                "low": 0.0028951518149619815
            },
            "l1PreFiring": {
                "high": 0.0,
                "low": 0.0
            },
            "psWeightFsr": {
                "high": 0.008053008979637732,
                "low": 0.013340121600805641
            },
            "extSfBDTVariation": {
                "high": 0.0665270799260432,
                "low": 0.09397268029748496
            },
            "extVarRwgt": {
                "high": 0.2515074759896455,
                "low": 0.2515074759896455
            },
            "final": {
                "central": 1.0671615607480776,
                "high": 0.28403116492977676,
                "low": 0.2892963510986775
            },
            "fracBB": {
                "high": 0.007585772977858144,
                "low": 0.010926215972020408
            },
            "fracCC": {
                "high": 0.0362280138059704,
                "low": 0.02753713331840639
            },
            "fracLight": {
                "high": 0.039020033955443796,
                "low": 0.03146043521875532
            }
        },
        "ptbin2": {
            "jer": {
                "high": 0.006048921632810879,
                "low": 0.006605772035157511
            },
            "jes": {
                "high": 0.001852882761577541,
                "low": 0.0053257566859402725
            },
            "stats": {
                "high": 0.09040636091163456,
                "low": 0.09620353010604132
            },
            "pu": {
                "high": 0.001757098024399271,
                "low": 0.0015369698672230427
            },
            "psWeightIsr": {
                "high": 0.00840036353829724,
                "low": 0.0033417724286213544
            },
            "lumi_13TeV": {
                "high": 0.00013083858404658996,
                "low": 0.0009032806149715059
            },
            "l1PreFiring": {
                "high": 0.0,
                "low": 0.00016563393837068993
            },
            "psWeightFsr": {
                "high": 0.012402677511100982,
                "low": 0.012724849115262062
            },
            "extSfBDTVariation": {
                "high": 0.03782523248838139,
                "low": 0.0
            },
            "extVarRwgt": {
                "high": 0.039704283009652674,
                "low": 0.039704283009652674
            },
            "final": {
                "central": 0.831193217025118,
                "high": 0.11086521543998208,
                "low": 0.10729160615031075
            },
            "fracBB": {
                "high": 0.008826794424639543,
                "low": 0.016679783868919724
            },
            "fracCC": {
                "high": 0.020670847560403032,
                "low": 0.008961262046641707
            },
            "fracLight": {
                "high": 0.018401691236512543,
                "low": 0.013161927860494976
            }
        },
        "ptbin3": {
            "jer": {
                "high": 0.0042666475242870185,
                "low": 0.006277094891687767
            },
            "jes": {
                "high": 0.007625529760957321,
                "low": 0.004510986765594276
            },
            "stats": {
                "high": 0.07337291824709813,
                "low": 0.07386096543426568
            },
            "pu": {
                "high": 0.017400842045650674,
                "low": 0.01837417278041745
            },
            "psWeightIsr": {
                "high": 0.009179724058236001,
                "low": 0.01114264898189997
            },
            "lumi_13TeV": {
                "high": 0.0,
                "low": 0.0012956302034996148
            },
            "l1PreFiring": {
                "high": 1.9359543913490184e-05,
                "low": 0.0
            },
            "psWeightFsr": {
                "high": 0.011911213760754978,
                "low": 0.012082716443623765
            },
            "extSfBDTVariation": {
                "high": 0.028775892074043852,
                "low": 0.029857342702612356
            },
            "extVarRwgt": {
                "high": 0.14380141664548018,
                "low": 0.14380141664548018
            },
            "final": {
                "central": 0.9961508574052823,
                "high": 0.16944300407939475,
                "low": 0.16867651792542057
            },
            "fracBB": {
                "high": 0.00345074647813356,
                "low": 0.005740757947902512
            },
            "fracCC": {
                "high": 0.02963770881014905,
                "low": 0.022553010505352876
            },
            "fracLight": {
                "high": 0.018026386400725514,
                "low": 0.014676748172617663
            }
        }
    },
    "medium": {
        "ptbin1": {
            "jer": {
                "high": 0.0030132326741442914,
                "low": 0.0020809179618953935
            },
            "jes": {
                "high": 0.0031603910309944126,
                "low": 0.0035895058763360066
            },
            "stats": {
                "high": 0.0636576091701786,
                "low": 0.06341151614683582
            },
            "pu": {
                "high": 0.004967638374351565,
                "low": 0.004363957003587397
            },
            "psWeightIsr": {
                "high": 0.0005328820048713942,
                "low": 0.0014174877260014845
            },
            "lumi_13TeV": {
                "high": 0.0011061086160697267,
                "low": 0.002338064775239654
            },
            "l1PreFiring": {
                "high": 0.0,
                "low": 4.019644443308787e-06
            },
            "psWeightFsr": {
                "high": 0.0036347456698509594,
                "low": 0.004921611762809209
            },
            "extSfBDTVariation": {
                "high": 0.06907401409214764,
                "low": 0.0542849761691552
            },
            "extVarRwgt": {
                "high": 0.031156879994945874,
                "low": 0.031156879994945874
            },
            "final": {
                "central": 0.9611593939967541,
                "high": 0.11075474214830537,
                "low": 0.09823675515131387
            },
            "fracBB": {
                "high": 0.0055551921804006385,
                "low": 0.008142653655008972
            },
            "fracCC": {
                "high": 0.030713615240839025,
                "low": 0.024369119817623772
            },
            "fracLight": {
                "high": 0.03794358038665281,
                "low": 0.03136424835867959
            }
        },
        "ptbin2": {
            "jer": {
                "high": 0.002394223092269391,
                "low": 0.002290229198064474
            },
            "jes": {
                "high": 0.007680219957614138,
                "low": 0.00774228461373256
            },
            "stats": {
                "high": 0.04384820202920192,
                "low": 0.04455932126531714
            },
            "pu": {
                "high": 0.004980345616511742,