{
    "tight": {
        "ptbin1": {
            "jer": {
                "high": 0.005368317893340113,
                "low": 0.007701180720737997
            },
            "jes": {
                "high": 0.0028162747850040367,
                "low": 0.001429910943180311
            },
            "stats": {
                "high": 0.1343220923669446,
                "low": 0.1276162797695628
            },
            "pu": {
                "high": 0.0344524841376648,
                "low": 0.02572924485832498
            },
            "psWeightIsr": {
                "high": 0.003537318875365922,
                "low": 0.009542465118612257
            },
            "lumi_13TeV": {
                "high": 0.000897829396619727,
                "low": 0.0
            },
            "l1PreFiring": {
                "high": 0.0012603445737944215,
                "low": 0.0025179862068743027
            },
            "psWeightFsr": {
                "high": 0.032856089382409415,
                "low": 0.02360853233284971
            },
            "extSfBDTVariation": {
                "high": 0.04503362020398552,
                "low": 0.06463135647095367
            },
            "extVarRwgt": {
                "high": 0.18533817984128143,
                "low": 0.18533817984128143
            },
            "final": {
                "central": 1.194502028457579,
                "high": 0.24890606823217012,
                "low": 0.24264542434389844
            },
            "fracBB": {
                "high": 0.00742266198141922,
                "low": 0.01185824268770586
            },
            "fracCC": {
                "high": 0.04583350065456124,
                "low": 0.028919661034929628
            },
            "fracLight": {
                "high": 0.055313461760587664,
                "low": 0.04133508953340098
            }
        },
        "ptbin2": {
            "jer": {
                "high": 0.0032021612120666193,
                "low": 0.007933724755052472
            },
            "jes": {
                "high": 0.02720432182018766,
                "low": 0.017522384056416995
            },
            "stats": {
                "high": 0.14515376243645872,
                "low": 0.1532825838484978
            },
            "pu": {
                "high": 0.003110772687428441,
                "low": 0.007751767281628027
            },
            "psWeightIsr": {
                "high": 0.004432722574721105,
                "low": 0.008172420262541431
            },
            "lumi_13TeV": {
                "high": 0.0,
                "low": 0.004403790366370453
            },
            "l1PreFiring": {
                "high": 0.0019879976637661293,
                "low": 0.0
            },
            "psWeightFsr": {
                "high": 0.01995614325447866,
                "low": 0.017873425788604735
            },
            "extSfBDTVariation": {
                "high": 0.06850412155569789,
                "low": 0.06377200390552897
            },
            "extVarRwgt": {
                "high": 0.10158845355067414,
                "low": 0.10158845355067414
            },
            "final": {
                "central": 1.0962153247988855,
                "high": 0.20696403675645048,
                "low": 0.20502818573410883
            },
            "fracBB": {
                "high": 0.012437094336513561,
                "low": 0.03598096170969989
            },
            "fracCC": {
                "high": 0.03185733935142225,
                "low": 0.0
            },
            "fracLight": {
                "high": 0.06634408670828391,
                "low": 0.04500005517309111
            }
        },
        "ptbin3": {
            "jer": {
                "high": 0.0014613836386097644,
                "low": 0.010350707370368938
            },
            "jes": {
                "high": 0.012986114629987193,
                "low": 0.015956295821424913
            },
            "stats": {
                "high": 0.13737872768473813,
                "low": 0.12944570206721018
            },
            "pu": {
                "high": 0.028639247223029036,
                "low": 0.02793197831916341
            },
            "psWeightIsr": {
                "high": 0.02911657355952867,
                "low": 0.01855741366999207
            },
            "lumi_13TeV": {
                "high": 0.003230901734271601,
                "low": 0.005153019748293816
            },
            "l1PreFiring": {
                "high": 0.004005347688279451,
                "low": 0.004254843832406781
            },
            "psWeightFsr": {
                "high": 0.011601024851037015,
                "low": 0.019039874112959022
            },
            "extSfBDTVariation": {
                "high": 0.07245594331021961,
                "low": 0.034789192620190576
            },
            "extVarRwgt": {
                "high": 0.1230604127027608,
                "low": 0.1230604127027608
            },
            "final": {
                "central": 0.7567946579208186,
                "high": 0.21396002007807086,
                "low": 0.19181688470081945
            },
            "fracBB": {
                "high": 0.012500278082657345,
                "low": 0.014304503789357572
            },
            "fracCC": {
                "high": 0.035868209291225236,
                "low": 0.020440243105531435
            },
            "fracLight": {
                "high": 0.055404328528501155,
                "low": 0.034168177576393476
            }
        }
    },
    "medium": {
        "ptbin1": {
            "jer": {
                "high": 0.014605482109125139,
                "low": 0.013340518169203591
            },
            "jes": {
                "high": 0.0011034029097659122,
                "low": 0.0
            },
            "stats": {
                "high": 0.07533356769567412,
                "low": 0.07378935033942424
            },
            "pu": {
                "high": 0.02165674729509552,
                "low": 0.017092613497621922
            },
            "psWeightIsr": {
                "high": 0.001254096928405954,
                "low": 0.0021214992283750496
            },
            "lumi_13TeV": {
                "high": 0.001266302851026575,
                "low": 0.0008474418165127408
            },
            "l1PreFiring": {
                "high": 0.00039378786177272945,
                "low": 0.00041517678991835833
            },
            "psWeightFsr": {
                "high": 0.01995204731128484,
                "low": 0.015963324576284747
            },
            "extSfBDTVariation": {
                "high": 0.042825791846476,
                "low": 0.05264577907097438
            },
            "extVarRwgt": {
                "high": 0.18410699530289998,
                "low": 0.18410699530289998
            },
            "final": {
                "central": 1.208294221638939,
                "high": 0.22280300928101388,
                "low": 0.21835198165283004
            },
            "fracBB": {
                "high": 0.015520959724213756,
                "low": 0.016449943568698267
            },
            "fracCC": {
                "high": 0.03959280007158536,
                "low": 0.0316992968264101
            },
            "fracLight": {
                "high": 0.07309680222879009,
                "low": 0.05967240337127575
            }
        },
        "ptbin2": {
            "jer": {
                "high": 0.005475463962843264,
                "low": 0.005522271431096551
            },
            "jes": {
                "high": 0.004829049858963163,
                "low": 0.0027005775195899037
            },
            "stats": {
                "high": 0.07069016197433298,
                "low": 0.06834355603072884
            },
            "pu": {
                "high": 0.007463917919522579,