{
    "tight": {
        "ptbin1": {
            "jer": {
                "high": 0.04511883240311718,
                "low": 0.05214163900466704
            },
            "jes": {
                "high": 0.024237272804278155,
                "low": 0.0003352564946950604
            },
            "fracBB": {
                "high": 0.011099307899569352,
                "low": 0.013799868918959702
            },
            "stats": {
                "high": 0.14453277239677065,
                "low": 0.14154547336686074
            },
            "fracLight": {
                "high": 0.04471202965682335,
                "low": 0.03705767534920051
            },
            "pu": {
                "high": 0.020608328423516443,
                "low": 0.020849419847959978
            },
            "fracCC": {
                "high": 0.04438056314323541,
                "low": 0.036647462363752166
            },
            "psWeightIsr": {
                "high": 0.0,
                "low": 0.003530898031618889
            },
            "lumi_13TeV": {
                "high": 0.0013305639868318455,
                "low": 0.0014961469991154705
            },
            "l1PreFiring": {
                "high": 0.0029828123608689784,
                "low": 0.0021628741866743526
            },
            "psWeightFsr": {
                "high": 0.0069899307352343865,
                "low": 0.015519029275407673
            },
            "extSfBDTVariation": {
                "high": 0.08365580432016251,
                "low": 0.057662052534140036
            },
            "extVarRwgt": {
                "high": 0.1538256143903456,
                "low": 0.1538256143903456
            },
            "final": {
                "central": 0.9413063388552222,
                "high": 0.2423787341863023,
                "low": 0.23096078102568304
            }
        },
        "ptbin2": {
            "jer": {
                "high": 0.0250131857927816,
                "low": 0.02099641817870072
            },
            "jes": {
                "high": 0.009773319395422808,
                "low": 0.010017483052809487
            },
            "fracBB": {
                "high": 0.017368085589206026,
                "low": 0.022503265796214207
            },
            "stats": {
                "high": 0.0899716005293667,
                "low": 0.09250337086729277
            },
            "fracLight": {
                "high": 0.03187284478832584,
                "low": 0.0262866942405442
            },
            "pu": {
                "high": 0.0025186233824515663,
                "low": 0.0041606692719063495
            },
            "fracCC": {
                "high": 0.043309832205718386,
                "low": 0.032755841102000964
            },
            "psWeightIsr": {
                "high": 0.0014919987082422737,
                "low": 0.0015006632828336228
            },
            "lumi_13TeV": {
                "high": 0.0021991944929621613,
                "low": 0.0038578714794777077
            },
            "l1PreFiring": {
                "high": 0.002957739179621324,
                "low": 0.0026990492782621067
            },
            "psWeightFsr": {
                "high": 0.06794022298934548,
                "low": 0.05091796723933097
            },
            "extSfBDTVariation": {
                "high": 0.013047428460189324,
                "low": 0.04910016673524169
            },
            "extVarRwgt": {
                "high": 0.21474451788246351,
                "low": 0.21474451788246351
            },
            "final": {
                "central": 1.047679837788916,
                "high": 0.2508641221580824,
                "low": 0.2500576143151287
            }
        },
        "ptbin3": {
            "jer": {
                "high": 0.006497052200525146,
                "low": 0.006042363780241112
            },
            "jes": {
                "high": 0.001745776384035196,
                "low": 0.0
            },
            "fracBB": {
                "high": 0.002934900702473388,
                "low": 0.0064321874976111405
            },
            "stats": {
                "high": 0.07673867473239837,
                "low": 0.07845606541161831
            },
            "fracLight": {
                "high": 0.01681346962955684,
                "low": 0.013892563993692661
            },
            "pu": {
                "high": 0.006283933870417823,
                "low": 0.003299714688540619
            },
            "fracCC": {
                "high": 0.028511151721174126,
                "low": 0.021967776357187403
            },
            "psWeightIsr": {
                "high": 0.003782269854340919,
                "low": 0.003031391844686493
            },
            "lumi_13TeV": {
                "high": 0.0005765218043858618,
                "low": 0.003049205332832462
            },
            "l1PreFiring": {
                "high": 0.0012595237972450539,
                "low": 0.0004628598975318325
            },
            "psWeightFsr": {
                "high": 0.0010960104432697513,
                "low": 0.0029285943462699464
            },
            "extSfBDTVariation": {
                "high": 0.0498424347482791,
                "low": 0.03763709197130804
            },
            "extVarRwgt": {
                "high": 0.07425539990496022,
                "low": 0.07425539990496022
            },
            "final": {
                "central": 0.8746431615556293,
                "high": 0.12285488155156409,
                "low": 0.11780237134104407
            }
        }
    },
    "medium": {
        "ptbin1": {
            "jer": {
                "high": 0.0012928333624716677,
                "low": 0.002269113631533782
            },
            "jes": {
                "high": 0.0018040320421087456,
                "low": 0.004454747053757019
            },
            "fracBB": {
                "high": 0.01511958205352451,
                "low": 0.021760148607785346
            },
            "stats": {
                "high": 0.08591724866180495,
                "low": 0.08687892528810104
            },
            "fracLight": {
                "high": 0.04888362651807122,
                "low": 0.040833887995149656
            },
            "pu": {
                "high": 0.011406065015492923,
                "low": 0.011654017919900134
            },
            "fracCC": {
                "high": 0.04899597379391152,
                "low": 0.035480284908806184
            },
            "psWeightIsr": {
                "high": 0.00810894680229936,
                "low": 0.005842512375106217
            },
            "lumi_13TeV": {
                "high": 0.0008017175638346202,
                "low": 0.0021953557973556446
            },
            "l1PreFiring": {
                "high": 0.003005715205486353,
                "low": 0.0034547918857177192
            },
            "psWeightFsr": {
                "high": 0.01336689985399116,
                "low": 0.013424281927979446
            },
            "extSfBDTVariation": {
                "high": 0.1062299948989506,
                "low": 0.08419230548266596
            },
            "extVarRwgt": {
                "high": 0.1620388705846172,
                "low": 0.1620388705846172
            },
            "final": {
                "central": 0.9670481312830359,
                "high": 0.22434599960546775,
                "low": 0.21138722735144752
            }
        },
        "ptbin2": {
            "jer": {
                "high": 0.010451584575859348,
                "low": 0.010253582744006248
            },
            "jes": {
                "high": 0.0030708071156547523,
                "low": 0.003885644565768037
            },
            "fracBB": {
                "high": 0.015656026215572157,