{
    "tight": {
        "ptbin1": {
            "jer": {
                "high": 0.0006425178871482129,
                "low": 0.03768429268138226
            },
            "jes": {
                "high": 0.012854421096777377,
                "low": 0.040103709417511395
            },
            "fracBB": {
                "high": 0.012173767198457803,
                "low": 0.025868235224141133
            },
            "stats": {
                "high": 0.0937326408741046,
                "low": 0.1504735266329913
            },
            "fracLight": {
                "high": 0.045822741742285594,
                "low": 0.027549081055880827
            },
            "pu": {
                "high": 0.007780972234993147,
                "low": 0.02104402321781121
            },
            "fracCC": {
                "high": 0.06410612886506725,
                "low": 0.026449169077342502
            },
            "psWeightIsr": {
                "high": 0.016001633880683826,
                "low": 0.005648260580432854
            },
            "lumi_13TeV": {
                "high": 0.0014184658422857883,
                "low": 0.00698977020060189
            },
            "l1PreFiring": {
                "high": 0.0,
                "low": 0.0
            },
            "psWeightFsr": {
                "high": 0.010214066202000998,
                "low": 0.04104442704563331
            },
            "extSfBDTVariation": {
                "high": 0.053018312025446906,
                "low": 0.08429060009615964
            },
            "extVarRwgt": {
                "high": 0.17016344799604122,
                "low": 0.17016344799604122
            },
            "final": {
                "central": 1.0484367509580246,
                "high": 0.21794139674754656,
                "low": 0.2570351941791578
            }
        },
        "ptbin2": {
            "jer": {
                "high": 0.011472003360967485,
                "low": 0.0076895195452977355
            },
            "jes": {
                "high": 0.009060267386948465,
                "low": 0.013463791376964742
            },
            "fracBB": {
                "high": 0.008410485543613146,
                "low": 0.012162856589099692
            },
            "stats": {
                "high": 0.10977454138439802,
                "low": 0.11632710934120705
            },
            "fracLight": {
                "high": 0.017883357667174814,
                "low": 0.01264744765380634
            },
            "pu": {
                "high": 0.004123921300413586,
                "low": 0.004182593075539577
            },
            "fracCC": {
                "high": 0.03203004184088481,
                "low": 0.019286518157833714
            },
            "psWeightIsr": {
                "high": 0.018707341174802425,
                "low": 0.017227684775738838
            },
            "lumi_13TeV": {
                "high": 0.0,
                "low": 0.00077013442772687
            },
            "l1PreFiring": {
                "high": 2.3811149417847676e-05,
                "low": 6.175325902636091e-05
            },
            "psWeightFsr": {
                "high": 0.013717049689431311,
                "low": 0.013234719954157688
            },
            "extSfBDTVariation": {
                "high": 0.03925886027140548,
                "low": 0.0
            },
            "extVarRwgt": {
                "high": 0.07380753793351547,
                "low": 0.07380753793351547
            },
            "final": {
                "central": 0.909857276901875,
                "high": 0.14568635018771545,
                "low": 0.14108839399771295
            }
        },
        "ptbin3": {
            "jer": {
                "high": 0.0017355077480576365,
                "low": 0.0007027121382008331
            },
            "jes": {
                "high": 0.0019082271343153618,
                "low": 0.0019443007961695224
            },
            "fracBB": {
                "high": 0.0029351899348044057,
                "low": 0.004285404156126881
            },
            "stats": {
                "high": 0.07734865646678313,
                "low": 0.07723244686631403
            },
            "fracLight": {
                "high": 0.01892309440262163,
                "low": 0.015951260472649224
            },
            "pu": {
                "high": 0.015071936589973259,
                "low": 0.01691861317579156
            },
            "fracCC": {
                "high": 0.03255120963986972,
                "low": 0.026753464920104622
            },
            "psWeightIsr": {
                "high": 0.00021410839630496716,
                "low": 0.001212532183874209
            },
            "lumi_13TeV": {
                "high": 0.0008789812956888497,
                "low": 0.0004764845451458209
            },
            "l1PreFiring": {
                "high": 0.0,
                "low": 0.0
            },
            "psWeightFsr": {
                "high": 0.013513029456863637,
                "low": 0.012873509162023459
            },
            "extSfBDTVariation": {
                "high": 0.03535202803950957,
                "low": 0.030816984891483646
            },
            "extVarRwgt": {
                "high": 0.1887443894476446,
                "low": 0.1887443894476446
            },
            "final": {
                "central": 1.0703609648988828,
                "high": 0.21142502713514164,
                "low": 0.2097256821345938
            }
        }
    },
    "medium": {
        "ptbin1": {
            "jer": {
                "high": 0.0011572196340749474,
                "low": 0.002473627596242332
            },
            "jes": {
                "high": 0.007945337937712193,
                "low": 0.006941979815989649
            },
            "fracBB": {
                "high": 0.005503070230825567,
                "low": 0.008372185772076582
            },
            "stats": {
                "high": 0.07215800156151353,
                "low": 0.07168522929812504
            },
            "fracLight": {
                "high": 0.0452557275470447,
                "low": 0.03776626054775407
            },
            "pu": {
                "high": 0.0009557149400837666,
                "low": 0.001018459789212267
            },
            "fracCC": {
                "high": 0.04590048879004253,
                "low": 0.037379121892175245
            },
            "psWeightIsr": {
                "high": 0.0003346048011410684,
                "low": 0.001020545631152812
            },
            "lumi_13TeV": {
                "high": 0.0005904356920677434,
                "low": 0.00160040618800084
            },
            "l1PreFiring": {
                "high": 5.57131893533845e-05,
                "low": 7.293611581773694e-07
            },
            "psWeightFsr": {
                "high": 0.0055495546890429355,
                "low": 0.006995984523507195
            },
            "extSfBDTVariation": {
                "high": 0.07147328564479694,
                "low": 0.06119060074487458
            },
            "extVarRwgt": {
                "high": 0.041088891989713106,
                "low": 0.041088891989713106
            },
            "final": {
                "central": 1.0088589415454312,
                "high": 0.12761413128355806,
                "low": 0.11650251172703763
            }
        },
        "ptbin2": {
            "jer": {
                "high": 0.0031500400463431995,
                "low": 0.0030479348558771274
            },
            "jes": {
                "high": 0.0027541684125471106,
                "low": 0.0031564133539714024
            },
            "fracBB": {
                "high": 0.004948596106556424,
                "low": 0.006954273885171326
            },