{
    "tight": {
        "ptbin1": {
            "jer": {
                "high": 0.034950551937814996,
                "low": 0.024238920842324967
            },
            "jes": {
                "high": 0.026988466349989672,
                "low": 0.007138032631490496
            },
            "fracBB": {
                "high": 0.034060216877283264,
                "low": 0.030872053182328843
            },
            "stats": {
                "high": 0.14866682915612817,
                "low": 0.14926945242489764
            },
            "fracLight": {
                "high": 0.03760221078479437,
                "low": 0.024594381972531245
            },
            "pu": {
                "high": 0.03477558994124606,
                "low": 0.025757347430274573
            },
            "fracCC": {
                "high": 0.04401454725397596,
                "low": 0.02370030778190797
            },
            "psWeightIsr": {
                "high": 0.006517363848055409,
                "low": 0.01040534913573641
            },
            "lumi_13TeV": {
                "high": 0.0019071229452092813,
                "low": 0.001662180553743483
            },
            "l1PreFiring": {
                "high": 0.0,
                "low": 0.0
            },
            "psWeightFsr": {
                "high": 0.00505699337525912,
                "low": 0.0014937073259889257
            },
            "extSfBDTVariation": {
                "high": 0.16185511157129132,
                "low": 0.11834187834186183
            },
            "extVarRwgt": {
                "high": 0.07077077769799323,
                "low": 0.07077077769799323
            },
            "final": {
                "central": 0.9141417320822315,
                "high": 0.24707996652395073,
                "low": 0.2117278393959077
            }
        },
        "ptbin2": {
            "jer": {
                "high": 0.03305058315604967,
                "low": 0.006393922913953327
            },
            "jes": {
                "high": 0.011435305905409048,
                "low": 0.0074377956538842025
            },
            "fracBB": {
                "high": 0.021071276260857225,
                "low": 0.014721315045169258
            },
            "stats": {
                "high": 0.1207431291109462,
                "low": 0.11571957426047508
            },
            "fracLight": {
                "high": 0.03811747011044205,
                "low": 0.022673086868080113
            },
            "pu": {
                "high": 0.03240712337297836,
                "low": 0.02638766739454639
            },
            "fracCC": {
                "high": 0.052209553279152596,
                "low": 0.032631597900040686
            },
            "psWeightIsr": {
                "high": 0.007512775981181255,
                "low": 0.012861109657515812
            },
            "lumi_13TeV": {
                "high": 0.002396931946594653,
                "low": 0.0010192222692135045
            },
            "l1PreFiring": {
                "high": 0.0028142364812558723,
                "low": 0.0022545343694070365
            },
            "psWeightFsr": {
                "high": 0.01752703554749675,
                "low": 0.003562102209617763
            },
            "extSfBDTVariation": {
                "high": 0.052850023967529844,
                "low": 0.05476044341637931
            },
            "extVarRwgt": {
                "high": 0.08911358172190653,
                "low": 0.08911358172190653
            },
            "final": {
                "central": 0.9855825196998651,
                "high": 0.1805177810461918,
                "low": 0.16463078127058317
            }
        },
        "ptbin3": {
            "jer": {
                "high": 0.025949666852626115,
                "low": 0.0
            },
            "jes": {
                "high": 0.00866870736719649,
                "low": 0.0
            },
            "fracBB": {
                "high": 0.009028576331614253,
                "low": 0.0
            },
            "stats": {
                "high": 0.1413586794616981,
                "low": 0.12479066848754883
            },
            "fracLight": {
                "high": 0.04066510746218614,
                "low": 0.0
            },
            "pu": {
                "high": 0.00577927815605167,
                "low": 0.0
            },
            "fracCC": {
                "high": 0.04442842815860916,
                "low": 0.0
            },
            "psWeightIsr": {
                "high": 0.004632295047742268,
                "low": 0.0
            },
            "lumi_13TeV": {
                "high": 0.00312948962044907,
                "low": 0.0006568203627235296
            },
            "l1PreFiring": {
                "high": 0.0041123267506885195,
                "low": 0.0
            },
            "psWeightFsr": {
                "high": 0.055898918369163206,
                "low": 0.0
            },
            "extSfBDTVariation": {
                "high": 0.09613819939233506,
                "low": 0.11563966744139713
            },
            "extVarRwgt": {
                "high": 0.0368721241113229,
                "low": 0.0368721241113229
            },
            "final": {
                "central": 0.7153176995123259,
                "high": 0.19557151756887792,
                "low": 0.17408097898821367
            }
        }
    },
    "medium": {
        "ptbin1": {
            "jer": {
                "high": 0.00834237913901374,
                "low": 0.009315946806782488
            },
            "jes": {
                "high": 0.027699924803294897,
                "low": 0.02748095676790255
            },
            "fracBB": {
                "high": 0.03879493613026597,
                "low": 0.038898251790872175
            },
            "stats": {
                "high": 0.09148798178425,
                "low": 0.09167157604274812
            },
            "fracLight": {
                "high": 0.06494976380938348,
                "low": 0.05186994311639913
            },
            "pu": {
                "high": 0.018924823448683716,
                "low": 0.0143384034014158
            },
            "fracCC": {
                "high": 0.058247313696122946,
                "low": 0.04448914970363809
            },
            "psWeightIsr": {
                "high": 0.012354462289830757,
                "low": 0.007850077370615164
            },
            "lumi_13TeV": {
                "high": 0.0,
                "low": 0.0018668963793703397
            },
            "l1PreFiring": {
                "high": 0.0,
                "low": 0.0
            },
            "psWeightFsr": {
                "high": 0.02598146833896174,
                "low": 0.022771080354375455
            },
            "extSfBDTVariation": {
                "high": 0.08682619035308371,
                "low": 0.09171333787829729
            },
            "extVarRwgt": {
                "high": 0.0776765040712536,
                "low": 0.0776765040712536
            },
            "final": {
                "central": 1.0617085902006953,
                "high": 0.1818799205310632,
                "low": 0.17510661779641074
            }
        },
        "ptbin2": {
            "jer": {
                "high": 0.0036814641763736203,
                "low": 0.0036487784124919513
            },
            "jes": {
                "high": 0.0007929337561442547,
                "low": 0.0033952701505158447
            },
            "fracBB": {
                "high": 0.01315347846779093,
                "low": 0.021337190079575907
            },
            "stats": {
                "high": 0.07965023499302615,
                "low": 0.07183598171250849
            },
            "fracLight": {
                "high": 0.038590354632950435,