{
    "tight": {
        "ptbin1": {
            "jer": {
                "high": 0.004174441171485941,
                "low": 0.0018766800235965684
            },
            "jes": {
                "high": 0.0015847840791775015,
                "low": 0.0021927751388133394
            },
            "fracBB": {
                "high": 0.0165063744979724,
                "low": 0.014112117317280947
            },
            "stats": {
                "high": 0.017714085273904723,
                "low": 0.02143323889630455
            },
            "fracLight": {
                "high": 0.0,
                "low": 0.0014775160525493226
            },
            "pu": {
                "high": 0.007406392533156043,
                "low": 0.007001174044946337
            },
            "fracCC": {
                "high": 0.007354073212019707,
                "low": 0.007457359428446278
            },
            "psWeightIsr": {
                "high": 0.001076372467940364,
                "low": 0.0012573448423898186
            },
            "lumi_13TeV": {
                "high": 0.0006837960200659032,
                "low": 0.0006678578124068591
            },
            "l1PreFiring": {
                "high": 0.0,
                "low": 0.0
            },
            "psWeightFsr": {
                "high": 0.007538690235379274,
                "low": 0.008912467831368374
            },
            "extSfBDTVariation": {
                "high": 0.02295737209333977,
                "low": 0.03335918597112028
            },
            "extVarRwgt": {
                "high": 0.027085819265981415,
                "low": 0.027085819265981415
            },
            "final": {
                "central": 0.8027323338421126,
                "high": 0.04506282619751642,
                "low": 0.0519770468932392
            }
        },
        "ptbin2": {
            "jer": {
                "high": 2.8305208723054063e-05,
                "low": 0.0004118698629611112
            },
            "jes": {
                "high": 0.0007256719872564917,
                "low": 0.0010493013786643456
            },
            "fracBB": {
                "high": 0.013561751963410517,
                "low": 0.013085021414511703
            },
            "stats": {
                "high": 0.01824321005652274,
                "low": 0.018196540060188227
            },
            "fracLight": {
                "high": 0.0016273297780930098,
                "low": 0.0018496258669227828
            },
            "pu": {
                "high": 0.0053733349507610415,
                "low": 0.004499187826709662
            },
            "fracCC": {
                "high": 0.00459258729416732,
                "low": 0.00439993182466326
            },
            "psWeightIsr": {
                "high": 0.00486271577039488,
                "low": 0.003940826010376853
            },
            "lumi_13TeV": {
                "high": 0.0006311529500420616,
                "low": 0.0007323627769274247
            },
            "l1PreFiring": {
                "high": 0.0,
                "low": 0.0
            },
            "psWeightFsr": {
                "high": 0.0029502743333368153,
                "low": 0.0027883677366989743
            },
            "extSfBDTVariation": {
                "high": 0.022306868234460327,
                "low": 0.022655937526055166
            },
            "extVarRwgt": {
                "high": 0.06437931158739807,
                "low": 0.06437931158739807
            },
            "final": {
                "central": 0.8729936858643913,
                "high": 0.07242179663267474,
                "low": 0.07230805251093955
            }
        },
        "ptbin3": {
            "jer": {
                "high": 0.0004411121776228521,
                "low": 0.0004637366984189709
            },
            "jes": {
                "high": 0.0010325980442976274,
                "low": 0.000856726979849217
            },
            "fracBB": {
                "high": 0.01379439948352205,
                "low": 0.013194101178986317
            },
            "stats": {
                "high": 0.01744886423450842,
                "low": 0.01719880037781274
            },
            "fracLight": {
                "high": 0.0006039149265038716,
                "low": 0.0007587512426212682
            },
            "pu": {
                "high": 0.004398596923699753,
                "low": 0.004231361353668228
            },
            "fracCC": {
                "high": 0.005271626434677902,
                "low": 0.005101851701825168
            },
            "psWeightIsr": {
                "high": 0.0008763160433860988,
                "low": 0.0006044487306620202
            },
            "lumi_13TeV": {
                "high": 0.0005569783350234384,
                "low": 0.0006546945199477626
            },
            "l1PreFiring": {
                "high": 0.0,
                "low": 0.0
            },
            "psWeightFsr": {
                "high": 0.008326635891160233,
                "low": 0.008564607706783703
            },
            "extSfBDTVariation": {
                "high": 0.018135047451207857,
                "low": 0.01876285218113719
            },
            "extVarRwgt": {
                "high": 0.06927614958023787,
                "low": 0.06927614958023787
            },
            "final": {
                "central": 0.8641515607657674,
                "high": 0.07577590275886296,
                "low": 0.07576752006849503
            }
        }
    },
    "medium": {
        "ptbin1": {
            "jer": {
                "high": 0.0003982974184263916,
                "low": 0.0005294380405997358
            },
            "jes": {
                "high": 0.0030732838061702326,
                "low": 0.0030571135656220784
            },
            "fracBB": {
                "high": 0.015366096681016211,
                "low": 0.01473686711558181
            },
            "stats": {
                "high": 0.018661844152706553,
                "low": 0.018605540605187043
            },
            "fracLight": {
                "high": 0.0007468100201584682,
                "low": 0.000677569909418557
            },
            "pu": {
                "high": 0.007717432949244877,
                "low": 0.0074434119588681225
            },
            "fracCC": {
                "high": 0.008484051654895196,
                "low": 0.008104163047634502
            },
            "psWeightIsr": {
                "high": 0.0005631714588689222,
                "low": 0.0009589476779766347
            },
            "lumi_13TeV": {
                "high": 0.0011310051764208038,
                "low": 0.0
            },
            "l1PreFiring": {
                "high": 0.0,
                "low": 0.0
            },
            "psWeightFsr": {
                "high": 0.0005517658026970784,
                "low": 0.0008900309110378299
            },
            "extSfBDTVariation": {
                "high": 0.02868170023718678,
                "low": 0.038320311022221006
            },
            "extVarRwgt": {
                "high": 0.011702258813513167,
                "low": 0.011702258813513167
            },
            "final": {
                "central": 0.841868961223389,
                "high": 0.0410799740473233,
                "low": 0.047918839156744
            }
        },
        "ptbin2": {
            "jer": {
                "high": 0.0007138480044322879,
                "low": 0.0006890845538704883
            },
            "jes": {
                "high": 0.0023243044333830557,
                "low": 0.003407642542038751
            },
            "fracBB": {
                "high": 0.013174059037022184,
                "low": 0.012892107597878009
            },
            "stats": {
                "high": 0.01451347589653973,