{
    "tight": {
        "ptbin1": {
            "jer": {
                "high": 0.00013593075063919287,
                "low": 0.0010044264535583082
            },
            "jes": {
                "high": 0.005043711533959339,
                "low": 0.005272770214872127
            },
            "fracBB": {
                "high": 0.02438439972544828,
                "low": 0.022451586106282874
            },
            "stats": {
                "high": 0.02352176593626165,
                "low": 0.023202714765344523
            },
            "fracLight": {
                "high": 0.0007340879769180691,
                "low": 7.747350357780997e-05
            },
            "pu": {
                "high": 0.009586847678304311,
                "low": 0.010196124465624111
            },
            "fracCC": {
                "high": 0.012473491269313453,
                "low": 0.011394737665310094
            },
            "psWeightIsr": {
                "high": 0.0028677294047117045,
                "low": 0.0020297015298457216
            },
            "lumi_13TeV": {
                "high": 0.0007349473189089912,
                "low": 0.000995859025297514
            },
            "l1PreFiring": {
                "high": 0.00012395858648283286,
                "low": 0.00021738496989450061
            },
            "psWeightFsr": {
                "high": 0.0007441339422652285,
                "low": 0.0007882733479169843
            },
            "extSfBDTVariation": {
                "high": 0.018391738868938835,
                "low": 0.019013311130749586
            },
            "extVarRwgt": {
                "high": 0.07701159593177298,
                "low": 0.07701159593177298
            },
            "final": {
                "central": 0.937910410392397,
                "high": 0.0877481597019864,
                "low": 0.0871959267101438
            }
        },
        "ptbin2": {
            "jer": {
                "high": 0.0006949129537458047,
                "low": 0.0010068125247835163
            },
            "jes": {
                "high": 0.0020146747877536784,
                "low": 0.0019013007482677573
            },
            "fracBB": {
                "high": 0.02463268530565754,
                "low": 0.021746086321527268
            },
            "stats": {
                "high": 0.02481640120131179,
                "low": 0.024356323722407702
            },
            "fracLight": {
                "high": 0.006498035643503115,
                "low": 0.0
            },
            "pu": {
                "high": 0.00873738403536154,
                "low": 0.008221436057279392
            },
            "fracCC": {
                "high": 0.008883894968774592,
                "low": 0.00870025122194895
            },
            "psWeightIsr": {
                "high": 0.004869747924968335,
                "low": 0.0014087617613042704
            },
            "lumi_13TeV": {
                "high": 0.0006201416897106585,
                "low": 0.0008995045735902999
            },
            "l1PreFiring": {
                "high": 0.00024497518362446424,
                "low": 0.00012827137054533246
            },
            "psWeightFsr": {
                "high": 0.01493123696910756,
                "low": 0.01736559545547564
            },
            "extSfBDTVariation": {
                "high": 0.02079960668734986,
                "low": 0.026746905903670286
            },
            "extVarRwgt": {
                "high": 0.07528493340180997,
                "low": 0.07528493340180997
            },
            "final": {
                "central": 0.9514896773620122,
                "high": 0.08816008402779153,
                "low": 0.08889052407574162
            }
        },
        "ptbin3": {
            "jer": {
                "high": 0.0021458748351786457,
                "low": 0.0026467726192811398
            },
            "jes": {
                "high": 0.003190345780410282,
                "low": 0.0042863971865866836
            },
            "fracBB": {
                "high": 0.029770734937803134,
                "low": 0.02685628890923576
            },
            "stats": {
                "high": 0.03400029380515801,
                "low": 0.03330629411057373
            },
            "fracLight": {
                "high": 0.0009815490692505926,
                "low": 0.0005823979667532945
            },
            "pu": {
                "high": 0.01646002771920436,
                "low": 0.01657117076501934
            },
            "fracCC": {
                "high": 0.017442634783025834,
                "low": 0.015305810059371015
            },
            "psWeightIsr": {
                "high": 0.0004157245117847702,
                "low": 0.00042546668489190875
            },
            "lumi_13TeV": {
                "high": 0.0005305973194531476,
                "low": 0.0010245116060144865
            },
            "l1PreFiring": {
                "high": 0.00048727585803783486,
                "low": 0.0006210834900448189
            },
            "psWeightFsr": {
                "high": 0.0066578893278522325,
                "low": 0.006637860418475334
            },
            "extSfBDTVariation": {
                "high": 0.030801258057056618,
                "low": 0.017374395113223376
            },
            "extVarRwgt": {
                "high": 0.10807265736930238,
                "low": 0.10807265736930238
            },
            "final": {
                "central": 0.9816769308742307,
                "high": 0.12372015696343126,
                "low": 0.11996835105545543
            }
        }
    },
    "medium": {
        "ptbin1": {
            "jer": {
                "high": 0.0012031115840151394,
                "low": 0.0009041891205305277
            },
            "jes": {
                "high": 0.004840236039573254,
                "low": 0.004390850843967087
            },
            "fracBB": {
                "high": 0.02608897460950705,
                "low": 0.024943545925654904
            },
            "stats": {
                "high": 0.020829968863236736,
                "low": 0.02050850193910536
            },
            "fracLight": {
                "high": 0.0028954512788090065,
                "low": 0.0018992725471311622
            },
            "pu": {
                "high": 0.008673479951491137,
                "low": 0.008589781430790745
            },
            "fracCC": {
                "high": 0.014294979080655097,
                "low": 0.013396077616844013
            },
            "psWeightIsr": {
                "high": 0.0031980595268374466,
                "low": 0.002322822241827624
            },
            "lumi_13TeV": {
                "high": 0.0006353208619918215,
                "low": 0.0009016571429550687
            },
            "l1PreFiring": {
                "high": 0.00032153531955738204,
                "low": 0.0
            },
            "psWeightFsr": {
                "high": 0.0012811937092496856,
                "low": 0.001417063652345544
            },
            "extSfBDTVariation": {
                "high": 0.014877825403946766,
                "low": 0.020941542484509943
            },
            "extVarRwgt": {
                "high": 0.08239040985878365,
                "low": 0.08239040985878365
            },
            "final": {
                "central": 0.9945280235511572,
                "high": 0.09191986872260226,
                "low": 0.09249142992374361
            }
        },
        "ptbin2": {
            "jer": {
                "high": 0.002203518912618792,
                "low": 0.001608361341705208
            },
            "jes": {
                "high": 0.004522763751906448,
                "low": 0.004199632499828481
            },
            "fracBB": {
                "high": 0.023755126321172413,