{
    "tight": {
        "ptbin1": {
            "jer": {
                "high": 0.012364364151953357,
                "low": 0.010977873099451783
            },
            "jes": {
                "high": 0.012147915065356686,
                "low": 0.016636697379699673
            },
            "fracBB": {
                "high": 0.0019431970869796368,
                "low": 0.0061131120497056515
            },
            "stats": {
                "high": 0.08991815511358436,
                "low": 0.09099561262654177
            },
            "fracLight": {
                "high": 0.03255439214441734,
                "low": 0.02527879818928332
            },
            "pu": {
                "high": 0.015316636208719132,
                "low": 0.019383835176466177
            },
            "fracCC": {
                "high": 0.04496515453280695,
                "low": 0.03270845090460969
            },
            "psWeightIsr": {
                "high": 0.0022699492595911,
                "low": 0.004372111073199364
            },
            "lumi_13TeV": {
                "high": 0.0,
                "low": 0.0010880292674505423
            },
            "l1PreFiring": {
                "high": 0.0006656405365224296,
                "low": 0.0013932235306547093
            },
            "psWeightFsr": {
                "high": 0.006577629865984993,
                "low": 0.008274944069613755
            },
            "extSfBDTVariation": {
                "high": 0.06495640714214757,
                "low": 0.04015512849153084
            },
            "extVarRwgt": {
                "high": 0.1490919777054983,
                "low": 0.1490919777054983
            },
            "final": {
                "central": 0.9325725060328388,
                "high": 0.1954539922445353,
                "low": 0.18636261860340567
            }
        },
        "ptbin2": {
            "jer": {
                "high": 0.0011078441043447993,
                "low": 0.0015948183469370267
            },
            "jes": {
                "high": 0.0066231154897347854,
                "low": 0.006896695811243923
            },
            "fracBB": {
                "high": 0.006309273573115207,
                "low": 0.0044047936380876085
            },
            "stats": {
                "high": 0.06346638667746873,
                "low": 0.06290918200204854
            },
            "fracLight": {
                "high": 0.019985943896481412,
                "low": 0.016956527207348807
            },
            "pu": {
                "high": 0.0271625296659227,
                "low": 0.02562904553618103
            },
            "fracCC": {
                "high": 0.03912719276806717,
                "low": 0.03266843342095939
            },
            "psWeightIsr": {
                "high": 0.012755933859195283,
                "low": 0.01210785518968223
            },
            "lumi_13TeV": {
                "high": 0.0002258458905132625,
                "low": 0.00042287444855336877
            },
            "l1PreFiring": {
                "high": 0.0,
                "low": 0.0
            },
            "psWeightFsr": {
                "high": 0.04903497413920344,
                "low": 0.04410549236184487
            },
            "extSfBDTVariation": {
                "high": 0.05011539236389005,
                "low": 0.04769702091861656
            },
            "extVarRwgt": {
                "high": 0.2271323068936677,
                "low": 0.2271323068936677
            },
            "final": {
                "central": 1.013476939749962,
                "high": 0.25189009016658104,
                "low": 0.24898729679634687
            }
        },
        "ptbin3": {
            "jer": {
                "high": 0.0031242765002849836,
                "low": 0.0012996598475030255
            },
            "jes": {
                "high": 0.0012784405228541658,
                "low": 0.0
            },
            "fracBB": {
                "high": 0.0020032184024592046,
                "low": 0.0040740700974128295
            },
            "stats": {
                "high": 0.06132976387027378,
                "low": 0.06228718839928671
            },
            "fracLight": {
                "high": 0.01450562239509431,
                "low": 0.01263783649472485
            },
            "pu": {
                "high": 0.002248918570871243,
                "low": 0.0011720771196606376
            },
            "fracCC": {
                "high": 0.024974182706171504,
                "low": 0.020158152041769108
            },
            "psWeightIsr": {
                "high": 0.0028834546724783956,
                "low": 0.003546768694427308
            },
            "lumi_13TeV": {
                "high": 0.00018434210531556065,
                "low": 0.0009294520491084664
            },
            "l1PreFiring": {
                "high": 0.0,
                "low": 0.0011005575026425787
            },
            "psWeightFsr": {
                "high": 0.0016131961963825384,
                "low": 0.0018515278045015168
            },
            "extSfBDTVariation": {
                "high": 0.028833175891954718,
                "low": 0.034795408632027285
            },
            "extVarRwgt": {
                "high": 0.059952163463224295,
                "low": 0.059952163463224295
            },
            "final": {
                "central": 0.7966188320273072,
                "high": 0.09514242728091596,
                "low": 0.0963756050514435
            }
        }
    },
    "medium": {
        "ptbin1": {
            "jer": {
                "high": 0.0,
                "low": 0.000537020163633254
            },
            "jes": {
                "high": 0.000888363351059065,
                "low": 0.0
            },
            "fracBB": {
                "high": 0.0027091962905947922,
                "low": 0.005416209347490921
            },
            "stats": {
                "high": 0.058850400014145765,
                "low": 0.05915311258025013
            },
            "fracLight": {
                "high": 0.038460538521479355,
                "low": 0.03202797898065296
            },
            "pu": {
                "high": 0.0029624987334653198,
                "low": 0.004241402092933307
            },
            "fracCC": {
                "high": 0.04427906268446557,
                "low": 0.036356605898415585
            },
            "psWeightIsr": {
                "high": 0.001369090880778924,
                "low": 0.0023515736002887215
            },
            "lumi_13TeV": {
                "high": 0.0003930995757565082,
                "low": 0.0010240290819670706
            },
            "l1PreFiring": {
                "high": 0.0018717578825249528,
                "low": 0.0017338360707202904
            },
            "psWeightFsr": {
                "high": 0.0009704679786027964,
                "low": 0.01029248249312995
            },
            "extSfBDTVariation": {
                "high": 0.080043602915719,
                "low": 0.06477120020489076
            },
            "extVarRwgt": {
                "high": 0.10761554324404177,
                "low": 0.10761554324404177
            },
            "final": {
                "central": 0.9226434766973187,
                "high": 0.15784380751547697,
                "low": 0.14760147655471284
            }
        },
        "ptbin2": {
            "jer": {
                "high": 0.007479200301355776,
                "low": 0.0068915916340207065
            },
            "jes": {
                "high": 0.00023467216471499347,
                "low": 0.00030814903673222785
            },
            "fracBB": {
                "high": 0.0027992345561781936,
                "low": 0.0036037184541660066
            },