{
    "tight": {
        "ptbin1": {
            "jer": {
                "high": 0.0036476958800623354,
                "low": 0.0029203559331631604
            },
            "jes": {
                "high": 0.001309074198702859,
                "low": 0.00030444664754650133
            },
            "fracBB": {
                "high": 0.0020267114695251202,
                "low": 0.0010785570736668436
            },
            "stats": {
                "high": 0.09829349590005054,
                "low": 0.09825431974869092
            },
            "fracLight": {
                "high": 0.02959034952525043,
                "low": 0.023411279222002843
            },
            "pu": {
                "high": 0.024188828762974564,
                "low": 0.022896938092567803
            },
            "fracCC": {
                "high": 0.04966867246775399,
                "low": 0.03811496178848424
            },
            "psWeightIsr": {
                "high": 0.0017727427987949645,
                "low": 0.003948020638175609
            },
            "lumi_13TeV": {
                "high": 0.0002228588121769112,
                "low": 0.0013634777813187587
            },
            "l1PreFiring": {
                "high": 0.0004689998119814344,
                "low": 0.001281951280442041
            },
            "psWeightFsr": {
                "high": 0.031600040224773196,
                "low": 0.02689292434534142
            },
            "extSfBDTVariation": {
                "high": 0.026745477504717,
                "low": 0.037471688257048254
            },
            "extVarRwgt": {
                "high": 0.12478917489224828,
                "low": 0.12478917489224828
            },
            "final": {
                "central": 0.9720284002190961,
                "high": 0.17577837473972824,
                "low": 0.17293810508621466
            }
        },
        "ptbin2": {
            "jer": {
                "high": 0.0018110786261341402,
                "low": 0.0046541533918970125
            },
            "jes": {
                "high": 0.01835061993529724,
                "low": 0.01879904146627518
            },
            "fracBB": {
                "high": 0.007869055257925408,
                "low": 0.019676217125958233
            },
            "stats": {
                "high": 0.10117816991557738,
                "low": 0.10499912679237766
            },
            "fracLight": {
                "high": 0.03978744750140384,
                "low": 0.032022421312388256
            },
            "pu": {
                "high": 0.006219871897406789,
                "low": 0.003139166407432542
            },
            "fracCC": {
                "high": 0.05173867492348131,
                "low": 0.032743827527345365
            },
            "psWeightIsr": {
                "high": 0.0034637097424438192,
                "low": 0.004127947327811875
            },
            "lumi_13TeV": {
                "high": 0.0009248109526695768,
                "low": 0.002919124186630248
            },
            "l1PreFiring": {
                "high": 0.0015609825409604418,
                "low": 0.0018372723572418587
            },
            "psWeightFsr": {
                "high": 0.011553952567608595,
                "low": 0.016960775278526546
            },
            "extSfBDTVariation": {
                "high": 0.024596881699440108,
                "low": 0.030116192396716535
            },
            "extVarRwgt": {
                "high": 0.02423165244645631,
                "low": 0.02423165244645631
            },
            "final": {
                "central": 1.044451708536281,
                "high": 0.12758742195208822,
                "low": 0.1253205731420875
            }
        },
        "ptbin3": {
            "jer": {
                "high": 0.030720821676966388,
                "low": 0.035622631747958815
            },
            "jes": {
                "high": 0.02081783187520234,
                "low": 0.021758532831654145
            },
            "fracBB": {
                "high": 0.0022163957242638203,
                "low": 0.005812964728634086
            },
            "stats": {
                "high": 0.1487190853106135,
                "low": 0.1471069885013906
            },
            "fracLight": {
                "high": 0.05497203806147305,
                "low": 0.037618107470209904
            },
            "pu": {
                "high": 0.024264381652153773,
                "low": 0.029365299739747275
            },
            "fracCC": {
                "high": 0.06994916947317774,
                "low": 0.04958014547635563
            },
            "psWeightIsr": {
                "high": 0.0020593524957803226,
                "low": 0.0039175388351800015
            },
            "lumi_13TeV": {
                "high": 0.0020211029521959188,
                "low": 0.0004097034180714004
            },
            "l1PreFiring": {
                "high": 0.0,
                "low": 0.0
            },
            "psWeightFsr": {
                "high": 0.008055941137077962,
                "low": 0.008230485607182517
            },
            "extSfBDTVariation": {
                "high": 0.09188067779669748,
                "low": 0.0652432472444472
            },
            "extVarRwgt": {
                "high": 0.1934694101117871,
                "low": 0.1934694101117871
            },
            "final": {
                "central": 1.1133728572219816,
                "high": 0.279191251728745,
                "low": 0.2644264627367508
            }
        }
    },
    "medium": {
        "ptbin1": {
            "jer": {
                "high": 0.007367889646282516,
                "low": 0.003258582050197269
            },
            "jes": {
                "high": 0.004452027184471769,
                "low": 0.003486890990473608
            },
            "fracBB": {
                "high": 0.004520600360284214,
                "low": 0.00465784470576405
            },
            "stats": {
                "high": 0.06860808927653594,
                "low": 0.06787976231831228
            },
            "fracLight": {
                "high": 0.04355899297921681,
                "low": 0.040161729953614604
            },
            "pu": {
                "high": 0.022195639834771703,
                "low": 0.01927199106473943
            },
            "fracCC": {
                "high": 0.05913554806501534,
                "low": 0.0507786637426977
            },
            "psWeightIsr": {
                "high": 0.0048033422466215074,
                "low": 0.0038185507127265817
            },
            "lumi_13TeV": {
                "high": 0.0002911738246393221,
                "low": 0.0006866151721763288
            },
            "l1PreFiring": {
                "high": 0.0008196957037671668,
                "low": 0.0
            },
            "psWeightFsr": {
                "high": 0.02949224591017726,
                "low": 0.04348834459302362
            },
            "extSfBDTVariation": {
                "high": 0.02652653200511332,
                "low": 0.0027376012876029433
            },
            "extVarRwgt": {
                "high": 0.17453009408244147,
                "low": 0.17453009408244147
            },
            "final": {
                "central": 1.1334270169176708,
                "high": 0.20675272529552144,
                "low": 0.20393461476711028
            }
        },
        "ptbin2": {
            "jer": {
                "high": 0.004195269531467231,
                "low": 0.004826239531608482
            },
            "jes": {
                "high": 0.016253710219744994,
                "low": 0.01536441966911623
            },
            "fracBB": {
                "high": 0.010102859567193478,
                "low": 0.010879252326068527
            },