{
    "tight": {
        "ptbin1": {
            "jer": {
                "high": 0.0010008733335069712,
                "low": 0.0009941666307092146
            },
            "jes": {
                "high": 0.0,
                "low": 0.0
            },
            "stats": {
                "high": 0.015743196671965665,
                "low": 0.016289061248478176
            },
            "pu": {
                "high": 0.006253856070241808,
                "low": 0.006421319424598665
            },
            "psWeightIsr": {
                "high": 0.00335578249512818,
                "low": 0.003147177353300254
            },
            "lumi_13TeV": {
                "high": 0.000707227230390559,
                "low": 0.000709417933241963
            },
            "l1PreFiring": {
                "high": 0.0,
                "low": 0.0
            },
            "psWeightFsr": {
                "high": 0.010065730612264316,
                "low": 0.00969650291878604
            },
            "extSfBDTVariation": {
                "high": 0.022394218431939276,
                "low": 0.0306460187272961
            },
            "extVarRwgt": {
                "high": 0.02607464876075538,
                "low": 0.02607464876075538
            },
            "final": {
                "central": 0.8241830734328037,
                "high": 0.041683980134136,
                "low": 0.04664873673663028
            },
            "fracBB": {
                "high": 0.009855248277479854,
                "low": 0.009486858721588382
            },
            "fracCC": {
                "high": 0.007575958482408561,
                "low": 0.007397900976525775
            },
            "fracLight": {
                "high": 0.0008134777072293712,
                "low": 0.0007545864659791124
            }
        },
        "ptbin2": {
            "jer": {
                "high": 4.36243703569088e-05,
                "low": 0.0
            },
            "jes": {
                "high": 4.3624288918094535e-05,
                "low": 0.0
            },
            "stats": {
                "high": 0.015505620549310706,
                "low": 0.014035999774932861
            },
            "pu": {
                "high": 0.003759753163190891,
                "low": 4.0904727016677674e-05
            },
            "psWeightIsr": {
                "high": 0.0070247525746771535,
                "low": 0.005517376419672086
            },
            "lumi_13TeV": {
                "high": 0.0005422973770266824,
                "low": 0.0
            },
            "l1PreFiring": {
                "high": 0.0,
                "low": 0.0
            },
            "psWeightFsr": {
                "high": 0.0020770182187478036,
                "low": 0.0018123550671958887
            },
            "extSfBDTVariation": {
                "high": 0.026916456393964047,
                "low": 0.021914460633383176
            },
            "extVarRwgt": {
                "high": 0.03285100841094302,
                "low": 0.03285100841094302
            },
            "final": {
                "central": 0.8557230003338173,
                "high": 0.046938936873889454,
                "low": 0.04392510350484957
            },
            "fracBB": {
                "high": 0.008429561738749128,
                "low": 0.010942161919878972
            },
            "fracCC": {
                "high": 0.004451801980261456,
                "low": 0.00441450702888576
            },
            "fracLight": {
                "high": 0.0004293086942313323,
                "low": 0.00019131791864973474
            }
        },
        "ptbin3": {
            "jer": {
                "high": 0.0003830095422242851,
                "low": 0.00036766178719002673
            },
            "jes": {
                "high": 0.0015686090331033687,
                "low": 0.0012480287287281362
            },
            "stats": {
                "high": 0.013937346846864984,
                "low": 0.014135368325557729
            },
            "pu": {
                "high": 0.004548312935356048,
                "low": 0.0038773571540905816
            },
            "psWeightIsr": {
                "high": 0.0027222036626884084,
                "low": 0.0025696457167032664
            },
            "lumi_13TeV": {
                "high": 0.0006364609371341546,
                "low": 0.000626190359938075
            },
            "l1PreFiring": {
                "high": 0.0,
                "low": 0.0
            },
            "psWeightFsr": {
                "high": 0.008134132238511775,
                "low": 0.008429344898711714
            },
            "extSfBDTVariation": {
                "high": 0.020881245224902485,
                "low": 0.022414490747682113
            },
            "extVarRwgt": {
                "high": 0.017822534868586537,
                "low": 0.017822534868586537
            },
            "final": {
                "central": 0.8541454224709619,
                "high": 0.03385697152622753,
                "low": 0.034710701863557306
            },
            "fracBB": {
                "high": 0.00872459939443844,
                "low": 0.008144044839485625
            },
            "fracCC": {
                "high": 0.004974464441516812,
                "low": 0.004911783586477315
            },
            "fracLight": {
                "high": 0.00048768606169775826,
                "low": 0.0
            }
        }
    },
    "medium": {
        "ptbin1": {
            "jer": {
                "high": 0.0015868596165663105,
                "low": 0.0016002180050843791
            },
            "jes": {
                "high": 0.0006516078613770535,
                "low": 0.0005621559232261496
            },
            "stats": {
                "high": 0.016462879308429712,
                "low": 0.016222269272427536
            },
            "pu": {
                "high": 0.007077866180079812,
                "low": 0.00705464830728194
            },
            "psWeightIsr": {
                "high": 0.002323842938153401,
                "low": 0.002581191549020634
            },
            "lumi_13TeV": {
                "high": 0.00031595231669756177,
                "low": 0.0006172523438364243
            },
            "l1PreFiring": {
                "high": 0.0,
                "low": 0.0
            },
            "psWeightFsr": {
                "high": 0.0011662755358090126,
                "low": 0.0013909302403619774
            },
            "extSfBDTVariation": {
                "high": 0.028266849799668058,
                "low": 0.03696117238355816
            },
            "extVarRwgt": {
                "high": 0.013758852063095128,
                "low": 0.013758852063095128
            },
            "final": {
                "central": 0.8695713777109412,
                "high": 0.03903672338243022,
                "low": 0.045575097850415774
            },
            "fracBB": {
                "high": 0.010747236737270403,
                "low": 0.010551649413672913
            },
            "fracCC": {
                "high": 0.009434159968688283,
                "low": 0.009239882754178079
            },
            "fracLight": {
                "high": 0.0003360378188709627,
                "low": 0.00039685528729476604
            }
        },
        "ptbin2": {
            "jer": {
                "high": 5.2855316803863126e-05,
                "low": 0.00025152620229239314
            },
            "jes": {
                "high": 0.0016357568865247873,
                "low": 0.0016349373757192378
            },
            "stats": {
                "high": 0.012122085761909873,
                "low": 0.012175382757208086
            },
            "pu": {
                "high": 0.0041401745537771525,
                "low": 0.0038671952183585113
            },