{
    "tight": {
        "ptbin1": {
            "jer": {
                "high": 0.0018266167633456233,
                "low": 0.0005490612391988749
            },
            "jes": {
                "high": 0.0027510131189398416,
                "low": 0.005210196593342754
            },
            "fracBB": {
                "high": 0.010377784781497817,
                "low": 0.018268589847736102
            },
            "stats": {
                "high": 0.1111686150357577,
                "low": 0.11956062747701823
            },
            "fracLight": {
                "high": 0.026332311030830183,
                "low": 0.017036434578302558
            },
            "pu": {
                "high": 0.0160002737059301,
                "low": 0.011091070760190645
            },
            "fracCC": {
                "high": 0.029561441121375258,
                "low": 0.011949938411834643
            },
            "psWeightIsr": {
                "high": 0.0,
                "low": 0.006431656687529782
            },
            "lumi_13TeV": {
                "high": 0.00032173396848180093,
                "low": 0.0008580784347697559
            },
            "l1PreFiring": {
                "high": 0.0,
                "low": 0.0
            },
            "psWeightFsr": {
                "high": 0.013951745414546015,
                "low": 0.012233749764627988
            },
            "extSfBDTVariation": {
                "high": 0.05747603088448467,
                "low": 0.04622236844057935
            },
            "extVarRwgt": {
                "high": 0.10343493886044508,
                "low": 0.10343493886044508
            },
            "final": {
                "central": 0.6993453637050894,
                "high": 0.1688072825092618,
                "low": 0.16804477581071794
            }
        },
        "ptbin2": {
            "jer": {
                "high": 0.0017861776373015374,
                "low": 0.00108996858908951
            },
            "jes": {
                "high": 0.008404891215555245,
                "low": 0.006526652806747931
            },
            "fracBB": {
                "high": 0.002738876664606804,
                "low": 0.005375407984433828
            },
            "stats": {
                "high": 0.06525371839594785,
                "low": 0.06608750926205609
            },
            "fracLight": {
                "high": 0.014921967669543013,
                "low": 0.013530678526924423
            },
            "pu": {
                "high": 0.001523230555023475,
                "low": 0.0037048144644352926
            },
            "fracCC": {
                "high": 0.027463226503847263,
                "low": 0.020790779819270837
            },
            "psWeightIsr": {
                "high": 0.0061835037124877736,
                "low": 0.004203251451938542
            },
            "lumi_13TeV": {
                "high": 0.0012228839207817988,
                "low": 0.002374124451293009
            },
            "l1PreFiring": {
                "high": 0.00026989518701885454,
                "low": 0.0
            },
            "psWeightFsr": {
                "high": 0.0026530845790211388,
                "low": 0.0033004060252683587
            },
            "extSfBDTVariation": {
                "high": 0.05183722156346269,
                "low": 0.04394460578959373
            },
            "extVarRwgt": {
                "high": 0.015882830580654872,
                "low": 0.015882830580654872
            },
            "final": {
                "central": 0.8092127336271164,
                "high": 0.09113067929270552,
                "low": 0.08536322849321994
            }
        },
        "ptbin3": {
            "jer": {
                "high": 0.0005190880835157379,
                "low": 0.0001801703046901591
            },
            "jes": {
                "high": 0.008197046428183792,
                "low": 0.008161910566035472
            },
            "fracBB": {
                "high": 0.0036459863438175516,
                "low": 0.004535367530496396
            },
            "stats": {
                "high": 0.05453877127171336,
                "low": 0.053974842218064145
            },
            "fracLight": {
                "high": 0.016714348103683465,
                "low": 0.014709205845535919
            },
            "pu": {
                "high": 0.005798331735045177,
                "low": 0.00553651943848367
            },
            "fracCC": {
                "high": 0.030172189930296658,
                "low": 0.025936169590165977
            },
            "psWeightIsr": {
                "high": 0.0021470336752587374,
                "low": 0.001177081556047409
            },
            "lumi_13TeV": {
                "high": 0.0,
                "low": 0.0006630339314960493
            },
            "l1PreFiring": {
                "high": 0.0,
                "low": 0.0
            },
            "psWeightFsr": {
                "high": 0.01584326256385073,
                "low": 0.014240332853919326
            },
            "extSfBDTVariation": {
                "high": 0.039536286516975896,
                "low": 0.029209092832315518
            },
            "extVarRwgt": {
                "high": 0.1251899337057626,
                "low": 0.1251899337057626
            },
            "final": {
                "central": 0.9003447956312813,
                "high": 0.14754489409631988,
                "low": 0.14370282889751693
            }
        }
    },
    "medium": {
        "ptbin1": {
            "jer": {
                "high": 0.000650165325603312,
                "low": 0.0014278025753337795
            },
            "jes": {
                "high": 0.009258729924994479,
                "low": 0.009532666501123034
            },
            "fracBB": {
                "high": 0.007328604227249383,
                "low": 0.010687877849444105
            },
            "stats": {
                "high": 0.06067683520966549,
                "low": 0.0612593252033532
            },
            "fracLight": {
                "high": 0.036545455221092434,
                "low": 0.029296666966612622
            },
            "pu": {
                "high": 0.002872219135559986,
                "low": 0.002925988941595177
            },
            "fracCC": {
                "high": 0.03170825371907491,
                "low": 0.023752634182568014
            },
            "psWeightIsr": {
                "high": 0.009037604691174693,
                "low": 0.010285665938241113
            },
            "lumi_13TeV": {
                "high": 0.0015609630394501225,
                "low": 0.0023021678009607087
            },
            "l1PreFiring": {
                "high": 0.0,
                "low": 0.0
            },
            "psWeightFsr": {
                "high": 0.0090798650415415,
                "low": 0.007717304355917594
            },
            "extSfBDTVariation": {
                "high": 0.07640464890163348,
                "low": 0.06096082210330866
            },
            "extVarRwgt": {
                "high": 0.013364830699789332,
                "low": 0.013364830699789332
            },
            "final": {
                "central": 0.7628818920893087,
                "high": 0.11114681635791884,
                "low": 0.0972439302136871
            }
        },
        "ptbin2": {
            "jer": {
                "high": 0.0025008321828238218,
                "low": 0.0031892315826576303
            },
            "jes": {
                "high": 0.0017231852788538629,
                "low": 0.0015814835154388783
            },
            "fracBB": {
                "high": 0.002899947583666117,
                "low": 0.0036854653014466825
            },
            "stats": {
                "high": 0.03989612094245221,