{
    "tight": {
        "ptbin1": {
            "jer": {
                "high": 0.0061105352033770325,
                "low": 0.01232879024955268
            },
            "jes": {
                "high": 0.01633729903203214,
                "low": 0.03512282741710968
            },
            "fracBB": {
                "high": 0.009022035116609685,
                "low": 0.0024308016189770586
            },
            "stats": {
                "high": 0.09320221301958109,
                "low": 0.10573905886172374
            },
            "fracLight": {
                "high": 0.040375720533755696,
                "low": 0.024430981603419753
            },
            "pu": {
                "high": 0.0468479299850439,
                "low": 0.05724014787902157
            },
            "fracCC": {
                "high": 0.06748841275985171,
                "low": 0.046184984929841535
            },
            "psWeightIsr": {
                "high": 0.01049842953497392,
                "low": 0.010357263649229302
            },
            "lumi_13TeV": {
                "high": 0.0011500681881727976,
                "low": 0.0006589807045592865
            },
            "l1PreFiring": {
                "high": 0.002206370760204797,
                "low": 0.005274378547943909
            },
            "psWeightFsr": {
                "high": 0.023188513652384717,
                "low": 0.011673832839288733
            },
            "extSfBDTVariation": {
                "high": 0.08161212450180476,
                "low": 0.05675088368002513
            },
            "extVarRwgt": {
                "high": 0.05917366104415589,
                "low": 0.05917366104415589
            },
            "final": {
                "central": 1.0587488357499677,
                "high": 0.1681311534571074,
                "low": 0.159914412210031
            }
        },
        "ptbin2": {
            "jer": {
                "high": 0.005816219028221524,
                "low": 0.001084781974226876
            },
            "jes": {
                "high": 0.004162111475188146,
                "low": 0.004002665155428204
            },
            "fracBB": {
                "high": 0.009217725315327325,
                "low": 0.0006039976542194647
            },
            "stats": {
                "high": 0.06718848836916447,
                "low": 0.07824569348305199
            },
            "fracLight": {
                "high": 0.02582604711768318,
                "low": 0.021908050804628407
            },
            "pu": {
                "high": 0.015441030678560555,
                "low": 0.01193267652267876
            },
            "fracCC": {
                "high": 0.046914575259253154,
                "low": 0.036215779032275006
            },
            "psWeightIsr": {
                "high": 0.002888303251205322,
                "low": 0.0015098754459571474
            },
            "lumi_13TeV": {
                "high": 0.0005496687180228413,
                "low": 0.0013458317934221299
            },
            "l1PreFiring": {
                "high": 0.0012614090246396066,
                "low": 0.0015687169226413329
            },
            "psWeightFsr": {
                "high": 0.02872348097667775,
                "low": 0.020462167223998032
            },
            "extSfBDTVariation": {
                "high": 0.04450173423473696,
                "low": 0.04177402616276096
            },
            "extVarRwgt": {
                "high": 0.09757874722756221,
                "low": 0.09757874722756221
            },
            "final": {
                "central": 1.0271102885300727,
                "high": 0.1417536197733611,
                "low": 0.14059096298044196
            }
        },
        "ptbin3": {
            "jer": {
                "high": 0.010224025178997766,
                "low": 0.012735474565591105
            },
            "jes": {
                "high": 0.0027699738653829816,
                "low": 0.004757733983423819
            },
            "fracBB": {
                "high": 0.008702493723718265,
                "low": 0.013805139708827055
            },
            "stats": {
                "high": 0.12585894240201156,
                "low": 0.13049538259083016
            },
            "fracLight": {
                "high": 0.03358751074193857,
                "low": 0.020230500701470696
            },
            "pu": {
                "high": 0.027599092677249883,
                "low": 0.024986922686635108
            },
            "fracCC": {
                "high": 0.037228779337786726,
                "low": 0.016945192504067542
            },
            "psWeightIsr": {
                "high": 0.014483914098702816,
                "low": 0.016902547261409762
            },
            "lumi_13TeV": {
                "high": 0.0,
                "low": 0.0011162517966861235
            },
            "l1PreFiring": {
                "high": 0.0,
                "low": 0.0012513277726369932
            },
            "psWeightFsr": {
                "high": 0.03715318972536002,
                "low": 0.020659129026085955
            },
            "extSfBDTVariation": {
                "high": 0.04791684143633101,
                "low": 0.016195559358040297
            },
            "extVarRwgt": {
                "high": 0.05104517897238414,
                "low": 0.05104517897238414
            },
            "final": {
                "central": 0.6526789164219813,
                "high": 0.16060802190290974,
                "low": 0.14936006197275956
            }
        }
    },
    "medium": {
        "ptbin1": {
            "jer": {
                "high": 0.0012171043730281744,
                "low": 0.0013059567492286594
            },
            "jes": {
                "high": 0.017782427863590907,
                "low": 0.017546843065980887
            },
            "fracBB": {
                "high": 0.0068771263729534285,
                "low": 0.005426505493292669
            },
            "stats": {
                "high": 0.07241469288785574,
                "low": 0.07106400969985516
            },
            "fracLight": {
                "high": 0.05498916301013968,
                "low": 0.04300128165619945
            },
            "pu": {
                "high": 0.04509086074375941,
                "low": 0.04279056314402684
            },
            "fracCC": {
                "high": 0.06733643803195981,
                "low": 0.05828472520133101
            },
            "psWeightIsr": {
                "high": 0.021464596338308675,
                "low": 0.01764226997535148
            },
            "lumi_13TeV": {
                "high": 0.0013467750427004416,
                "low": 0.0
            },
            "l1PreFiring": {
                "high": 0.0017242347395092015,
                "low": 0.00230194712236996
            },
            "psWeightFsr": {
                "high": 0.023351086326764327,
                "low": 0.018178011354193686
            },
            "extSfBDTVariation": {
                "high": 0.05493308358536402,
                "low": 0.04443367466351292
            },
            "extVarRwgt": {
                "high": 0.10641138051486321,
                "low": 0.10641138051486321
            },
            "final": {
                "central": 1.1922032563275509,
                "high": 0.17479096900957491,
                "low": 0.16251466713281545
            }
        },
        "ptbin2": {
            "jer": {
                "high": 0.004887417714799846,
                "low": 0.004416250598243714
            },
            "jes": {
                "high": 0.007647523232564369,
                "low": 0.007142037284385588
            },
            "fracBB": {
                "high": 0.004373545571725327,
                "low": 0.0049403630390076544
            },