{
    "tight": {
        "ptbin1": {
            "jer": {
                "high": 0.004471735630642304,
                "low": 0.004518120715922803
            },
            "jes": {
                "high": 0.004448867909840795,
                "low": 0.004359601928322442
            },
            "stats": {
                "high": 0.0223479908875025,
                "low": 0.021673353461629463
            },
            "pu": {
                "high": 0.011068170818138021,
                "low": 0.011054701772295405
            },
            "psWeightIsr": {
                "high": 0.003741763530801912,
                "low": 0.003445574254945485
            },
            "lumi_13TeV": {
                "high": 0.0006115549448682716,
                "low": 0.0009627267561726762
            },
            "l1PreFiring": {
                "high": 0.0012255063995805534,
                "low": 0.0012745735935096492
            },
            "psWeightFsr": {
                "high": 0.013265889836981657,
                "low": 0.011762648255934446
            },
            "extSfBDTVariation": {
                "high": 0.044799050694632546,
                "low": 0.03543764851715705
            },
            "extVarRwgt": {
                "high": 0.01993852125123552,
                "low": 0.01993852125123552
            },
            "final": {
                "central": 0.8658198063203998,
                "high": 0.060416216206129025,
                "low": 0.0527148343583284
            },
            "fracBB": {
                "high": 0.01527825497704017,
                "low": 0.014363806397946158
            },
            "fracCC": {
                "high": 0.012590964885909882,
                "low": 0.011622311232324094
            },
            "fracLight": {
                "high": 0.00027512881984681975,
                "low": 0.0
            }
        },
        "ptbin2": {
            "jer": {
                "high": 0.0014533276831645648,
                "low": 0.0014437860128254788
            },
            "jes": {
                "high": 0.006197361301623825,
                "low": 0.006171930732285379
            },
            "stats": {
                "high": 0.022038003219852054,
                "low": 0.021593831182425638
            },
            "pu": {
                "high": 0.008348460248673879,
                "low": 0.007856804616175548
            },
            "psWeightIsr": {
                "high": 0.0034766224387239022,
                "low": 0.0031743990910086707
            },
            "lumi_13TeV": {
                "high": 0.0007632782721772533,
                "low": 0.000968765074185995
            },
            "l1PreFiring": {
                "high": 0.00027198574135531566,
                "low": 0.0003749332268781753
            },
            "psWeightFsr": {
                "high": 0.011846585200661026,
                "low": 0.009267748375146271
            },
            "extSfBDTVariation": {
                "high": 0.03288946981946989,
                "low": 0.025109190458984694
            },
            "extVarRwgt": {
                "high": 0.03854036320807519,
                "low": 0.03854036320807519
            },
            "final": {
                "central": 0.8961031228423769,
                "high": 0.06089046423836176,
                "low": 0.055979355227361985
            },
            "fracBB": {
                "high": 0.01570994800518023,
                "low": 0.015012106856197912
            },
            "fracCC": {
                "high": 0.012030889361039672,
                "low": 0.011287162512470174
            },
            "fracLight": {
                "high": 0.0002284106878830896,
                "low": 0.0
            }
        },
        "ptbin3": {
            "jer": {
                "high": 0.0005917365809953449,
                "low": 0.00046335671258985567
            },
            "jes": {
                "high": 0.005313656193301892,
                "low": 0.005043572577088201
            },
            "stats": {
                "high": 0.02904158710998006,
                "low": 0.028513095616739093
            },
            "pu": {
                "high": 0.012688004313164476,
                "low": 0.012116724166378968
            },
            "psWeightIsr": {
                "high": 0.0032461941906625053,
                "low": 0.002943145736185502
            },
            "lumi_13TeV": {
                "high": 0.0007980156219038185,
                "low": 0.001045020972448873
            },
            "l1PreFiring": {
                "high": 0.0005139527425150798,
                "low": 0.0005065166362579456
            },
            "psWeightFsr": {
                "high": 0.006036323583632032,
                "low": 0.005810561777476628
            },
            "extSfBDTVariation": {
                "high": 0.020755324659042174,
                "low": 0.010136832686963183
            },
            "extVarRwgt": {
                "high": 0.07597911670174662,
                "low": 0.07597911670174662
            },
            "final": {
                "central": 0.9291707080608076,
                "high": 0.09001514782876067,
                "low": 0.08720339244731896
            },
            "fracBB": {
                "high": 0.018583898839905855,
                "low": 0.01738951955047843
            },
            "fracCC": {
                "high": 0.021738857856771526,
                "low": 0.01993338889417564
            },
            "fracLight": {
                "high": 0.0005635956187739461,
                "low": 0.0
            }
        }
    },
    "medium": {
        "ptbin1": {
            "jer": {
                "high": 0.002651651999100835,
                "low": 0.0026919324859844547
            },
            "jes": {
                "high": 0.0030774132271425957,
                "low": 0.0031464678962278003
            },
            "stats": {
                "high": 0.019922840566801492,
                "low": 0.019623865885358027
            },
            "pu": {
                "high": 0.008958198827856029,
                "low": 0.008889368529678143
            },
            "psWeightIsr": {
                "high": 0.0034478824304683283,
                "low": 0.0035293198867706117
            },
            "lumi_13TeV": {
                "high": 0.0005903954347192263,
                "low": 0.0008072812101601666
            },
            "l1PreFiring": {
                "high": 0.0008744638541407555,
                "low": 0.0009960390665668018
            },
            "psWeightFsr": {
                "high": 0.008760122624019949,
                "low": 0.007862619980080348
            },
            "extSfBDTVariation": {
                "high": 0.03138694757625472,
                "low": 0.037487661951959385
            },
            "extVarRwgt": {
                "high": 0.023070110988301473,
                "low": 0.023070110988301473
            },
            "final": {
                "central": 0.9277721700063796,
                "high": 0.051423205705868454,
                "low": 0.05450453214425816
            },
            "fracBB": {
                "high": 0.016897183357110615,
                "low": 0.016054669502479964
            },
            "fracCC": {
                "high": 0.01596271298631717,
                "low": 0.014711609265030233
            },
            "fracLight": {
                "high": 0.00180029058358433,
                "low": 0.0013494110433801836
            }
        },
        "ptbin2": {
            "jer": {
                "high": 0.0007943676752880655,
                "low": 0.0006096683763862486
            },
            "jes": {
                "high": 0.006939846475169836,
                "low": 0.0059019401345824585
            },
            "stats": {
                "high": 0.0195916344180177,