{
    "tight": {
        "ptbin1": {
            "jer": {
                "high": 0.0110654712013075,
                "low": 0.009512297377272787
            },
            "jes": {
                "high": 0.008225194701638015,
                "low": 0.0021085626266164484
            },
            "stats": {
                "high": 0.08948182784960268,
                "low": 0.09404982126279493
            },
            "pu": {
                "high": 0.012593993005249934,
                "low": 0.009871829954652054
            },
            "psWeightIsr": {
                "high": 0.0019461189016247995,
                "low": 0.0016636429309818122
            },
            "lumi_13TeV": {
                "high": 0.0006723362921422893,
                "low": 0.0011227642103568561
            },
            "l1PreFiring": {
                "high": 0.0,
                "low": 0.0
            },
            "psWeightFsr": {
                "high": 0.017480836299149476,
                "low": 0.015033739285407145
            },
            "extSfBDTVariation": {
                "high": 0.07203752206782538,
                "low": 0.06676443289078436
            },
            "extVarRwgt": {
                "high": 0.11318980596354467,
                "low": 0.11318980596354467
            },
            "final": {
                "central": 0.7988677714688948,
                "high": 0.16715940517394223,
                "low": 0.16485383262547432
            },
            "fracBB": {
                "high": 0.003576463740298922,
                "low": 0.010100463826694647
            },
            "fracCC": {
                "high": 0.02427133320885981,
                "low": 0.01312061176681424
            },
            "fracLight": {
                "high": 0.025952216885114038,
                "low": 0.019115471933185534
            }
        },
        "ptbin2": {
            "jer": {
                "high": 0.007150537545974325,
                "low": 0.006796241540239067
            },
            "jes": {
                "high": 0.0072585292058689205,
                "low": 0.008873301117313916
            },
            "stats": {
                "high": 0.05485812179859839,
                "low": 0.05642406589617499
            },
            "pu": {
                "high": 0.0030879643240446495,
                "low": 0.004179338838924106
            },
            "psWeightIsr": {
                "high": 0.0,
                "low": 0.0017161348386335942
            },
            "lumi_13TeV": {
                "high": 0.0019838432858173415,
                "low": 0.0029454640409313435
            },
            "l1PreFiring": {
                "high": 0.0,
                "low": 0.0
            },
            "psWeightFsr": {
                "high": 0.005242354036140725,
                "low": 0.004108781572868916
            },
            "extSfBDTVariation": {
                "high": 0.05316643201618056,
                "low": 0.038519147392634116
            },
            "extVarRwgt": {
                "high": 0.02530173134478053,
                "low": 0.02530173134478053
            },
            "final": {
                "central": 0.7977512481273237,
                "high": 0.08622446367305041,
                "low": 0.07794997384369268
            },
            "fracBB": {
                "high": 0.004505917567175403,
                "low": 0.00798355933142981
            },
            "fracCC": {
                "high": 0.020680122015108996,
                "low": 0.01604759358342452
            },
            "fracLight": {
                "high": 0.01913788783224235,
                "low": 0.016627212560247497
            }
        },
        "ptbin3": {
            "jer": {
                "high": 0.0005273339006023016,
                "low": 0.0004272508372963129
            },
            "jes": {
                "high": 0.003435712105071232,
                "low": 0.004489299141456937
            },
            "stats": {
                "high": 0.04665976317704257,
                "low": 0.04651861881563679
            },
            "pu": {
                "high": 0.0027843112115166044,
                "low": 0.0024077571103589233
            },
            "psWeightIsr": {
                "high": 0.00431276976265548,
                "low": 0.004541941630752043
            },
            "lumi_13TeV": {
                "high": 0.0,
                "low": 0.0009705110502666499
            },
            "l1PreFiring": {
                "high": 1.6724811008663967e-06,
                "low": 1.7454317151527628e-05
            },
            "psWeightFsr": {
                "high": 0.011173277184357736,
                "low": 0.010304948031376049
            },
            "extSfBDTVariation": {
                "high": 0.04166993309812677,
                "low": 0.03392170609556939
            },
            "extVarRwgt": {
                "high": 0.06472995508164647,
                "low": 0.06472995508164647
            },
            "final": {
                "central": 0.8665618812287311,
                "high": 0.0954700319525845,
                "low": 0.09114348043065161
            },
            "fracBB": {
                "high": 0.000519448537819819,
                "low": 0.0018907142043749483
            },
            "fracCC": {
                "high": 0.02461463537603621,
                "low": 0.02137026959234014
            },
            "fracLight": {
                "high": 0.015550466328608743,
                "low": 0.013723798603871962
            }
        }
    },
    "medium": {
        "ptbin1": {
            "jer": {
                "high": 0.0012250820562415734,
                "low": 0.000522571002924575
            },
            "jes": {
                "high": 0.003478143418377171,
                "low": 0.002092515851649565
            },
            "stats": {
                "high": 0.05247240690988375,
                "low": 0.05259642822121313
            },
            "pu": {
                "high": 0.00944214246649494,
                "low": 0.00984489431191312
            },
            "psWeightIsr": {
                "high": 0.010048471504544852,
                "low": 0.010957503174632482
            },
            "lumi_13TeV": {
                "high": 0.0,
                "low": 0.0007705681845361174
            },
            "l1PreFiring": {
                "high": 0.0,
                "low": 0.0
            },
            "psWeightFsr": {
                "high": 0.005273088067688579,
                "low": 0.004907939120814489
            },
            "extSfBDTVariation": {
                "high": 0.07569732489789169,
                "low": 0.060648024879571646
            },
            "extVarRwgt": {
                "high": 0.04921919801373498,
                "low": 0.04921919801373498
            },
            "final": {
                "central": 0.8447878186710415,
                "high": 0.1165214780917892,
                "low": 0.10387534131472187
            },
            "fracBB": {
                "high": 0.0033870694209604973,
                "low": 0.006266150226500561
            },
            "fracCC": {
                "high": 0.03029309102543416,
                "low": 0.02445249810782946
            },
            "fracLight": {
                "high": 0.038866763503775645,
                "low": 0.032240943375154284
            }
        },
        "ptbin2": {
            "jer": {
                "high": 0.0007075941341607839,
                "low": 0.0003315052930855598
            },
            "jes": {
                "high": 0.00033313906741110186,
                "low": 0.00031994267850258743
            },
            "stats": {
                "high": 0.03572234197557167,
                "low": 0.035602675253738614
            },
            "pu": {
                "high": 0.006465084879496088,