{
    "tight": {
        "ptbin1": {
            "jer": {
                "high": 0.0,
                "low": 0.002691039774051121
            },
            "jes": {
                "high": 0.0,
                "low": 0.000684025488741649
            },
            "fracBB": {
                "high": 0.018713608449456715,
                "low": 0.01508110758885125
            },
            "stats": {
                "high": 0.014026105403900146,
                "low": 0.017378097280415505
            },
            "fracLight": {
                "high": 0.0029286339981111974,
                "low": 0.0021178717992611593
            },
            "pu": {
                "high": 0.0,
                "low": 0.0013584532875296788
            },
            "fracCC": {
                "high": 0.006268416278466286,
                "low": 0.005880810422474159
            },
            "psWeightIsr": {
                "high": 0.002137722784688333,
                "low": 0.0017250877490761327
            },
            "lumi_13TeV": {
                "high": 0.0,
                "low": 0.0015008924364398703
            },
            "l1PreFiring": {
                "high": 0.0,
                "low": 0.0008873868444002575
            },
            "psWeightFsr": {
                "high": 0.0008689811078990257,
                "low": 0.0008872132791811661
            },
            "extSfBDTVariation": {
                "high": 0.02870517048000898,
                "low": 0.0296808266032821
            },
            "extVarRwgt": {
                "high": 0.028074825134765113,
                "low": 0.028074825134765113
            },
            "final": {
                "central": 0.7958642610577943,
                "high": 0.04703432862714809,
                "low": 0.04747644518611659
            }
        },
        "ptbin2": {
            "jer": {
                "high": 0.00044997196969365216,
                "low": 0.0004725308094557807
            },
            "jes": {
                "high": 0.00035586592977037844,
                "low": 0.0006262755765272541
            },
            "fracBB": {
                "high": 0.013342248181058622,
                "low": 0.01281300493299549
            },
            "stats": {
                "high": 0.013004536971651381,
                "low": 0.012738603823695516
            },
            "fracLight": {
                "high": 0.0010838786496866926,
                "low": 0.0007081388487608454
            },
            "pu": {
                "high": 0.00415024919026917,
                "low": 0.0037040122202352866
            },
            "fracCC": {
                "high": 0.0065328898045637325,
                "low": 0.006230621786478895
            },
            "psWeightIsr": {
                "high": 0.0016630432648275253,
                "low": 0.0010256935865839325
            },
            "lumi_13TeV": {
                "high": 0.0007368872325712508,
                "low": 0.000917462935500296
            },
            "l1PreFiring": {
                "high": 0.001328472187293932,
                "low": 0.0011324375875693096
            },
            "psWeightFsr": {
                "high": 0.0008674650163527414,
                "low": 0.0007246052999455709
            },
            "extSfBDTVariation": {
                "high": 0.03696429496120749,
                "low": 0.029865433955218262
            },
            "extVarRwgt": {
                "high": 0.02016638683313643,
                "low": 0.02016638683313643
            },
            "final": {
                "central": 0.8363863865968278,
                "high": 0.046769744532728766,
                "low": 0.04101744751682905
            }
        },
        "ptbin3": {
            "jer": {
                "high": 0.0012292599132705823,
                "low": 0.0016182526768455628
            },
            "jes": {
                "high": 0.0016408269805516997,
                "low": 0.0
            },
            "fracBB": {
                "high": 0.014182592661050132,
                "low": 0.012270568868572043
            },
            "stats": {
                "high": 0.004069626331329346,
                "low": 0.015854186661409808
            },
            "fracLight": {
                "high": 0.000846053106614135,
                "low": 0.001505685814074167
            },
            "pu": {
                "high": 0.012634334712404473,
                "low": 0.0006072249997397467
            },
            "fracCC": {
                "high": 0.004947957704131359,
                "low": 0.005413471159330794
            },
            "psWeightIsr": {
                "high": 0.0011068821092221608,
                "low": 0.0013169375949686178
            },
            "lumi_13TeV": {
                "high": 0.0,
                "low": 0.0007621214260920432
            },
            "l1PreFiring": {
                "high": 8.829982557838414e-05,
                "low": 0.0
            },
            "psWeightFsr": {
                "high": 0.0,
                "low": 0.0010285675310980997
            },
            "extSfBDTVariation": {
                "high": 0.033922895399133554,
                "low": 0.03351997413616337
            },
            "extVarRwgt": {
                "high": 0.020158566442018633,
                "low": 0.020158566442018633
            },
            "final": {
                "central": 0.8367662501493588,
                "high": 0.04432790177042018,
                "low": 0.04437875657085199
            }
        }
    },
    "medium": {
        "ptbin1": {
            "jer": {
                "high": 0.002110789336356698,
                "low": 0.003738395780858033
            },
            "jes": {
                "high": 0.0025038088920521805,
                "low": 0.0028925217800464345
            },
            "fracBB": {
                "high": 0.017260985476520396,
                "low": 0.015868138807741686
            },
            "stats": {
                "high": 0.014268251684202649,
                "low": 0.018240030658554174
            },
            "fracLight": {
                "high": 0.004169380508609542,
                "low": 0.0013732391334340863
            },
            "pu": {
                "high": 0.003015753376220839,
                "low": 0.004381642189173092
            },
            "fracCC": {
                "high": 0.00685164998257269,
                "low": 0.007020735585842778
            },
            "psWeightIsr": {
                "high": 0.0004824051052166872,
                "low": 0.0004042535090104675
            },
            "lumi_13TeV": {
                "high": 0.0011110724508791238,
                "low": 0.001866429671131676
            },
            "l1PreFiring": {
                "high": 0.0012511817450407787,
                "low": 0.00028442109932034587
            },
            "psWeightFsr": {
                "high": 0.0029695181532569006,
                "low": 0.005610978009595161
            },
            "extSfBDTVariation": {
                "high": 0.03398425517182658,
                "low": 0.03731539981342907
            },
            "extVarRwgt": {
                "high": 0.027722245635700027,
                "low": 0.027722245635700027
            },
            "final": {
                "central": 0.8801491281058863,
                "high": 0.05020932103940904,
                "low": 0.05360398354219459
            }
        },
        "ptbin2": {
            "jer": {
                "high": 0.0,
                "low": 0.0006958681745845536
            },
            "jes": {
                "high": 0.0,
                "low": 0.0041150892206773095
            },
            "fracBB": {
                "high": 0.015477053907265647,
                "low": 0.011208948547481121
            },
            "stats": {
                "high": 0.009948968887329102,