{
    "tight": {
        "ptbin1": {
            "jer": {
                "high": 0.01681156092941303,
                "low": 0.01805931770716706
            },
            "jes": {
                "high": 0.017096777318668994,
                "low": 0.019552354181553155
            },
            "stats": {
                "high": 0.08291438203521362,
                "low": 0.0827260826386973
            },
            "pu": {
                "high": 0.011228490975733111,
                "low": 0.014936856395332059
            },
            "psWeightIsr": {
                "high": 0.0036332376690476936,
                "low": 0.0019630911086350035
            },
            "lumi_13TeV": {
                "high": 0.00042591477984207736,
                "low": 0.0012727376457584165
            },
            "l1PreFiring": {
                "high": 0.00031999690951050263,
                "low": 0.0008820092444405772
            },
            "psWeightFsr": {
                "high": 0.008191871103700865,
                "low": 0.010901074073750293
            },
            "extSfBDTVariation": {
                "high": 0.07426552679374622,
                "low": 0.05068405521747946
            },
            "extVarRwgt": {
                "high": 0.1726050963394723,
                "low": 0.1726050963394723
            },
            "final": {
                "central": 0.9846349440106725,
                "high": 0.21435490960185363,
                "low": 0.20506094007223144
            },
            "fracBB": {
                "high": 0.0012716049243391382,
                "low": 0.001810878949397928
            },
            "fracCC": {
                "high": 0.04083544525254125,
                "low": 0.03123244002856521
            },
            "fracLight": {
                "high": 0.03625735576470767,
                "low": 0.0284538034902179
            }
        },
        "ptbin2": {
            "jer": {
                "high": 0.0,
                "low": 0.0013457541224857843
            },
            "jes": {
                "high": 0.010715495138827217,
                "low": 0.022726687362485645
            },
            "stats": {
                "high": 0.06950940991339305,
                "low": 0.06871571173627311
            },
            "pu": {
                "high": 0.028717319131621455,
                "low": 0.02689421428071003
            },
            "psWeightIsr": {
                "high": 0.007983362071132377,
                "low": 0.014284650132356271
            },
            "lumi_13TeV": {
                "high": 0.0,
                "low": 0.0004617072246166692
            },
            "l1PreFiring": {
                "high": 0.0,
                "low": 0.0005979462082966267
            },
            "psWeightFsr": {
                "high": 0.03196273153187324,
                "low": 0.025039303364027314
            },
            "extSfBDTVariation": {
                "high": 0.05877039190690229,
                "low": 0.04142384528913159
            },
            "extVarRwgt": {
                "high": 0.2692618097479489,
                "low": 0.2692618097479489
            },
            "final": {
                "central": 1.0605283350315553,
                "high": 0.2924130529899672,
                "low": 0.2888008421391338
            },
            "fracBB": {
                "high": 0.002885173557044392,
                "low": 0.005149471039854426
            },
            "fracCC": {
                "high": 0.04124443737547222,
                "low": 0.03506395548662127
            },
            "fracLight": {
                "high": 0.03136822474804682,
                "low": 0.033719748178444614
            }
        },
        "ptbin3": {
            "jer": {
                "high": 0.001419581555603454,
                "low": 0.0015361935706534895
            },
            "jes": {
                "high": 0.0045718956679982525,
                "low": 0.003466109264393681
            },
            "stats": {
                "high": 0.06259880403617601,
                "low": 0.06393702954284941
            },
            "pu": {
                "high": 0.00034417504029476037,
                "low": 0.004166038993017131
            },
            "psWeightIsr": {
                "high": 0.004875018272510104,
                "low": 0.00452566176433292
            },
            "lumi_13TeV": {
                "high": 0.0005506011404626536,
                "low": 0.0011609711351252166
            },
            "l1PreFiring": {
                "high": 0.0008634764706970979,
                "low": 0.0005847424597843954
            },
            "psWeightFsr": {
                "high": 0.006098967129471421,
                "low": 0.003269019787388878
            },
            "extSfBDTVariation": {
                "high": 0.031934601151356275,
                "low": 0.03530346323034903
            },
            "extVarRwgt": {
                "high": 0.05127227220122521,
                "low": 0.05127227220122521
            },
            "final": {
                "central": 0.7868834419555352,
                "high": 0.09167426579327206,
                "low": 0.09233717096044051
            },
            "fracBB": {
                "high": 0.004048548790532249,
                "low": 0.00564144800924162
            },
            "fracCC": {
                "high": 0.0212537874673755,
                "low": 0.016259662131781868
            },
            "fracLight": {
                "high": 0.016844405923037535,
                "low": 0.01422107118657658
            }
        }
    },
    "medium": {
        "ptbin1": {
            "jer": {
                "high": 0.009798583331126166,
                "low": 0.009578353133535573
            },
            "jes": {
                "high": 0.012535616603057754,
                "low": 0.015138684210162665
            },
            "stats": {
                "high": 0.058616995217612766,
                "low": 0.05896006049401181
            },
            "pu": {
                "high": 0.002358197125601681,
                "low": 0.003967045490969047
            },
            "psWeightIsr": {
                "high": 0.00038100395597851937,
                "low": 0.0010596402892354506
            },
            "lumi_13TeV": {
                "high": 0.0012759970063741738,
                "low": 0.0017584657481604844
            },
            "l1PreFiring": {
                "high": 0.0024664402739904903,
                "low": 0.0010634027647314999
            },
            "psWeightFsr": {
                "high": 0.001188188103205276,
                "low": 0.00255561948472845
            },
            "extSfBDTVariation": {
                "high": 0.07526156254288657,
                "low": 0.0605800956532635
            },
            "extVarRwgt": {
                "high": 0.1364025510817113,
                "low": 0.1364025510817113
            },
            "final": {
                "central": 0.9580463059012161,
                "high": 0.1768838101831748,
                "low": 0.16818599381095958
            },
            "fracBB": {
                "high": 0.001946669332423039,
                "low": 0.005294158825140998
            },
            "fracCC": {
                "high": 0.0387987337094352,
                "low": 0.03082382904330609
            },
            "fracLight": {
                "high": 0.04248360526211322,
                "low": 0.034755721560549804
            }
        },
        "ptbin2": {
            "jer": {
                "high": 0.0011080332591850736,
                "low": 0.001343640530523518
            },
            "jes": {
                "high": 0.005960907760706684,
                "low": 0.005344993137404441
            },
            "stats": {
                "high": 0.047626635186214905,
                "low": 0.047479867742779125
            },