{
    "tight": {
        "ptbin1": {
            "jer": {
                "high": 0.004709722024377343,
                "low": 0.004538120442509478
            },
            "jes": {
                "high": 0.0010071143404438607,
                "low": 0.0006806645464149959
            },
            "fracBB": {
                "high": 0.022439041244406877,
                "low": 0.020940561140314718
            },
            "stats": {
                "high": 0.02194758010679354,
                "low": 0.021435589624579587
            },
            "fracLight": {
                "high": 0.0003235871583266055,
                "low": 0.0006570043005358639
            },
            "pu": {
                "high": 0.011712963188487642,
                "low": 0.011165426834281513
            },
            "fracCC": {
                "high": 0.0089335490151916,
                "low": 0.008225822795672844
            },
            "psWeightIsr": {
                "high": 0.0022955139253897578,
                "low": 0.002447814132184738
            },
            "lumi_13TeV": {
                "high": 0.000999986566860979,
                "low": 0.0012515323474657448
            },
            "l1PreFiring": {
                "high": 0.00021737801557635068,
                "low": 0.0002131148052476519
            },
            "psWeightFsr": {
                "high": 0.01319312891489609,
                "low": 0.010412695027629554
            },
            "extSfBDTVariation": {
                "high": 0.05455290653566497,
                "low": 0.04605378219584892
            },
            "extVarRwgt": {
                "high": 0.01575085210706384,
                "low": 0.01575085210706384
            },
            "final": {
                "central": 0.859423767217734,
                "high": 0.06804405435697196,
                "low": 0.0599739941645622
            }
        },
        "ptbin2": {
            "jer": {
                "high": 0.002105074657223473,
                "low": 0.0019463103888540134
            },
            "jes": {
                "high": 0.0036119021972297284,
                "low": 0.0033756333993275383
            },
            "fracBB": {
                "high": 0.022211331275600873,
                "low": 0.020920714499555394
            },
            "stats": {
                "high": 0.022137667482283074,
                "low": 0.021597856594911535
            },
            "fracLight": {
                "high": 0.0004943511158045994,
                "low": 0.0010860679300468015
            },
            "pu": {
                "high": 0.008752612994850917,
                "low": 0.008250605717062735
            },
            "fracCC": {
                "high": 0.009890816258472246,
                "low": 0.009134759173654423
            },
            "psWeightIsr": {
                "high": 0.0008795545467972413,
                "low": 0.0006295903799226684
            },
            "lumi_13TeV": {
                "high": 0.0008920947761433721,
                "low": 0.001181469650236486
            },
            "l1PreFiring": {
                "high": 0.00028436932427221273,
                "low": 0.00024589793016075985
            },
            "psWeightFsr": {
                "high": 0.011291537642683699,
                "low": 0.008412792631375503
            },
            "extSfBDTVariation": {
                "high": 0.03177408647467008,
                "low": 0.02788153173551545
            },
            "extVarRwgt": {
                "high": 0.05384474707551601,
                "low": 0.05384474707551601
            },
            "final": {
                "central": 0.9035806120154468,
                "high": 0.07220509743344226,
                "low": 0.06943548799300546
            }
        },
        "ptbin3": {
            "jer": {
                "high": 0.0004381159412642995,
                "low": 0.0003291898958554507
            },
            "jes": {
                "high": 0.005889759408549778,
                "low": 0.006512059530955781
            },
            "fracBB": {
                "high": 0.026054021405007833,
                "low": 0.02347615485029147
            },
            "stats": {
                "high": 0.028158205544660198,
                "low": 0.027519933583481926
            },
            "fracLight": {
                "high": 0.00025293973731977407,
                "low": 9.577800820774325e-05
            },
            "pu": {
                "high": 0.012174948249841869,
                "low": 0.011395744039497883
            },
            "fracCC": {
                "high": 0.015659648059351442,
                "low": 0.014119720515274483
            },
            "psWeightIsr": {
                "high": 0.006627945832743365,
                "low": 0.004817576704550579
            },
            "lumi_13TeV": {
                "high": 0.0010758617468995346,
                "low": 0.0013854305211262962
            },
            "l1PreFiring": {
                "high": 0.0,
                "low": 0.0
            },
            "psWeightFsr": {
                "high": 0.010207089725691378,
                "low": 0.008405360225333653
            },
            "extSfBDTVariation": {
                "high": 0.02753484444439694,
                "low": 0.021762561836038086
            },
            "extVarRwgt": {
                "high": 0.07503057909021149,
                "low": 0.07503057909021149
            },
            "final": {
                "central": 0.9265156227864313,
                "high": 0.09185362383296287,
                "low": 0.08876475005804807
            }
        }
    },
    "medium": {
        "ptbin1": {
            "jer": {
                "high": 0.0027815171217441584,
                "low": 0.0019091604795101987
            },
            "jes": {
                "high": 0.00036645375464490276,
                "low": 0.00044832586511829163
            },
            "fracBB": {
                "high": 0.025417099596950852,
                "low": 0.02405294557064999
            },
            "stats": {
                "high": 0.019618585501619434,
                "low": 0.01918065526870316
            },
            "fracLight": {
                "high": 0.0013228914261023063,
                "low": 0.0011088593270175088
            },
            "pu": {
                "high": 0.009033395965873641,
                "low": 0.008619727917703204
            },
            "fracCC": {
                "high": 0.011539711613464225,
                "low": 0.010817092399768401
            },
            "psWeightIsr": {
                "high": 0.0011032798177115694,
                "low": 0.001876627398787853
            },
            "lumi_13TeV": {
                "high": 0.0008195460160068641,
                "low": 0.0011625009460071508
            },
            "l1PreFiring": {
                "high": 0.0,
                "low": 0.0
            },
            "psWeightFsr": {
                "high": 0.010346043288857496,
                "low": 0.008578880997210797
            },
            "extSfBDTVariation": {
                "high": 0.03531296667544003,
                "low": 0.04428175344613861
            },
            "extVarRwgt": {
                "high": 0.02364699176715601,
                "low": 0.02364699176715601
            },
            "final": {
                "central": 0.9304762500723738,
                "high": 0.05630630653603242,
                "low": 0.06116645026733695
            }
        },
        "ptbin2": {
            "jer": {
                "high": 0.000274697139474553,
                "low": 0.00018294095597755448
            },
            "jes": {
                "high": 0.0033345009305637227,
                "low": 0.0033505258724937765
            },
            "fracBB": {
                "high": 0.02316045013397719,