{
    "tight": {
        "ptbin1": {
            "jer": {
                "high": 0.0010720222331427906,
                "low": 0.0030758968602991117
            },
            "jes": {
                "high": 0.0008527899266295145,
                "low": 0.0010620867752694735
            },
            "stats": {
                "high": 0.018492710578776106,
                "low": 0.015878551681425046
            },
            "pu": {
                "high": 0.0006003136097852056,
                "low": 0.0024480973787917425
            },
            "psWeightIsr": {
                "high": 0.004000005401968985,
                "low": 0.0036279154005002686
            },
            "lumi_13TeV": {
                "high": 0.0011294227223364478,
                "low": 0.0013073003881710905
            },
            "l1PreFiring": {
                "high": 0.0009050573822840214,
                "low": 0.0011592282065593068
            },
            "psWeightFsr": {
                "high": 0.0010240408266951576,
                "low": 0.0010524530285783175
            },
            "extSfBDTVariation": {
                "high": 0.023816475905571385,
                "low": 0.024971294885067462
            },
            "extVarRwgt": {
                "high": 0.025822452754219016,
                "low": 0.025822452754219016
            },
            "final": {
                "central": 0.7957545145352308,
                "high": 0.04228308575248845,
                "low": 0.042319079781029785
            },
            "fracBB": {
                "high": 0.010762946032288225,
                "low": 0.011929894131748822
            },
            "fracCC": {
                "high": 0.007802267899895836,
                "low": 0.007495887057357162
            },
            "fracLight": {
                "high": 0.0037092758838892068,
                "low": 0.003999519508819252
            }
        },
        "ptbin2": {
            "jer": {
                "high": 0.0007752349985415926,
                "low": 0.0
            },
            "jes": {
                "high": 0.0007485547465557716,
                "low": 0.0
            },
            "stats": {
                "high": 0.012999437971878303,
                "low": 0.007773876190185547
            },
            "pu": {
                "high": 0.0036405975792357763,
                "low": 0.0
            },
            "psWeightIsr": {
                "high": 0.0010078850193466712,
                "low": 0.0011565080300603191
            },
            "lumi_13TeV": {
                "high": 0.0006031661844788223,
                "low": 0.0
            },
            "l1PreFiring": {
                "high": 0.0014130539955197606,
                "low": 0.0
            },
            "psWeightFsr": {
                "high": 0.0007678141520280315,
                "low": 0.00092988883091199
            },
            "extSfBDTVariation": {
                "high": 0.033359423758914014,
                "low": 0.026483534764053955
            },
            "extVarRwgt": {
                "high": 0.03104574540169036,
                "low": 0.03104574540169036
            },
            "final": {
                "central": 0.8250150299076747,
                "high": 0.048873923850197454,
                "low": 0.04431018706593705
            },
            "fracBB": {
                "high": 0.009014785821533183,
                "low": 0.013969756318280764
            },
            "fracCC": {
                "high": 0.006560422923558043,
                "low": 0.006318215919433089
            },
            "fracLight": {
                "high": 0.0005467133093564854,
                "low": 0.0006837087058073507
            }
        },
        "ptbin3": {
            "jer": {
                "high": 0.0005735614915838371,
                "low": 0.0
            },
            "jes": {
                "high": 0.0008806984516237476,
                "low": 0.0
            },
            "stats": {
                "high": 0.013892534830029613,
                "low": 0.006139576435089111
            },
            "pu": {
                "high": 0.0032861526328697376,
                "low": 0.0
            },
            "psWeightIsr": {
                "high": 0.0019354330153471665,
                "low": 0.0021927962842696177
            },
            "lumi_13TeV": {
                "high": 0.0006910758833022524,
                "low": 0.0
            },
            "l1PreFiring": {
                "high": 0.0,
                "low": 0.0
            },
            "psWeightFsr": {
                "high": 0.003526381256497753,
                "low": 0.0019885464492500463
            },
            "extSfBDTVariation": {
                "high": 0.03256197174196447,
                "low": 0.029357204363894284
            },
            "extVarRwgt": {
                "high": 0.007604807082216891,
                "low": 0.007604807082216891
            },
            "final": {
                "central": 0.8239673531296474,
                "high": 0.03832177164970107,
                "low": 0.03520034740902407
            },
            "fracBB": {
                "high": 0.009643913743644145,
                "low": 0.015456104439046546
            },
            "fracCC": {
                "high": 0.005961650821882619,
                "low": 0.00580614025525333
            },
            "fracLight": {
                "high": 0.0005856719754100812,
                "low": 0.0005713304411432167
            }
        }
    },
    "medium": {
        "ptbin1": {
            "jer": {
                "high": 0.004556050216230893,
                "low": 0.006542497974422041
            },
            "jes": {
                "high": 0.002402644593836004,
                "low": 0.005091730981020417
            },
            "stats": {
                "high": 0.01572063498271914,
                "low": 0.017497316772294602
            },
            "pu": {
                "high": 0.005100971974670953,
                "low": 0.006299223346978557
            },
            "psWeightIsr": {
                "high": 0.0029711080711970496,
                "low": 0.0026044614415648513
            },
            "lumi_13TeV": {
                "high": 0.0009579788544845193,
                "low": 0.0011429663037555657
            },
            "l1PreFiring": {
                "high": 0.0010623300193169035,
                "low": 0.0004486641640614956
            },
            "psWeightFsr": {
                "high": 0.004434006849277262,
                "low": 0.006743522676656808
            },
            "extSfBDTVariation": {
                "high": 0.02738802012167622,
                "low": 0.03222970313384294
            },
            "extVarRwgt": {
                "high": 0.02104785197250969,
                "low": 0.02104785197250969
            },
            "final": {
                "central": 0.8845944733526695,
                "high": 0.043762434500211264,
                "low": 0.04751622585232068
            },
            "fracBB": {
                "high": 0.015233093704308481,
                "low": 0.013542967266318432
            },
            "fracCC": {
                "high": 0.01036323038097518,
                "low": 0.009798173182517212
            },
            "fracLight": {
                "high": 0.007236610006123074,
                "low": 0.005317651763409618
            }
        },
        "ptbin2": {
            "jer": {
                "high": 0.0,
                "low": 4.703346585248247e-05
            },
            "jes": {
                "high": 0.0,
                "low": 8.478615634695944e-05
            },
            "stats": {
                "high": 0.009572195327811617,
                "low": 0.004638314247131348
            },
            "pu": {
                "high": 0.0030620278514797246,
                "low": 0.0
            },