{
    "tight": {
        "ptbin1": {
            "jer": {
                "high": 0.0010740502963533165,
                "low": 0.0013618825082341362
            },
            "jes": {
                "high": 0.0007975561922279161,
                "low": 0.0014569742002065829
            },
            "stats": {
                "high": 0.023478848849562417,
                "low": 0.023099475181882934
            },
            "pu": {
                "high": 0.009288072074615294,
                "low": 0.0094231347385857
            },
            "psWeightIsr": {
                "high": 0.006643994134186433,
                "low": 0.0058227579590033034
            },
            "lumi_13TeV": {
                "high": 0.0007400218007711976,
                "low": 0.0009198202505204515
            },
            "l1PreFiring": {
                "high": 0.00013829262113944642,
                "low": 0.00022891027120415918
            },
            "psWeightFsr": {
                "high": 0.002076252085001354,
                "low": 0.0016526356192124159
            },
            "extSfBDTVariation": {
                "high": 0.019733214105780553,
                "low": 0.02047869254920863
            },
            "extVarRwgt": {
                "high": 0.06323578035100397,
                "low": 0.06323578035100397
            },
            "final": {
                "central": 0.933306489061935,
                "high": 0.07447556674823178,
                "low": 0.0740471048114445
            },
            "fracBB": {
                "high": 0.015226049444430623,
                "low": 0.014040250804101926
            },
            "fracCC": {
                "high": 0.015310698602277094,
                "low": 0.014213925204688603
            },
            "fracLight": {
                "high": 0.001965138564670552,
                "low": 0.0013325726074869244
            }
        },
        "ptbin2": {
            "jer": {
                "high": 0.0006454662128913506,
                "low": 0.0009343119279995672
            },
            "jes": {
                "high": 0.00076358718530265,
                "low": 0.0008438092828684585
            },
            "stats": {
                "high": 0.02483246680747353,
                "low": 0.02433232467036983
            },
            "pu": {
                "high": 0.009123817845196402,
                "low": 0.008496425063031126
            },
            "psWeightIsr": {
                "high": 0.00591270869718576,
                "low": 0.006222541412252639
            },
            "lumi_13TeV": {
                "high": 0.0008795983500213559,
                "low": 0.0011864580912407763
            },
            "l1PreFiring": {
                "high": 0.0,
                "low": 0.00023907790474167484
            },
            "psWeightFsr": {
                "high": 0.020673057575860805,
                "low": 0.018763534403316257
            },
            "extSfBDTVariation": {
                "high": 0.0258470938648009,
                "low": 0.027819278971767156
            },
            "extVarRwgt": {
                "high": 0.06855248082816501,
                "low": 0.06855248082816501
            },
            "final": {
                "central": 0.9499818580856448,
                "high": 0.0829370495584374,
                "low": 0.08274367787898232
            },
            "fracBB": {
                "high": 0.01359706308442917,
                "low": 0.013093088782561525
            },
            "fracCC": {
                "high": 0.012712760570303662,
                "low": 0.011970849753186958
            },
            "fracLight": {
                "high": 0.0007855694079606763,
                "low": 0.000582923215654711
            }
        },
        "ptbin3": {
            "jer": {
                "high": 0.002105304209072755,
                "low": 0.003118555075214097
            },
            "jes": {
                "high": 0.00044310223012620917,
                "low": 0.000956891642453584
            },
            "stats": {
                "high": 0.03489776659299637,
                "low": 0.03438719913229227
            },
            "pu": {
                "high": 0.01661760810044932,
                "low": 0.01613433125558807
            },
            "psWeightIsr": {
                "high": 0.006315825524388077,
                "low": 0.005596444375651686
            },
            "lumi_13TeV": {
                "high": 0.0008053170532110344,
                "low": 0.0011964048049118456
            },
            "l1PreFiring": {
                "high": 0.0005831925374888676,
                "low": 0.0007069330680810407
            },
            "psWeightFsr": {
                "high": 0.006447929983944305,
                "low": 0.006752391055891017
            },
            "extSfBDTVariation": {
                "high": 0.02940702505629332,
                "low": 0.02414162071771345
            },
            "extVarRwgt": {
                "high": 0.09937121608640653,
                "low": 0.09937121608640653
            },
            "final": {
                "central": 0.9743369971109104,
                "high": 0.11488701172492241,
                "low": 0.11254355276733681
            },
            "fracBB": {
                "high": 0.02015172699997454,
                "low": 0.018021127527389325
            },
            "fracCC": {
                "high": 0.021671126423309515,
                "low": 0.018729546431417696
            },
            "fracLight": {
                "high": 0.001673969118693447,
                "low": 0.0008686974140169146
            }
        }
    },
    "medium": {
        "ptbin1": {
            "jer": {
                "high": 6.824871713735772e-05,
                "low": 0.0001722024430870346
            },
            "jes": {
                "high": 0.0007379604138207015,
                "low": 0.000815215510459114
            },
            "stats": {
                "high": 0.020868848488628577,
                "low": 0.020530234793443514
            },
            "pu": {
                "high": 0.008976107603330926,
                "low": 0.00891938492938212
            },
            "psWeightIsr": {
                "high": 0.006178703118092621,
                "low": 0.005537452038211294
            },
            "lumi_13TeV": {
                "high": 0.0004084820953693618,
                "low": 0.0007198611141869889
            },
            "l1PreFiring": {
                "high": 0.0,
                "low": 0.0
            },
            "psWeightFsr": {
                "high": 0.0018780912439155847,
                "low": 0.00180656592179294
            },
            "extSfBDTVariation": {
                "high": 0.010859308305552125,
                "low": 0.017254812977392005
            },
            "extVarRwgt": {
                "high": 0.07126394965849214,
                "low": 0.07126394965849214
            },
            "final": {
                "central": 0.9923943489839884,
                "high": 0.07998876352754886,
                "low": 0.08044332793740556
            },
            "fracBB": {
                "high": 0.017378476246415933,
                "low": 0.0164087923579272
            },
            "fracCC": {
                "high": 0.018149820842014282,
                "low": 0.01678451554370332
            },
            "fracLight": {
                "high": 0.0034361007499871476,
                "low": 0.002777986091977492
            }
        },
        "ptbin2": {
            "jer": {
                "high": 0.00026615368856769455,
                "low": 0.0008898994822154704
            },
            "jes": {
                "high": 0.001909415073309846,
                "low": 0.0020054344025743605
            },
            "stats": {
                "high": 0.020719698823318033,