{
    "tight": {
        "ptbin1": {
            "jer": {
                "high": 0.0021364587429356964,
                "low": 0.016473100172718864
            },
            "jes": {
                "high": 0.01768897139313351,
                "low": 0.03250806477732415
            },
            "stats": {
                "high": 0.10195074083816458,
                "low": 0.10645597733028322
            },
            "pu": {
                "high": 0.053688146317377124,
                "low": 0.05870402059643462
            },
            "psWeightIsr": {
                "high": 0.019584990272851325,
                "low": 0.02115666365060692
            },
            "lumi_13TeV": {
                "high": 0.0,
                "low": 0.0009324417636342818
            },
            "l1PreFiring": {
                "high": 0.007425924768727557,
                "low": 0.011733018656886576
            },
            "psWeightFsr": {
                "high": 0.022278063658630068,
                "low": 0.012341186950522056
            },
            "extSfBDTVariation": {
                "high": 0.05409505032504445,
                "low": 0.052991292297173885
            },
            "extVarRwgt": {
                "high": 0.04029496188221604,
                "low": 0.04029496188221604
            },
            "final": {
                "central": 1.0332424172524342,
                "high": 0.159610485243745,
                "low": 0.15457223479100138
            },
            "fracBB": {
                "high": 0.005436680360163405,
                "low": 0.019876365444612246
            },
            "fracCC": {
                "high": 0.05717345889226942,
                "low": 0.03228505060920003
            },
            "fracLight": {
                "high": 0.055663413071699135,
                "low": 0.03431914079237285
            }
        },
        "ptbin2": {
            "jer": {
                "high": 0.0027988037394009262,
                "low": 0.00498237759624465
            },
            "jes": {
                "high": 0.00814253900303052,
                "low": 0.009759573420372964
            },
            "stats": {
                "high": 0.06757188664287272,
                "low": 0.0795690880373442
            },
            "pu": {
                "high": 0.015176274448854466,
                "low": 0.01159903557762506
            },
            "psWeightIsr": {
                "high": 0.008128044022339052,
                "low": 0.006130036110795225
            },
            "lumi_13TeV": {
                "high": 0.0006666244253180723,
                "low": 0.001560230752922409
            },
            "l1PreFiring": {
                "high": 0.0027149580912785316,
                "low": 0.0027003295324544764
            },
            "psWeightFsr": {
                "high": 0.026206215904856774,
                "low": 0.017548106268864334
            },
            "extSfBDTVariation": {
                "high": 0.04236749169371265,
                "low": 0.04087119325964355
            },
            "extVarRwgt": {
                "high": 0.09487722598755122,
                "low": 0.09487722598755122
            },
            "final": {
                "central": 1.0278044444327208,
                "high": 0.14007375612270262,
                "low": 0.13998348102187438
            },
            "fracBB": {
                "high": 0.004365939877376255,
                "low": 0.0017804266771323486
            },
            "fracCC": {
                "high": 0.042836059850076845,
                "low": 0.03219265878543927
            },
            "fracLight": {
                "high": 0.036591196819260145,
                "low": 0.030701874167533054
            }
        },
        "ptbin3": {
            "jer": {
                "high": 0.009726446094242941,
                "low": 0.0
            },
            "jes": {
                "high": 0.003982910968407626,
                "low": 0.0
            },
            "stats": {
                "high": 0.1258180680943688,
                "low": 0.13003191279048198
            },
            "pu": {
                "high": 0.029128904804684032,
                "low": 0.004124055086746656
            },
            "psWeightIsr": {
                "high": 0.018801046022979252,
                "low": 0.0
            },
            "lumi_13TeV": {
                "high": 0.0,
                "low": 0.003003467504580515
            },
            "l1PreFiring": {
                "high": 0.0029366687540745753,
                "low": 0.0
            },
            "psWeightFsr": {
                "high": 0.03492831414866281,
                "low": 0.0
            },
            "extSfBDTVariation": {
                "high": 0.05700170149300801,
                "low": 0.05693517732526375
            },
            "extVarRwgt": {
                "high": 0.036294874427250434,
                "low": 0.036294874427250434
            },
            "final": {
                "central": 0.6602277924031253,
                "high": 0.15907933353223888,
                "low": 0.14659796547371462
            },
            "fracBB": {
                "high": 0.01340071311817286,
                "low": 0.0
            },
            "fracCC": {
                "high": 0.02275335411102124,
                "low": 0.0
            },
            "fracLight": {
                "high": 0.040884868939708045,
                "low": 0.0
            }
        }
    },
    "medium": {
        "ptbin1": {
            "jer": {
                "high": 0.0050348896904665,
                "low": 0.005972377956293681
            },
            "jes": {
                "high": 0.027510825390907313,
                "low": 0.025760252629604248
            },
            "stats": {
                "high": 0.07529158346876663,
                "low": 0.07388073651730287
            },
            "pu": {
                "high": 0.04062752010278798,
                "low": 0.0396480425773795
            },
            "psWeightIsr": {
                "high": 0.029862816126749056,
                "low": 0.02648667025392349
            },
            "lumi_13TeV": {
                "high": 0.00025980444867494895,
                "low": 0.0008924569545132346
            },
            "l1PreFiring": {
                "high": 0.004617315915805527,
                "low": 0.006926021506963003
            },
            "psWeightFsr": {
                "high": 0.024782679994808127,
                "low": 0.0188613015065185
            },
            "extSfBDTVariation": {
                "high": 0.04673235818089025,
                "low": 0.041786608191490826
            },
            "extVarRwgt": {
                "high": 0.09328795560329084,
                "low": 0.09328795560329084
            },
            "final": {
                "central": 1.1724155676085524,
                "high": 0.16960128704686236,
                "low": 0.15684013097281035
            },
            "fracBB": {
                "high": 0.01609842119856558,
                "low": 0.01770182993140281
            },
            "fracCC": {
                "high": 0.043378009507582915,
                "low": 0.038421127528998476
            },
            "fracLight": {
                "high": 0.07815535844747563,
                "low": 0.05937067039975694
            }
        },
        "ptbin2": {
            "jer": {
                "high": 0.0012225040209052655,
                "low": 0.001040770924529554
            },
            "jes": {
                "high": 0.017798608243887196,
                "low": 0.015686230323344715
            },
            "stats": {
                "high": 0.061031006975935664,
                "low": 0.06008528915234579
            },
            "pu": {
                "high": 0.0038646329714753036,
                "low": 0.00255647521696773
            },