{
    "tight": {
        "ptbin1": {
            "jer": {
                "high": 0.001768690791960952,
                "low": 0.0004032775590301447
            },
            "jes": {
                "high": 0.001425149603729705,
                "low": 0.0
            },
            "stats": {
                "high": 0.09812994045300316,
                "low": 0.09698523631428002
            },
            "pu": {
                "high": 0.02171585533831195,
                "low": 0.02037621526571941
            },
            "psWeightIsr": {
                "high": 0.0031987258306944086,
                "low": 0.0
            },
            "lumi_13TeV": {
                "high": 0.0,
                "low": 0.0019619714740524404
            },
            "l1PreFiring": {
                "high": 0.0016866042902741391,
                "low": 0.0021722932944211793
            },
            "psWeightFsr": {
                "high": 0.027685623525494567,
                "low": 0.023664861926707737
            },
            "extSfBDTVariation": {
                "high": 0.03120843968571464,
                "low": 0.03959680170977043
            },
            "extVarRwgt": {
                "high": 0.12843449461752543,
                "low": 0.12843449461752543
            },
            "final": {
                "central": 0.9732753195437044,
                "high": 0.17736278545810588,
                "low": 0.17402289936189463
            },
            "fracBB": {
                "high": 0.0025940582224630087,
                "low": 0.006349818597759022
            },
            "fracCC": {
                "high": 0.036536950297077916,
                "low": 0.026967153570863697
            },
            "fracLight": {
                "high": 0.04196374216924044,
                "low": 0.03260720564128677
            }
        },
        "ptbin2": {
            "jer": {
                "high": 0.0011883421175734527,
                "low": 0.0018000183998966447
            },
            "jes": {
                "high": 0.012449158438661201,
                "low": 0.00900014008815518
            },
            "stats": {
                "high": 0.0708170967444437,
                "low": 0.09577664657002827
            },
            "pu": {
                "high": 0.005887184716086677,
                "low": 0.004790071578253059
            },
            "psWeightIsr": {
                "high": 0.011630686736079107,
                "low": 0.006962416188967553
            },
            "lumi_13TeV": {
                "high": 0.0006369811380616216,
                "low": 0.0028670936100901124
            },
            "l1PreFiring": {
                "high": 0.0006280549098078015,
                "low": 0.000918890852936866
            },
            "psWeightFsr": {
                "high": 0.008458566417702179,
                "low": 0.012813264677082695
            },
            "extSfBDTVariation": {
                "high": 0.05045397167477274,
                "low": 0.036023761898261016
            },
            "extVarRwgt": {
                "high": 0.10232775851097697,
                "low": 0.10232775851097697
            },
            "final": {
                "central": 1.0807587948210937,
                "high": 0.14691448689807612,
                "low": 0.15220234365197752
            },
            "fracBB": {
                "high": 0.004314435583879769,
                "low": 0.011304073874007475
            },
            "fracCC": {
                "high": 0.03778832313855904,
                "low": 0.02113916735764412
            },
            "fracLight": {
                "high": 0.04131569998324866,
                "low": 0.036333901090227744
            }
        },
        "ptbin3": {
            "jer": {
                "high": 0.042512171768665424,
                "low": 0.04569533273276556
            },
            "jes": {
                "high": 0.03613957389387641,
                "low": 0.038457815310901845
            },
            "stats": {
                "high": 0.14669945099367476,
                "low": 0.14264193742482556
            },
            "pu": {
                "high": 0.023213393242243145,
                "low": 0.027535813143743346
            },
            "psWeightIsr": {
                "high": 0.0034789995038540665,
                "low": 0.0017442731914548495
            },
            "lumi_13TeV": {
                "high": 0.0015416925053465724,
                "low": 0.0009624763888878712
            },
            "l1PreFiring": {
                "high": 0.001162510784927611,
                "low": 0.002691880204841565
            },
            "psWeightFsr": {
                "high": 0.018949080213651718,
                "low": 0.01862570054006115
            },
            "extSfBDTVariation": {
                "high": 0.09850619013014843,
                "low": 0.07948797395782246
            },
            "extVarRwgt": {
                "high": 0.2134015549216508,
                "low": 0.2134015549216508
            },
            "final": {
                "central": 1.156275128483187,
                "high": 0.3033316537051792,
                "low": 0.2869131072710617
            },
            "fracBB": {
                "high": 0.0,
                "low": 0.004845072111773354
            },
            "fracCC": {
                "high": 0.057171460090476835,
                "low": 0.03923987828530513
            },
            "fracLight": {
                "high": 0.08917709003847255,
                "low": 0.062186691551912136
            }
        }
    },
    "medium": {
        "ptbin1": {
            "jer": {
                "high": 0.003384012324918839,
                "low": 0.0026379750368554357
            },
            "jes": {
                "high": 0.003122828452121795,
                "low": 0.00273439402882212
            },
            "stats": {
                "high": 0.06740317882887625,
                "low": 0.06711615615490785
            },
            "pu": {
                "high": 0.018969298203429498,
                "low": 0.016497620318665543
            },
            "psWeightIsr": {
                "high": 0.009232247090109605,
                "low": 0.007599124452245813
            },
            "lumi_13TeV": {
                "high": 0.0008889925886189769,
                "low": 0.002216598680342251
            },
            "l1PreFiring": {
                "high": 0.0008511024083470274,
                "low": 0.0007750101430366674
            },
            "psWeightFsr": {
                "high": 0.01812947884728112,
                "low": 0.015246757810581161
            },
            "extSfBDTVariation": {
                "high": 0.04548382441055109,
                "low": 0.0387245811472709
            },
            "extVarRwgt": {
                "high": 0.15366012483486302,
                "low": 0.15366012483486302
            },
            "final": {
                "central": 1.1100899991331474,
                "high": 0.18975163326539232,
                "low": 0.1834148825170109
            },
            "fracBB": {
                "high": 0.008195656709855816,
                "low": 0.009470284321532402
            },
            "fracCC": {
                "high": 0.04112064536136236,
                "low": 0.0338732650828643
            },
            "fracLight": {
                "high": 0.056813205819633304,
                "low": 0.046968048970885565
            }
        },
        "ptbin2": {
            "jer": {
                "high": 0.003916986983189489,
                "low": 0.004036988041181943
            },
            "jes": {
                "high": 0.013540054049508473,
                "low": 0.015451954625188802
            },
            "stats": {
                "high": 0.062320858896433906,
                "low": 0.06199401567227114
            },