{
    "tight": {
        "ptbin1": {
            "jer": {
                "high": 0.0009648066333718681,
                "low": 0.0013607709077772265
            },
            "jes": {
                "high": 0.00105846997919984,
                "low": 0.0016669044259169947
            },
            "fracBB": {
                "high": 0.01935323525677394,
                "low": 0.01937055278638875
            },
            "stats": {
                "high": 0.019237207105338494,
                "low": 0.014930436937661606
            },
            "fracLight": {
                "high": 0.00042578411059566366,
                "low": 0.0010865996904279203
            },
            "pu": {
                "high": 0.00583822479767711,
                "low": 0.0032853732060381955
            },
            "fracCC": {
                "high": 0.006511145869551536,
                "low": 0.005911785554122141
            },
            "psWeightIsr": {
                "high": 0.004315876593427942,
                "low": 0.002877823860152366
            },
            "lumi_13TeV": {
                "high": 0.0008700753641849908,
                "low": 0.0005671401897093906
            },
            "l1PreFiring": {
                "high": 0.00033520002060423193,
                "low": 0.000513062985546505
            },
            "psWeightFsr": {
                "high": 0.002839010049422466,
                "low": 0.005335736030618841
            },
            "extSfBDTVariation": {
                "high": 0.020230022467688884,
                "low": 0.0257621272613936
            },
            "extVarRwgt": {
                "high": 0.05003398287824268,
                "low": 0.05003398287824268
            },
            "final": {
                "central": 0.9044894277694385,
                "high": 0.061347694779943354,
                "low": 0.0620815076260993
            }
        },
        "ptbin2": {
            "jer": {
                "high": 0.00026990065892403144,
                "low": 0.0
            },
            "jes": {
                "high": 0.0,
                "low": 0.0
            },
            "fracBB": {
                "high": 0.015764790011640644,
                "low": 0.017267068015527964
            },
            "stats": {
                "high": 0.011211991526749898,
                "low": 0.00805586576461792
            },
            "fracLight": {
                "high": 0.0013309351427066949,
                "low": 0.0015848015988208551
            },
            "pu": {
                "high": 0.002551135164411006,
                "low": 0.0
            },
            "fracCC": {
                "high": 0.006522625235184021,
                "low": 0.006238998943266661
            },
            "psWeightIsr": {
                "high": 0.0018176999404762206,
                "low": 0.0018212104629653334
            },
            "lumi_13TeV": {
                "high": 0.0001115629146377432,
                "low": 0.0
            },
            "l1PreFiring": {
                "high": 0.0008726439288143518,
                "low": 0.0
            },
            "psWeightFsr": {
                "high": 0.007223072589797172,
                "low": 0.006180871597294962
            },
            "extSfBDTVariation": {
                "high": 0.036060425441394955,
                "low": 0.03997728890868565
            },
            "extVarRwgt": {
                "high": 0.06251708855597793,
                "low": 0.06251708855597793
            },
            "final": {
                "central": 0.8681998066186122,
                "high": 0.07543228049359986,
                "low": 0.07715293439817625
            }
        },
        "ptbin3": {
            "jer": {
                "high": 0.026594186197165744,
                "low": 0.007217689393277248
            },
            "jes": {
                "high": 0.0021262227370021643,
                "low": 0.002168062824386565
            },
            "fracBB": {
                "high": 0.0,
                "low": 0.014474749217534529
            },
            "stats": {
                "high": 0.016426690276638456,
                "low": 0.01617755657352349
            },
            "fracLight": {
                "high": 0.0028558581880606584,
                "low": 0.0026282160295932992
            },
            "pu": {
                "high": 0.005529273502565106,
                "low": 0.005391099540770481
            },
            "fracCC": {
                "high": 0.007015249559247729,
                "low": 0.006884898226084761
            },
            "psWeightIsr": {
                "high": 0.0,
                "low": 0.00028533962398555047
            },
            "lumi_13TeV": {
                "high": 0.00021775163539838562,
                "low": 0.00022143792016935776
            },
            "l1PreFiring": {
                "high": 0.0,
                "low": 0.0004311341051425456
            },
            "psWeightFsr": {
                "high": 0.005842079466885282,
                "low": 0.006151581295902108
            },
            "extSfBDTVariation": {
                "high": 0.023152981691132137,
                "low": 0.03382115301417474
            },
            "extVarRwgt": {
                "high": 0.02356520436282883,
                "low": 0.02356520436282883
            },
            "final": {
                "central": 0.9375989145716558,
                "high": 0.04219507573762783,
                "low": 0.04846388413972778
            }
        }
    },
    "medium": {
        "ptbin1": {
            "jer": {
                "high": 0.001996800029339171,
                "low": 0.0018861166131392678
            },
            "jes": {
                "high": 0.0022963761748407514,
                "low": 0.001954645196427303
            },
            "fracBB": {
                "high": 0.01871087474865222,
                "low": 0.018098537171370346
            },
            "stats": {
                "high": 0.01783657870918587,
                "low": 0.017701032506577064
            },
            "fracLight": {
                "high": 0.0003512793466494538,
                "low": 0.0008067718865587942
            },
            "pu": {
                "high": 0.005365457409217153,
                "low": 0.005347647270023433
            },
            "fracCC": {
                "high": 0.009449472252047125,
                "low": 0.008976068325281123
            },
            "psWeightIsr": {
                "high": 0.00515334136593904,
                "low": 0.00466475588519139
            },
            "lumi_13TeV": {
                "high": 0.0005790662328432533,
                "low": 0.0008047249822433888
            },
            "l1PreFiring": {
                "high": 0.0003129098559577291,
                "low": 0.0001331638330645734
            },
            "psWeightFsr": {
                "high": 0.0014425217910812855,
                "low": 0.0008111521804075953
            },
            "extSfBDTVariation": {
                "high": 0.016767994314509076,
                "low": 0.027827180680168238
            },
            "extVarRwgt": {
                "high": 0.044534173823431944,
                "low": 0.044534173823431944
            },
            "final": {
                "central": 0.9304825498905374,
                "high": 0.055580880544776105,
                "low": 0.05948787726100473
            }
        },
        "ptbin2": {
            "jer": {
                "high": 0.0025594530339749038,
                "low": 0.002227339422892885
            },
            "jes": {
                "high": 0.00012874082196424622,
                "low": 0.0002139971175674796
            },
            "fracBB": {
                "high": 0.01603530023577864,
                "low": 0.01629644696312625
            },