{
    "tight": {
        "ptbin1": {
            "jer": {
                "high": 0.000869141731412387,
                "low": 0.0008348636224042497
            },
            "jes": {
                "high": 0.004609266860777686,
                "low": 0.004668327523083825
            },
            "fracBB": {
                "high": 0.023058264768596976,
                "low": 0.022042507477000244
            },
            "stats": {
                "high": 0.02193499536130028,
                "low": 0.021470783427255946
            },
            "fracLight": {
                "high": 0.0012000933734194507,
                "low": 0.0016665484386671032
            },
            "pu": {
                "high": 0.0032257963131565415,
                "low": 0.003231344467057581
            },
            "fracCC": {
                "high": 0.012063756392093495,
                "low": 0.011245852092137193
            },
            "psWeightIsr": {
                "high": 0.003185997331615966,
                "low": 0.0027380827489387146
            },
            "lumi_13TeV": {
                "high": 0.00039707104499325465,
                "low": 0.0006950272668177704
            },
            "l1PreFiring": {
                "high": 0.000468777736896045,
                "low": 0.0004658489639025344
            },
            "psWeightFsr": {
                "high": 0.018976312409228934,
                "low": 0.01795076556222748
            },
            "extSfBDTVariation": {
                "high": 0.03545836869455576,
                "low": 0.04413037892751234
            },
            "extVarRwgt": {
                "high": 0.03494677632748455,
                "low": 0.03494677632748455
            },
            "final": {
                "central": 0.9954175754518847,
                "high": 0.0635720855723815,
                "low": 0.0678840172320695
            }
        },
        "ptbin2": {
            "jer": {
                "high": 0.0012519283578615774,
                "low": 0.0011753343521603663
            },
            "jes": {
                "high": 0.003484328252916382,
                "low": 0.0036227436072585645
            },
            "fracBB": {
                "high": 0.026920979609722364,
                "low": 0.024683338292132796
            },
            "stats": {
                "high": 0.02328164390015508,
                "low": 0.022864736672422614
            },
            "fracLight": {
                "high": 0.002191929786112764,
                "low": 0.0019069805460833675
            },
            "pu": {
                "high": 0.008124315468402355,
                "low": 0.007807030919240805
            },
            "fracCC": {
                "high": 0.011213537406122942,
                "low": 0.010385883638589005
            },
            "psWeightIsr": {
                "high": 0.002292214902310841,
                "low": 0.000969430111472084
            },
            "lumi_13TeV": {
                "high": 9.824531650934662e-05,
                "low": 7.298316752387802e-05
            },
            "l1PreFiring": {
                "high": 0.0006122530452343424,
                "low": 0.000535975739587984
            },
            "psWeightFsr": {
                "high": 0.012566632929700198,
                "low": 0.01164920451413845
            },
            "extSfBDTVariation": {
                "high": 0.02012256449354169,
                "low": 0.028192410056555983
            },
            "extVarRwgt": {
                "high": 0.027151698260805546,
                "low": 0.027151698260805546
            },
            "final": {
                "central": 1.0594048185731093,
                "high": 0.0527515475747232,
                "low": 0.054662464272022
            }
        },
        "ptbin3": {
            "jer": {
                "high": 0.0006540161350980072,
                "low": 0.0006022477067383504
            },
            "jes": {
                "high": 0.002626735600855097,
                "low": 0.002740897421147555
            },
            "fracBB": {
                "high": 0.041226545675298175,
                "low": 0.03804485071945381
            },
            "stats": {
                "high": 0.03585255882887828,
                "low": 0.03513815882956428
            },
            "fracLight": {
                "high": 0.0009891047053765237,
                "low": 0.0015647793784961703
            },
            "pu": {
                "high": 0.0015712912045698518,
                "low": 0.0014400732137064638
            },
            "fracCC": {
                "high": 0.02143544122133322,
                "low": 0.018974038542916627
            },
            "psWeightIsr": {
                "high": 0.0,
                "low": 0.0002294162360587459
            },
            "lumi_13TeV": {
                "high": 0.0007617668620659452,
                "low": 0.00015187916971568343
            },
            "l1PreFiring": {
                "high": 0.0,
                "low": 0.00020039805177833706
            },
            "psWeightFsr": {
                "high": 0.019595386696163314,
                "low": 0.01902009009102958
            },
            "extSfBDTVariation": {
                "high": 0.04009202477264891,
                "low": 0.03070489449941063
            },
            "extVarRwgt": {
                "high": 0.1160695101519349,
                "low": 0.1160695101519349
            },
            "final": {
                "central": 1.1824589071193776,
                "high": 0.13754724521951808,
                "low": 0.13353394323479958
            }
        }
    },
    "medium": {
        "ptbin1": {
            "jer": {
                "high": 0.0001709823502451335,
                "low": 0.0003171921424734881
            },
            "jes": {
                "high": 0.00457491607316203,
                "low": 0.005007296645729068
            },
            "fracBB": {
                "high": 0.023571853771669912,
                "low": 0.022030707651111158
            },
            "stats": {
                "high": 0.020262939270889735,
                "low": 0.02013455697893307
            },
            "fracLight": {
                "high": 0.00126619610856596,
                "low": 0.0012419199642846176
            },
            "pu": {
                "high": 0.007005384601766361,
                "low": 0.006669526605684097
            },
            "fracCC": {
                "high": 0.012966772680841655,
                "low": 0.012526920630151475
            },
            "psWeightIsr": {
                "high": 0.0009272576242581527,
                "low": 0.002080433805604056
            },
            "lumi_13TeV": {
                "high": 0.0003604620062012616,
                "low": 0.0005607804403849797
            },
            "l1PreFiring": {
                "high": 0.0002447214510289569,
                "low": 0.0002858168339637247
            },
            "psWeightFsr": {
                "high": 0.012562804861178872,
                "low": 0.013605509605939368
            },
            "extSfBDTVariation": {
                "high": 0.024155821023182533,
                "low": 0.018284995159669408
            },
            "extVarRwgt": {
                "high": 0.021186061097444586,
                "low": 0.021186061097444586
            },
            "final": {
                "central": 1.0489046422577022,
                "high": 0.04896141867008099,
                "low": 0.04573728545674121
            }
        },
        "ptbin2": {
            "jer": {
                "high": 0.0010744220471885122,
                "low": 0.0010875976718147363
            },
            "jes": {
                "high": 0.0019008195234290841,
                "low": 0.001660099177444113
            },
            "fracBB": {
                "high": 0.027217916786727844,