{
    "tight": {
        "ptbin1": {
            "jer": {
                "high": 0.004493583207860553,
                "low": 0.004162713078785232
            },
            "jes": {
                "high": 0.001296405160357344,
                "low": 0.0014280783308416884
            },
            "stats": {
                "high": 0.02367348989474416,
                "low": 0.023156416410741176
            },
            "pu": {
                "high": 0.005840405560357628,
                "low": 0.005448315099037032
            },
            "psWeightIsr": {
                "high": 0.002712232035025272,
                "low": 0.0023607315979432596
            },
            "lumi_13TeV": {
                "high": 0.00020682819710260948,
                "low": 0.0
            },
            "l1PreFiring": {
                "high": 0.0001941244802538547,
                "low": 0.00036277456608137866
            },
            "psWeightFsr": {
                "high": 0.0029903080357143335,
                "low": 0.003040807145982412
            },
            "extSfBDTVariation": {
                "high": 0.019709880411883103,
                "low": 0.022429020680713604
            },
            "extVarRwgt": {
                "high": 0.04535561071963623,
                "low": 0.04535561071963623
            },
            "final": {
                "central": 1.0440945785878453,
                "high": 0.06132389723220968,
                "low": 0.061297904438358274
            },
            "fracBB": {
                "high": 0.01900584310956243,
                "low": 0.018020766890034488
            },
            "fracCC": {
                "high": 0.01791404335465583,
                "low": 0.01649272057842923
            },
            "fracLight": {
                "high": 0.0002802075264972546,
                "low": 0.0005240281371659931
            }
        },
        "ptbin2": {
            "jer": {
                "high": 0.0008652726938330469,
                "low": 0.0008023179887634285
            },
            "jes": {
                "high": 0.000367774029516107,
                "low": 0.0
            },
            "stats": {
                "high": 0.02444533385211578,
                "low": 0.023860731605604313
            },
            "pu": {
                "high": 0.010756372220277796,
                "low": 0.008565721444831698
            },
            "psWeightIsr": {
                "high": 0.00907360454510223,
                "low": 0.008123158941930577
            },
            "lumi_13TeV": {
                "high": 0.0001277774358976855,
                "low": 0.000192578306983106
            },
            "l1PreFiring": {
                "high": 0.0004826058079531569,
                "low": 0.0005255992068903253
            },
            "psWeightFsr": {
                "high": 0.01584601396291899,
                "low": 0.015570330770987269
            },
            "extSfBDTVariation": {
                "high": 0.021488745984782343,
                "low": 0.019110301477932853
            },
            "extVarRwgt": {
                "high": 0.06588900136470888,
                "low": 0.06588900136470888
            },
            "final": {
                "central": 1.084452495117623,
                "high": 0.08077215763573865,
                "low": 0.07928898496278868
            },
            "fracBB": {
                "high": 0.019703024692890182,
                "low": 0.019377759330877018
            },
            "fracCC": {
                "high": 0.01687931932162955,
                "low": 0.01589160643812508
            },
            "fracLight": {
                "high": 0.0002461768436933811,
                "low": 0.0003554329275468847
            }
        },
        "ptbin3": {
            "jer": {
                "high": 0.003756192222707251,
                "low": 0.003908379522320316
            },
            "jes": {
                "high": 0.0013524544693318526,
                "low": 0.0007769430076774156
            },
            "stats": {
                "high": 0.03852658197439718,
                "low": 0.03790273154258661
            },
            "pu": {
                "high": 0.00873796095391865,
                "low": 0.008547689575389445
            },
            "psWeightIsr": {
                "high": 0.0011935216659281409,
                "low": 0.001530398501761156
            },
            "lumi_13TeV": {
                "high": 0.0003229784754033688,
                "low": 0.0002981009107491705
            },
            "l1PreFiring": {
                "high": 0.0010930146637694207,
                "low": 0.0007830140049415767
            },
            "psWeightFsr": {
                "high": 0.006836413516644888,
                "low": 0.005926789233328656
            },
            "extSfBDTVariation": {
                "high": 0.036371626679049765,
                "low": 0.041590635433735756
            },
            "extVarRwgt": {
                "high": 0.14031847718812784,
                "low": 0.14031847718812784
            },
            "final": {
                "central": 1.1912472755319585,
                "high": 0.1575931179692741,
                "low": 0.15735581811973817
            },
            "fracBB": {
                "high": 0.03245450608560236,
                "low": 0.029728319910827607
            },
            "fracCC": {
                "high": 0.03359453280799838,
                "low": 0.02961116028141801
            },
            "fracLight": {
                "high": 0.003935140467385794,
                "low": 0.004180147168822484
            }
        }
    },
    "medium": {
        "ptbin1": {
            "jer": {
                "high": 0.00426967682958478,
                "low": 0.003919748658983237
            },
            "jes": {
                "high": 0.004121793820631503,
                "low": 0.0041165945273658
            },
            "stats": {
                "high": 0.022287966577623664,
                "low": 0.022185363006656633
            },
            "pu": {
                "high": 0.008150737077792852,
                "low": 0.00788142773991601
            },
            "psWeightIsr": {
                "high": 0.0018037447259854685,
                "low": 0.0018414486602028853
            },
            "lumi_13TeV": {
                "high": 0.0004805200508770916,
                "low": 0.0008425978834099933
            },
            "l1PreFiring": {
                "high": 0.0,
                "low": 0.0
            },
            "psWeightFsr": {
                "high": 0.0024594103601824355,
                "low": 0.002195483267441613
            },
            "extSfBDTVariation": {
                "high": 0.023414530498331473,
                "low": 0.01601501985741323
            },
            "extVarRwgt": {
                "high": 0.04967321605193997,
                "low": 0.04967321605193997
            },
            "final": {
                "central": 1.057307646319873,
                "high": 0.0663379958406288,
                "low": 0.0630715681310517
            },
            "fracBB": {
                "high": 0.019798548982694012,
                "low": 0.0182379208101643
            },
            "fracCC": {
                "high": 0.01962425313819317,
                "low": 0.018050738975399636
            },
            "fracLight": {
                "high": 0.00018882861655891622,
                "low": 0.0004378417524160079
            }
        },
        "ptbin2": {
            "jer": {
                "high": 0.0017930432180114013,
                "low": 0.0015924321114765033
            },
            "jes": {
                "high": 0.003709396317426742,
                "low": 0.003932609351401022
            },
            "stats": {
                "high": 0.02323810925989478,
                "low": 0.023126770457647883
            },