{
    "tight": {
        "ptbin1": {
            "jer": {
                "high": 0.0022594596981616484,
                "low": 0.0
            },
            "jes": {
                "high": 0.0038083725249537293,
                "low": 0.004747439831498228
            },
            "stats": {
                "high": 0.020954710427292023,
                "low": 0.0178313864288
            },
            "pu": {
                "high": 0.00607593796245611,
                "low": 0.004678534995800495
            },
            "psWeightIsr": {
                "high": 0.009789766544127668,
                "low": 0.006906856898123626
            },
            "lumi_13TeV": {
                "high": 0.0008854992098839039,
                "low": 0.0007733808011016702
            },
            "l1PreFiring": {
                "high": 0.0007436410538122832,
                "low": 0.0005582551516264301
            },
            "psWeightFsr": {
                "high": 0.002998785977591327,
                "low": 0.005596931818353991
            },
            "extSfBDTVariation": {
                "high": 0.01895665953800073,
                "low": 0.026957351917094283
            },
            "extVarRwgt": {
                "high": 0.037098200456441854,
                "low": 0.037098200456441854
            },
            "final": {
                "central": 0.915839777987682,
                "high": 0.05128479566131216,
                "low": 0.05377910039742526
            },
            "fracBB": {
                "high": 0.014505482762203745,
                "low": 0.01653963422320494
            },
            "fracCC": {
                "high": 0.009035218549487807,
                "low": 0.00893010640974493
            },
            "fracLight": {
                "high": 0.0008121058106378981,
                "low": 0.001516642840214033
            }
        },
        "ptbin2": {
            "jer": {
                "high": 0.0,
                "low": 0.0009283224953672175
            },
            "jes": {
                "high": 0.0,
                "low": 0.0003594568080688159
            },
            "stats": {
                "high": 0.00909358263015747,
                "low": 0.010151583651768714
            },
            "pu": {
                "high": 0.0,
                "low": 0.00295383102401041
            },
            "psWeightIsr": {
                "high": 0.004277676664634035,
                "low": 0.004376396164585908
            },
            "lumi_13TeV": {
                "high": 0.0,
                "low": 0.0004956543711146332
            },
            "l1PreFiring": {
                "high": 0.0,
                "low": 0.0008323168747989892
            },
            "psWeightFsr": {
                "high": 0.008534926091300948,
                "low": 0.007089317085104416
            },
            "extSfBDTVariation": {
                "high": 0.03301828212144478,
                "low": 0.03513588446358331
            },
            "extVarRwgt": {
                "high": 0.06913292093969747,
                "low": 0.06913292093969747
            },
            "final": {
                "central": 0.8571539137582516,
                "high": 0.07907493489797217,
                "low": 0.07976175775908237
            },
            "fracBB": {
                "high": 0.013081456809006369,
                "low": 0.011363445019993134
            },
            "fracCC": {
                "high": 0.006122644796441994,
                "low": 0.005922653286671467
            },
            "fracLight": {
                "high": 0.000910823572834701,
                "low": 0.0008489502232178778
            }
        },
        "ptbin3": {
            "jer": {
                "high": 0.0023296955551015243,
                "low": 0.0024875154698539344
            },
            "jes": {
                "high": 0.0006579807164758071,
                "low": 0.00043092028999126283
            },
            "stats": {
                "high": 0.01549703408291181,
                "low": 0.016222661082608614
            },
            "pu": {
                "high": 0.005575679626611585,
                "low": 0.005425137286430167
            },
            "psWeightIsr": {
                "high": 0.004146209698555206,
                "low": 0.0042210993096410115
            },
            "lumi_13TeV": {
                "high": 0.00018804085764060079,
                "low": 0.0
            },
            "l1PreFiring": {
                "high": 0.00023324427944913437,
                "low": 0.00011953240764095138
            },
            "psWeightFsr": {
                "high": 0.0077452006055024085,
                "low": 0.007640673692764781
            },
            "extSfBDTVariation": {
                "high": 0.02010771335515269,
                "low": 0.032957781829142864
            },
            "extVarRwgt": {
                "high": 0.020372616584922176,
                "low": 0.020372616584922176
            },
            "final": {
                "central": 0.9369397301456575,
                "high": 0.037856651199153296,
                "low": 0.045896642632296855
            },
            "fracBB": {
                "high": 0.014098050668899183,
                "low": 0.013025985252349461
            },
            "fracCC": {
                "high": 0.007783015360424089,
                "low": 0.007723154821766317
            },
            "fracLight": {
                "high": 0.00023748294994571442,
                "low": 0.0008615681304492202
            }
        }
    },
    "medium": {
        "ptbin1": {
            "jer": {
                "high": 0.0023753959991922877,
                "low": 0.0023165703502832724
            },
            "jes": {
                "high": 0.0003532018355207425,
                "low": 0.00039460116490672815
            },
            "stats": {
                "high": 0.01891147703051632,
                "low": 0.018944905378846078
            },
            "pu": {
                "high": 0.0062473530213016356,
                "low": 0.00620044745620337
            },
            "psWeightIsr": {
                "high": 0.005937653723501248,
                "low": 0.006643435218793817
            },
            "lumi_13TeV": {
                "high": 8.570988412433264e-05,
                "low": 0.0003890721623526206
            },
            "l1PreFiring": {
                "high": 0.000271314095623249,
                "low": 0.00016003038872270317
            },
            "psWeightFsr": {
                "high": 0.003499850917813718,
                "low": 0.0007153201259781334
            },
            "extSfBDTVariation": {
                "high": 0.0,
                "low": 0.023956340648791315
            },
            "extVarRwgt": {
                "high": 0.024860941777840595,
                "low": 0.024860941777840595
            },
            "final": {
                "central": 0.9433032741556866,
                "high": 0.041210464348350136,
                "low": 0.044303050668553855
            },
            "fracBB": {
                "high": 0.01750996543134482,
                "low": 0.014286225252514707
            },
            "fracCC": {
                "high": 0.017678416529433437,
                "low": 0.010868955848128697
            },
            "fracLight": {
                "high": 0.003688065945530737,
                "low": 0.0009252480665639649
            }
        },
        "ptbin2": {
            "jer": {
                "high": 0.0010089918745090146,
                "low": 0.0
            },
            "jes": {
                "high": 0.00017061862541706586,
                "low": 0.0
            },
            "stats": {
                "high": 0.012254937552651834,
                "low": 0.00974816083908081
            },
            "pu": {
                "high": 0.004000707248179001,