{
    "tight": {
        "ptbin1": {
            "jer": {
                "high": 0.0,
                "low": 0.0
            },
            "jes": {
                "high": 0.0,
                "low": 0.0
            },
            "stats": {
                "high": 0.022221122755197276,
                "low": 0.02174983079997106
            },
            "pu": {
                "high": 0.004150094157559896,
                "low": 0.003755274764494221
            },
            "psWeightIsr": {
                "high": 0.0,
                "low": 0.006092694947132967
            },
            "lumi_13TeV": {
                "high": 0.00011687865980727105,
                "low": 0.00038321797421018365
            },
            "l1PreFiring": {
                "high": 0.0,
                "low": 0.0
            },
            "psWeightFsr": {
                "high": 0.025963306825815186,
                "low": 0.015860236985572
            },
            "extSfBDTVariation": {
                "high": 0.0,
                "low": 0.038422036112063705
            },
            "extVarRwgt": {
                "high": 0.02503359204333533,
                "low": 0.02503359204333533
            },
            "final": {
                "central": 1.0018529150835045,
                "high": 0.0539703369538025,
                "low": 0.05845212847997425
            },
            "fracBB": {
                "high": 0.019115685253378666,
                "low": 0.017527579450672168
            },
            "fracCC": {
                "high": 0.039198235434790514,
                "low": 0.015744625787867485
            },
            "fracLight": {
                "high": 0.00735748793557763,
                "low": 0.00025085057691172266
            }
        },
        "ptbin2": {
            "jer": {
                "high": 0.000565498886762373,
                "low": 0.0005448317278904382
            },
            "jes": {
                "high": 0.0022943091401354866,
                "low": 0.0022688969180552454
            },
            "stats": {
                "high": 0.02320829961623705,
                "low": 0.022766633976701423
            },
            "pu": {
                "high": 0.00716749395855956,
                "low": 0.006938785712361581
            },
            "psWeightIsr": {
                "high": 0.004144591129665222,
                "low": 0.004315741638261096
            },
            "lumi_13TeV": {
                "high": 0.00014923544250448073,
                "low": 1.0691557718590728e-05
            },
            "l1PreFiring": {
                "high": 0.00015807372596119286,
                "low": 0.00014713699343277034
            },
            "psWeightFsr": {
                "high": 0.013159497010565182,
                "low": 0.01177170934437435
            },
            "extSfBDTVariation": {
                "high": 0.017770138719019037,
                "low": 0.02645718660299094
            },
            "extVarRwgt": {
                "high": 0.01923597007528688,
                "low": 0.01923597007528688
            },
            "final": {
                "central": 1.0470713139347454,
                "high": 0.045023769316811846,
                "low": 0.04787803442591055
            },
            "fracBB": {
                "high": 0.019402743003897778,
                "low": 0.018373902554931855
            },
            "fracCC": {
                "high": 0.013374058577181337,
                "low": 0.012477838345900837
            },
            "fracLight": {
                "high": 0.000168848731196737,
                "low": 0.0
            }
        },
        "ptbin3": {
            "jer": {
                "high": 0.0017976518353895706,
                "low": 0.0017802410998947252
            },
            "jes": {
                "high": 0.00872114660921658,
                "low": 0.009116689741642706
            },
            "stats": {
                "high": 0.03537157234310473,
                "low": 0.03468459967271387
            },
            "pu": {
                "high": 0.003243556812194881,
                "low": 0.0029870704719434983
            },
            "psWeightIsr": {
                "high": 0.004117773702009179,
                "low": 0.004455907153739802
            },
            "lumi_13TeV": {
                "high": 0.0006690544633850841,
                "low": 0.00033113489989611495
            },
            "l1PreFiring": {
                "high": 0.0,
                "low": 0.0002678893916670312
            },
            "psWeightFsr": {
                "high": 0.01477293531888053,
                "low": 0.014134739966572862
            },
            "extSfBDTVariation": {
                "high": 0.03627789625880731,
                "low": 0.025407902826659265
            },
            "extVarRwgt": {
                "high": 0.09849214309196275,
                "low": 0.09849214309196275
            },
            "final": {
                "central": 1.157004788939497,
                "high": 0.11835774815309748,
                "low": 0.11415649940576264
            },
            "fracBB": {
                "high": 0.026915732880957756,
                "low": 0.02459129890551003
            },
            "fracCC": {
                "high": 0.026271981088518376,
                "low": 0.023704167609352567
            },
            "fracLight": {
                "high": 0.0007079792920152876,
                "low": 0.0008765292667426047
            }
        }
    },
    "medium": {
        "ptbin1": {
            "jer": {
                "high": 0.0015592889509613468,
                "low": 0.0015369663430422225
            },
            "jes": {
                "high": 0.004027687831359259,
                "low": 0.004220320598127991
            },
            "stats": {
                "high": 0.02076050003516161,
                "low": 0.020588354171251044
            },
            "pu": {
                "high": 0.006654287073890457,
                "low": 0.006524274303742384
            },
            "psWeightIsr": {
                "high": 0.004641832245494989,
                "low": 0.0047160455694195014
            },
            "lumi_13TeV": {
                "high": 0.00012783480976417047,
                "low": 0.0003337493748508833
            },
            "l1PreFiring": {
                "high": 1.3236930260956491e-05,
                "low": 0.00026692096009134407
            },
            "psWeightFsr": {
                "high": 0.012718766144135626,
                "low": 0.012642734621881785
            },
            "extSfBDTVariation": {
                "high": 0.025958012628585474,
                "low": 0.01634409789878404
            },
            "extVarRwgt": {
                "high": 0.01050711495294876,
                "low": 0.01050711495294876
            },
            "final": {
                "central": 1.0492061631927903,
                "high": 0.04563810054603929,
                "low": 0.03982611584360832
            },
            "fracBB": {
                "high": 0.01871317243043302,
                "low": 0.017603329617244253
            },
            "fracCC": {
                "high": 0.016444282093401052,
                "low": 0.015153984708377458
            },
            "fracLight": {
                "high": 0.0008714447550143395,
                "low": 0.0004332691260825026
            }
        },
        "ptbin2": {
            "jer": {
                "high": 0.00057976964266957,
                "low": 0.0005371135848322421
            },
            "jes": {
                "high": 0.0007403320887179874,
                "low": 0.0004037982210329661
            },
            "stats": {
                "high": 0.021748193897050072,
                "low": 0.021719153527783197
            },
            "pu": {
                "high": 0.00462052788438713,