{
    "tight": {
        "ptbin1": {
            "jer": {
                "high": 0.003651759773313164,
                "low": 0.003590261961839019
            },
            "jes": {
                "high": 0.0024841523116902408,
                "low": 0.0028220206242689813
            },
            "fracBB": {
                "high": 0.025520146905828694,
                "low": 0.023525479578714453
            },
            "stats": {
                "high": 0.022327878572039772,
                "low": 0.021929776822299463
            },
            "fracLight": {
                "high": 0.0034853963434031366,
                "low": 0.0007726633151149474
            },
            "pu": {
                "high": 0.005393024244182964,
                "low": 0.005021598527269662
            },
            "fracCC": {
                "high": 0.01363188982964294,
                "low": 0.012705211072376715
            },
            "psWeightIsr": {
                "high": 0.0006976186698772603,
                "low": 0.0
            },
            "lumi_13TeV": {
                "high": 0.00010067690795190738,
                "low": 0.0002710086172405572
            },
            "l1PreFiring": {
                "high": 0.0003175036252800283,
                "low": 0.0001087070339369003
            },
            "psWeightFsr": {
                "high": 0.0021939145668916516,
                "low": 0.002022675161283692
            },
            "extSfBDTVariation": {
                "high": 0.021250447014734723,
                "low": 0.02402649923016519
            },
            "extVarRwgt": {
                "high": 0.0390488050191754,
                "low": 0.0390488050191754
            },
            "final": {
                "central": 1.0308172297607676,
                "high": 0.05812212220271932,
                "low": 0.057866486180615836
            }
        },
        "ptbin2": {
            "jer": {
                "high": 0.000865608226467651,
                "low": 0.0
            },
            "jes": {
                "high": 0.0029352575680847565,
                "low": 0.00174366726886447
            },
            "fracBB": {
                "high": 0.027432706426519255,
                "low": 0.027183778458393825
            },
            "stats": {
                "high": 0.02482743698334766,
                "low": 0.023808386139201554
            },
            "fracLight": {
                "high": 0.0015944184505923473,
                "low": 0.001819325047016824
            },
            "pu": {
                "high": 0.010125223862289204,
                "low": 0.00718840073471535
            },
            "fracCC": {
                "high": 0.011378472911743907,
                "low": 0.010758351333327946
            },
            "psWeightIsr": {
                "high": 0.00329242224966635,
                "low": 0.0027431551577775802
            },
            "lumi_13TeV": {
                "high": 0.00010621393126367195,
                "low": 0.00012039416847929505
            },
            "l1PreFiring": {
                "high": 0.0004852742520277761,
                "low": 0.00012062269056931851
            },
            "psWeightFsr": {
                "high": 0.017078360934127963,
                "low": 0.015230024324814956
            },
            "extSfBDTVariation": {
                "high": 0.024278073948365102,
                "low": 0.019957145129348354
            },
            "extVarRwgt": {
                "high": 0.080307222490134,
                "low": 0.080307222490134
            },
            "final": {
                "central": 1.1004920701353074,
                "high": 0.0946270790291355,
                "low": 0.09255545446013946
            }
        },
        "ptbin3": {
            "jer": {
                "high": 0.002698907775760307,
                "low": 0.003930997430899315
            },
            "jes": {
                "high": 0.00434356849632181,
                "low": 0.0033700854082485032
            },
            "fracBB": {
                "high": 0.04122914574968041,
                "low": 0.03877223645736729
            },
            "stats": {
                "high": 0.039209053820209006,
                "low": 0.037676373359146975
            },
            "fracLight": {
                "high": 0.002142817045721048,
                "low": 0.002914188139349183
            },
            "pu": {
                "high": 0.010354322675469664,
                "low": 0.006499093976486616
            },
            "fracCC": {
                "high": 0.025173375695978262,
                "low": 0.02319629743719376
            },
            "psWeightIsr": {
                "high": 0.0006277729936445973,
                "low": 0.0005591853590703737
            },
            "lumi_13TeV": {
                "high": 0.0009388305829069365,
                "low": 0.0005696398878912301
            },
            "l1PreFiring": {
                "high": 0.0010287418538192223,
                "low": 0.000870899397212238
            },
            "psWeightFsr": {
                "high": 0.005437399234993941,
                "low": 0.006017706364136753
            },
            "extSfBDTVariation": {
                "high": 0.035218421917461856,
                "low": 0.03818314192546344
            },
            "extVarRwgt": {
                "high": 0.13069918864958008,
                "low": 0.13069918864958008
            },
            "final": {
                "central": 1.188817121553861,
                "high": 0.14954383917811903,
                "low": 0.14871530940073815
            }
        }
    },
    "medium": {
        "ptbin1": {
            "jer": {
                "high": 0.0017365683174462236,
                "low": 0.0016235677436810074
            },
            "jes": {
                "high": 0.0014812941085850318,
                "low": 0.001502312585494504
            },
            "fracBB": {
                "high": 0.02592374058053841,
                "low": 0.023827956833829902
            },
            "stats": {
                "high": 0.021105398881879234,
                "low": 0.021044212417977493
            },
            "fracLight": {
                "high": 0.0007516041117921929,
                "low": 0.0006672297439258196
            },
            "pu": {
                "high": 0.007111477273599971,
                "low": 0.00681843568017086
            },
            "fracCC": {
                "high": 0.014953327278494294,
                "low": 0.013835559391475153
            },
            "psWeightIsr": {
                "high": 0.0006122917600630121,
                "low": 0.001819791584233843
            },
            "lumi_13TeV": {
                "high": 0.00028985383760073537,
                "low": 0.0005756205966115833
            },
            "l1PreFiring": {
                "high": 5.9889877900324955e-05,
                "low": 0.0
            },
            "psWeightFsr": {
                "high": 0.002614514831018137,
                "low": 0.0027993075165834457
            },
            "extSfBDTVariation": {
                "high": 0.0216291214888836,
                "low": 0.015529489010518184
            },
            "extVarRwgt": {
                "high": 0.047294944280100726,
                "low": 0.047294944280100726
            },
            "final": {
                "central": 1.0456098450716007,
                "high": 0.06410426620548389,
                "low": 0.06118236319460935
            }
        },
        "ptbin2": {
            "jer": {
                "high": 0.0008670522251452993,
                "low": 0.0017417574620712222
            },
            "jes": {
                "high": 0.010381021230742735,
                "low": 0.001477497213422878
            },
            "fracBB": {
                "high": 0.02597262583923589,