{
    "tight": {
        "ptbin1": {
            "jer": {
                "high": 0.00046620912818143013,
                "low": 0.0005470220295677409
            },
            "jes": {
                "high": 0.004728892198596957,
                "low": 0.004569901074406239
            },
            "fracBB": {
                "high": 0.01835475786303044,
                "low": 0.01779960407222093
            },
            "stats": {
                "high": 0.021694588515465907,
                "low": 0.02129252536342796
            },
            "fracLight": {
                "high": 0.0016826058775830989,
                "low": 0.0019249491642803626
            },
            "pu": {
                "high": 0.006853796920259167,
                "low": 0.006349433373189336
            },
            "fracCC": {
                "high": 0.008146372344224268,
                "low": 0.007696836768898367
            },
            "psWeightIsr": {
                "high": 0.002607649705551138,
                "low": 0.002405610754582302
            },
            "lumi_13TeV": {
                "high": 8.927147650862162e-05,
                "low": 0.00033603700227965874
            },
            "l1PreFiring": {
                "high": 0.0,
                "low": 0.0
            },
            "psWeightFsr": {
                "high": 0.005922702452512314,
                "low": 0.005982308377663237
            },
            "extSfBDTVariation": {
                "high": 0.030757157375989462,
                "low": 0.03540703472984956
            },
            "extVarRwgt": {
                "high": 0.01216765197484615,
                "low": 0.01216765197484615
            },
            "final": {
                "central": 0.8898624800057438,
                "high": 0.045631588310444796,
                "low": 0.048353289035391496
            }
        },
        "ptbin2": {
            "jer": {
                "high": 0.0032908271844375703,
                "low": 0.0022875222063731644
            },
            "jes": {
                "high": 0.0016645191521033143,
                "low": 0.0016284388782327956
            },
            "fracBB": {
                "high": 0.016561211866577382,
                "low": 0.01604850141987735
            },
            "stats": {
                "high": 0.016656657710665046,
                "low": 0.01643122109049522
            },
            "fracLight": {
                "high": 0.0020782422831837647,
                "low": 0.0021287720504148686
            },
            "pu": {
                "high": 0.003053988931100061,
                "low": 0.0029465327229540005
            },
            "fracCC": {
                "high": 0.005064495336978846,
                "low": 0.004900210331252241
            },
            "psWeightIsr": {
                "high": 0.005016212457791214,
                "low": 0.004896192024947579
            },
            "lumi_13TeV": {
                "high": 7.875961886945617e-05,
                "low": 0.0001622352303695504
            },
            "l1PreFiring": {
                "high": 0.0,
                "low": 0.0
            },
            "psWeightFsr": {
                "high": 0.008954917554446445,
                "low": 0.008668944091813586
            },
            "extSfBDTVariation": {
                "high": 0.018242872077065337,
                "low": 0.022764976585046177
            },
            "extVarRwgt": {
                "high": 0.062196285320593625,
                "low": 0.062196285320593625
            },
            "final": {
                "central": 0.973162628712825,
                "high": 0.07007960928360234,
                "low": 0.07112256169282707
            }
        },
        "ptbin3": {
            "jer": {
                "high": 7.602536809075871e-05,
                "low": 0.0
            },
            "jes": {
                "high": 0.0,
                "low": 9.082005316760137e-05
            },
            "fracBB": {
                "high": 0.016355953741459765,
                "low": 0.01770246000052253
            },
            "stats": {
                "high": 0.01616203784942627,
                "low": 0.013837993144989014
            },
            "fracLight": {
                "high": 0.001206277423518294,
                "low": 0.0013919604322227906
            },
            "pu": {
                "high": 0.0,
                "low": 5.7439212085080634e-05
            },
            "fracCC": {
                "high": 0.00618110111837379,
                "low": 0.0058872768201244045
            },
            "psWeightIsr": {
                "high": 0.0035113865494851007,
                "low": 0.0033556793217554733
            },
            "lumi_13TeV": {
                "high": 0.0,
                "low": 4.0615525163863144e-05
            },
            "l1PreFiring": {
                "high": 0.0,
                "low": 0.0
            },
            "psWeightFsr": {
                "high": 0.004473035584723174,
                "low": 0.004312227622813446
            },
            "extSfBDTVariation": {
                "high": 0.023327907691053626,
                "low": 0.029001326809247354
            },
            "extVarRwgt": {
                "high": 0.044512935485111704,
                "low": 0.044512935485111704
            },
            "final": {
                "central": 0.9304013219907066,
                "high": 0.05591342199192266,
                "low": 0.0582563923334417
            }
        }
    },
    "medium": {
        "ptbin1": {
            "jer": {
                "high": 0.0014027559197719226,
                "low": 0.001445073906938886
            },
            "jes": {
                "high": 0.0020425753748031152,
                "low": 0.002089838264017269
            },
            "fracBB": {
                "high": 0.019336628755687257,
                "low": 0.01848198937044648
            },
            "stats": {
                "high": 0.018449498571964984,
                "low": 0.01824753163052084
            },
            "fracLight": {
                "high": 0.0009552992719850275,
                "low": 0.0013038071347767793
            },
            "pu": {
                "high": 0.004770239675333728,
                "low": 0.004419157491108554
            },
            "fracCC": {
                "high": 0.009979593107903247,
                "low": 0.009462862492655598
            },
            "psWeightIsr": {
                "high": 0.0003346917844490267,
                "low": 0.00016075690868147944
            },
            "lumi_13TeV": {
                "high": 0.0005467664800144651,
                "low": 0.0007569823561827838
            },
            "l1PreFiring": {
                "high": 0.0,
                "low": 0.0
            },
            "psWeightFsr": {
                "high": 0.0006176176830789085,
                "low": 0.0
            },
            "extSfBDTVariation": {
                "high": 0.026475328734846343,
                "low": 0.04040994727255203
            },
            "extVarRwgt": {
                "high": 0.008908722056215956,
                "low": 0.008908722056215956
            },
            "final": {
                "central": 0.8948470485069251,
                "high": 0.04030868260626606,
                "low": 0.0500469368711001
            }
        },
        "ptbin2": {
            "jer": {
                "high": 0.0009947826488370549,
                "low": 0.0007611761269833883
            },
            "jes": {
                "high": 0.001605004830200068,
                "low": 0.0016016397620355197
            },
            "fracBB": {
                "high": 0.016172253086674093,
                "low": 0.015314278485577005
            },
            "stats": {
                "high": 0.01435478767017817,
                "low": 0.014273763765743519
            },