{
    "tight": {
        "ptbin1": {
            "jer": {
                "high": 0.0008086711732578766,
                "low": 0.0007735773247546383
            },
            "jes": {
                "high": 0.001588267799390961,
                "low": 0.0019689966599147095
            },
            "stats": {
                "high": 0.018737375736236572,
                "low": 0.01903240551561436
            },
            "pu": {
                "high": 0.0076271398634348035,
                "low": 0.006190139876870287
            },
            "psWeightIsr": {
                "high": 0.0031765199116666355,
                "low": 0.0028469735318829405
            },
            "lumi_13TeV": {
                "high": 0.0,
                "low": 9.719923214219012e-05
            },
            "l1PreFiring": {
                "high": 0.0,
                "low": 0.0
            },
            "psWeightFsr": {
                "high": 0.0055162397648324995,
                "low": 0.005474428068897155
            },
            "extSfBDTVariation": {
                "high": 0.029819461131434785,
                "low": 0.03490217273888433
            },
            "extVarRwgt": {
                "high": 0.02115314887955322,
                "low": 0.02115314887955322
            },
            "final": {
                "central": 0.9279722940482906,
                "high": 0.045741389823288826,
                "low": 0.04880693659470898
            },
            "fracBB": {
                "high": 0.015099975932784532,
                "low": 0.014314618746348108
            },
            "fracCC": {
                "high": 0.008598724105340436,
                "low": 0.008261201330024583
            },
            "fracLight": {
                "high": 0.0008445166234391788,
                "low": 0.0004839455365435192
            }
        },
        "ptbin2": {
            "jer": {
                "high": 0.00046627016244480974,
                "low": 0.00040179274711017477
            },
            "jes": {
                "high": 0.00020887217824788515,
                "low": 0.000341879606952828
            },
            "stats": {
                "high": 0.014471211614439983,
                "low": 0.014250159231548265
            },
            "pu": {
                "high": 0.0026534376016427073,
                "low": 0.002575999273834921
            },
            "psWeightIsr": {
                "high": 0.0077281740921287855,
                "low": 0.0066870753299954665
            },
            "lumi_13TeV": {
                "high": 0.00015142069232936271,
                "low": 0.00013923879827689196
            },
            "l1PreFiring": {
                "high": 0.0,
                "low": 0.0
            },
            "psWeightFsr": {
                "high": 0.008489456669115663,
                "low": 0.008218235854925234
            },
            "extSfBDTVariation": {
                "high": 0.01753569532171502,
                "low": 0.019424685952748294
            },
            "extVarRwgt": {
                "high": 0.03692967762265942,
                "low": 0.03692967762265942
            },
            "final": {
                "central": 0.960440985934563,
                "high": 0.04662150603600861,
                "low": 0.0470052516479066
            },
            "fracBB": {
                "high": 0.0112834839506838,
                "low": 0.010993901931565093
            },
            "fracCC": {
                "high": 0.005107762938062211,
                "low": 0.005000778491632043
            },
            "fracLight": {
                "high": 0.000566271428894234,
                "low": 0.0004935682968139854
            }
        },
        "ptbin3": {
            "jer": {
                "high": 4.0160701931940607e-05,
                "low": 0.0
            },
            "jes": {
                "high": 0.0016767758126869118,
                "low": 0.0
            },
            "stats": {
                "high": 0.013995408423408517,
                "low": 0.013672113418579102
            },
            "pu": {
                "high": 0.0013558657988014262,
                "low": 0.0
            },
            "psWeightIsr": {
                "high": 0.006134350182303823,
                "low": 0.00619032122619021
            },
            "lumi_13TeV": {
                "high": 8.377907739392139e-05,
                "low": 0.0
            },
            "l1PreFiring": {
                "high": 0.0,
                "low": 0.0
            },
            "psWeightFsr": {
                "high": 0.004562313893096922,
                "low": 0.00467594086467159
            },
            "extSfBDTVariation": {
                "high": 0.031300194636417554,
                "low": 0.03632681892566676
            },
            "extVarRwgt": {
                "high": 0.007449051613840907,
                "low": 0.007449051613840907
            },
            "final": {
                "central": 0.901274521076554,
                "high": 0.03783596081731225,
                "low": 0.04194651060700224
            },
            "fracBB": {
                "high": 0.010229780933406317,
                "low": 0.010298954757845927
            },
            "fracCC": {
                "high": 0.005714628800751677,
                "low": 0.005573779380271423
            },
            "fracLight": {
                "high": 0.0002982923190182891,
                "low": 0.0003700513904726525
            }
        }
    },
    "medium": {
        "ptbin1": {
            "jer": {
                "high": 0.0021506390345808427,
                "low": 0.002121654409072654
            },
            "jes": {
                "high": 0.0,
                "low": 0.0
            },
            "stats": {
                "high": 0.016441383913908036,
                "low": 0.01631959237817948
            },
            "pu": {
                "high": 0.004350698247003715,
                "low": 0.004147004657512462
            },
            "psWeightIsr": {
                "high": 0.0,
                "low": 0.0008361283841388858
            },
            "lumi_13TeV": {
                "high": 0.00040856449855292967,
                "low": 0.0006226595390345127
            },
            "l1PreFiring": {
                "high": 0.0,
                "low": 0.0
            },
            "psWeightFsr": {
                "high": 0.0,
                "low": 0.001693095300345546
            },
            "extSfBDTVariation": {
                "high": 0.023029384414625067,
                "low": 0.03450726691467954
            },
            "extVarRwgt": {
                "high": 0.009072564038040243,
                "low": 0.009072564038040243
            },
            "final": {
                "central": 0.9169944228390418,
                "high": 0.03438824015307247,
                "low": 0.04286563909828397
            },
            "fracBB": {
                "high": 0.014294358018689904,
                "low": 0.014158670528746775
            },
            "fracCC": {
                "high": 0.00844500913222346,
                "low": 0.008445724652050273
            },
            "fracLight": {
                "high": 0.0009750684896322382,
                "low": 0.0007982779047884045
            }
        },
        "ptbin2": {
            "jer": {
                "high": 0.00018890520528845784,
                "low": 0.0
            },
            "jes": {
                "high": 0.0,
                "low": 0.0003370239838273498
            },
            "stats": {
                "high": 0.012717904272339209,
                "low": 0.01267128330195011
            },
            "pu": {
                "high": 0.0038997130458534794,
                "low": 0.0038650293332812675
            },
            "psWeightIsr": {
                "high": 0.003728963853058816,