{
    "tight": {
        "ptbin1": {
            "jer": {
                "high": 0.001434096130716187,
                "low": 0.0014970270933632411
            },
            "jes": {
                "high": 0.0008319490705863273,
                "low": 0.021204973748636956
            },
            "fracBB": {
                "high": 0.011571664390413497,
                "low": 0.008562220809468295
            },
            "stats": {
                "high": 0.06940510955368362,
                "low": 0.08727595120795506
            },
            "fracLight": {
                "high": 0.049184651215580064,
                "low": 0.03452354010026954
            },
            "pu": {
                "high": 0.008042224883311681,
                "low": 0.007300791823063136
            },
            "fracCC": {
                "high": 0.05572931554109181,
                "low": 0.04499137930275312
            },
            "psWeightIsr": {
                "high": 0.013410518865589237,
                "low": 0.013658358825801385
            },
            "lumi_13TeV": {
                "high": 4.249061221427464e-05,
                "low": 0.0004348201312469734
            },
            "l1PreFiring": {
                "high": 1.3346196942666085e-06,
                "low": 0.000254362171469844
            },
            "psWeightFsr": {
                "high": 0.014995400352097479,
                "low": 0.011009129864800694
            },
            "extSfBDTVariation": {
                "high": 0.16311862846720676,
                "low": 0.10309068530337144
            },
            "extVarRwgt": {
                "high": 0.16925239602091469,
                "low": 0.16925239602091469
            },
            "final": {
                "central": 1.167342782573765,
                "high": 0.25729759364184207,
                "low": 0.2258179893411936
            }
        },
        "ptbin2": {
            "jer": {
                "high": 0.003988162237921661,
                "low": 0.0018358526701183365
            },
            "jes": {
                "high": 0.05678900720753198,
                "low": 0.0003089819724377695
            },
            "fracBB": {
                "high": 0.03305547622159736,
                "low": 0.005740531630550605
            },
            "stats": {
                "high": 0.09955193321267797,
                "low": 0.04729340365076773
            },
            "fracLight": {
                "high": 0.03403042393562489,
                "low": 0.02360503987199532
            },
            "pu": {
                "high": 0.0072411734993312,
                "low": 0.0
            },
            "fracCC": {
                "high": 0.03951850928792588,
                "low": 0.031186297394500625
            },
            "psWeightIsr": {
                "high": 0.023829238054500032,
                "low": 0.01087214189981387
            },
            "lumi_13TeV": {
                "high": 0.0005055217394641419,
                "low": 0.000296437103707832
            },
            "l1PreFiring": {
                "high": 0.0,
                "low": 0.0
            },
            "psWeightFsr": {
                "high": 0.0039034410469928225,
                "low": 0.0057684241221730905
            },
            "extSfBDTVariation": {
                "high": 0.051971321070303576,
                "low": 0.08170713694885148
            },
            "extVarRwgt": {
                "high": 0.1625402618306021,
                "low": 0.1625402618306021
            },
            "final": {
                "central": 1.0506539098750676,
                "high": 0.21614820271227,
                "low": 0.19248300041621236
            }
        },
        "ptbin3": {
            "jer": {
                "high": 0.0012162175292370538,
                "low": 0.0037085271474636
            },
            "jes": {
                "high": 0.0032499285921239046,
                "low": 0.0
            },
            "fracBB": {
                "high": 0.00827557193545759,
                "low": 0.0059717040583415325
            },
            "stats": {
                "high": 0.07949835508847536,
                "low": 0.08027133080812066
            },
            "fracLight": {
                "high": 0.02113074387858422,
                "low": 0.015844382335591944
            },
            "pu": {
                "high": 0.02046433281902857,
                "low": 0.016045487470998987
            },
            "fracCC": {
                "high": 0.03395854754743022,
                "low": 0.0281768858692614
            },
            "psWeightIsr": {
                "high": 0.014276974135707627,
                "low": 0.013537977539422548
            },
            "lumi_13TeV": {
                "high": 0.0,
                "low": 0.0006961072368062657
            },
            "l1PreFiring": {
                "high": 0.0,
                "low": 0.0
            },
            "psWeightFsr": {
                "high": 0.011774608630321572,
                "low": 0.019268223704556865
            },
            "extSfBDTVariation": {
                "high": 0.05473962582535558,
                "low": 0.04933499616607471
            },
            "extVarRwgt": {
                "high": 0.17874582595031374,
                "low": 0.17874582595031374
            },
            "final": {
                "central": 1.14270212900805,
                "high": 0.2090644069003036,
                "low": 0.20672118280784055
            }
        }
    },
    "medium": {
        "ptbin1": {
            "jer": {
                "high": 0.00962619634695787,
                "low": 0.008856578755450385
            },
            "jes": {
                "high": 0.0031350322504609444,
                "low": 0.002753420301677693
            },
            "fracBB": {
                "high": 0.021389771968242537,
                "low": 0.00850459926940423
            },
            "stats": {
                "high": 0.08249958829462423,
                "low": 0.04555864916744523
            },
            "fracLight": {
                "high": 0.054525824854362914,
                "low": 0.04095066057591832
            },
            "pu": {
                "high": 0.0024583542933554942,
                "low": 0.0007176586191966641
            },
            "fracCC": {
                "high": 0.027196086732562807,
                "low": 0.039908299755104945
            },
            "psWeightIsr": {
                "high": 0.0,
                "low": 0.0074524084335590894
            },
            "lumi_13TeV": {
                "high": 0.0012087419255907437,
                "low": 0.0001798809796456425
            },
            "l1PreFiring": {
                "high": 0.0,
                "low": 0.0
            },
            "psWeightFsr": {
                "high": 0.0069346110664720365,
                "low": 0.013808376285047523
            },
            "extSfBDTVariation": {
                "high": 0.1303373693589679,
                "low": 0.09038236667166888
            },
            "extVarRwgt": {
                "high": 0.04963447783117281,
                "low": 0.04963447783117281
            },
            "final": {
                "central": 1.0826504083011241,
                "high": 0.1748838097108909,
                "low": 0.12799561967953377
            }
        },
        "ptbin2": {
            "jer": {
                "high": 0.012375681993509604,
                "low": 0.005544015927907632
            },
            "jes": {
                "high": 0.01488330491548554,
                "low": 0.0059703026370472425
            },
            "fracBB": {
                "high": 0.02508625859644038,
                "low": 0.006423403005770052
            },
            "stats": {
                "high": 0.07235715412915988,
                "low": 0.06296760421692515
            },