{
    "tight": {
        "ptbin1": {
            "jer": {
                "high": 0.002251295481611816,
                "low": 0.0021159406489359442
            },
            "jes": {
                "high": 0.0015566588452882765,
                "low": 0.0
            },
            "fracBB": {
                "high": 0.017160933129151765,
                "low": 0.01659354811647321
            },
            "stats": {
                "high": 0.02576857259957166,
                "low": 0.02508891688017223
            },
            "fracLight": {
                "high": 0.0071664932191789505,
                "low": 0.0067597415735635704
            },
            "pu": {
                "high": 0.0034851769466471183,
                "low": 0.0034394743338037118
            },
            "fracCC": {
                "high": 0.009693014875202613,
                "low": 0.008987969041828874
            },
            "psWeightIsr": {
                "high": 0.0031831314759917136,
                "low": 0.003733419999107439
            },
            "lumi_13TeV": {
                "high": 0.0003653460556701279,
                "low": 0.0007550017409776639
            },
            "l1PreFiring": {
                "high": 0.0,
                "low": 0.0
            },
            "psWeightFsr": {
                "high": 0.007969472830881086,
                "low": 0.007727514772052427
            },
            "extSfBDTVariation": {
                "high": 0.01678168645843413,
                "low": 0.020327742773237636
            },
            "extVarRwgt": {
                "high": 0.040602361815374466,
                "low": 0.040602361815374466
            },
            "final": {
                "central": 0.9495813541241859,
                "high": 0.0559233688620544,
                "low": 0.05640619784055848
            }
        },
        "ptbin2": {
            "jer": {
                "high": 0.0007550215122833862,
                "low": 0.0012352971867131324
            },
            "jes": {
                "high": 0.001019304805138432,
                "low": 0.00029495362241298056
            },
            "fracBB": {
                "high": 0.015859814236974475,
                "low": 0.017702433549584347
            },
            "stats": {
                "high": 0.02517957275228655,
                "low": 0.019967860959821726
            },
            "fracLight": {
                "high": 0.001346495383791261,
                "low": 0.0033006060540496204
            },
            "pu": {
                "high": 0.004827922944339029,
                "low": 0.0037527505024557792
            },
            "fracCC": {
                "high": 0.006078756004508,
                "low": 0.005913314127585343
            },
            "psWeightIsr": {
                "high": 0.0006394890516767275,
                "low": 0.0015385806323150722
            },
            "lumi_13TeV": {
                "high": 0.0005456222637414109,
                "low": 0.0003565630741498081
            },
            "l1PreFiring": {
                "high": 0.0,
                "low": 0.0
            },
            "psWeightFsr": {
                "high": 0.0036030546010027823,
                "low": 0.0020791329512032013
            },
            "extSfBDTVariation": {
                "high": 0.03334532286699057,
                "low": 0.029719942413226858
            },
            "extVarRwgt": {
                "high": 0.026106733560645745,
                "low": 0.026106733560645745
            },
            "final": {
                "central": 1.0585581371478654,
                "high": 0.05250130991124232,
                "low": 0.048428325161677215
            }
        },
        "ptbin3": {
            "jer": {
                "high": 0.00038964799331363097,
                "low": 0.0011015853139855478
            },
            "jes": {
                "high": 0.00258781717239704,
                "low": 0.004379656521891858
            },
            "fracBB": {
                "high": 0.012795086786350352,
                "low": 0.01615644146882804
            },
            "stats": {
                "high": 0.027755120796935318,
                "low": 0.02206948422807964
            },
            "fracLight": {
                "high": 0.0005858222974882147,
                "low": 0.003404525304704827
            },
            "pu": {
                "high": 0.0016391034340484249,
                "low": 0.00013029446949706873
            },
            "fracCC": {
                "high": 0.007836468607078184,
                "low": 0.006299051586501286
            },
            "psWeightIsr": {
                "high": 0.004068325603573694,
                "low": 0.004716841416147483
            },
            "lumi_13TeV": {
                "high": 0.000791644889525758,
                "low": 0.0007519532806854323
            },
            "l1PreFiring": {
                "high": 0.0,
                "low": 0.0
            },
            "psWeightFsr": {
                "high": 0.001698673308211064,
                "low": 0.0013371205001652623
            },
            "extSfBDTVariation": {
                "high": 0.028052133284604847,
                "low": 0.029913316715267705
            },
            "extVarRwgt": {
                "high": 0.009705313170177643,
                "low": 0.009705313170177643
            },
            "final": {
                "central": 1.0157050838062331,
                "high": 0.043663811549896944,
                "low": 0.04281792819747284
            }
        }
    },
    "medium": {
        "ptbin1": {
            "jer": {
                "high": 0.00022795205762525704,
                "low": 0.0004144219106484646
            },
            "jes": {
                "high": 0.0010501247166663926,
                "low": 0.0006536928350717456
            },
            "fracBB": {
                "high": 0.01706626119714741,
                "low": 0.016969459765468035
            },
            "stats": {
                "high": 0.0190210995712895,
                "low": 0.01814148869932708
            },
            "fracLight": {
                "high": 0.00871139015065491,
                "low": 0.00834324686563892
            },
            "pu": {
                "high": 0.0021217124523897836,
                "low": 0.0018271831203159456
            },
            "fracCC": {
                "high": 0.009321241255352405,
                "low": 0.009105620082978811
            },
            "psWeightIsr": {
                "high": 0.0010138201691710696,
                "low": 0.0006840342968099271
            },
            "lumi_13TeV": {
                "high": 0.0003083729254324357,
                "low": 0.0006378328653873856
            },
            "l1PreFiring": {
                "high": 0.0,
                "low": 0.0
            },
            "psWeightFsr": {
                "high": 0.00166954777858634,
                "low": 0.001978221738234933
            },
            "extSfBDTVariation": {
                "high": 0.018567462666676044,
                "low": 0.028014842140621207
            },
            "extVarRwgt": {
                "high": 0.04266504082143063,
                "low": 0.04266504082143063
            },
            "final": {
                "central": 0.9319387916864637,
                "high": 0.054685065950345405,
                "low": 0.058167526195475105
            }
        },
        "ptbin2": {
            "jer": {
                "high": 0.0003730057695350496,
                "low": 0.0004887988910061222
            },
            "jes": {
                "high": 0.0008784075110836791,
                "low": 0.0009466375165513968
            },
            "fracBB": {
                "high": 0.01680776032593339,
                "low": 0.017437252061814897
            },