{
    "tight": {
        "ptbin1": {
            "jer": {
                "high": 0.011961875121184368,
                "low": 0.007011788068906526
            },
            "jes": {
                "high": 3.594114375973003e-05,
                "low": 0.0009046535274194109
            },
            "fracBB": {
                "high": 0.014065556442784724,
                "low": 0.019248806307894037
            },
            "stats": {
                "high": 0.03506060710942682,
                "low": 0.029268136491721886
            },
            "fracLight": {
                "high": 0.0024059682724262735,
                "low": 0.004845851817013945
            },
            "pu": {
                "high": 0.004329715161191923,
                "low": 0.00612387440735591
            },
            "fracCC": {
                "high": 0.009827396504447201,
                "low": 0.008943469786114792
            },
            "psWeightIsr": {
                "high": 0.006819066917430251,
                "low": 0.005536634834623412
            },
            "lumi_13TeV": {
                "high": 0.0,
                "low": 0.000536360647517939
            },
            "l1PreFiring": {
                "high": 0.0009455270754119883,
                "low": 0.0017870927262920292
            },
            "psWeightFsr": {
                "high": 0.005753294248530577,
                "low": 0.006773933025153261
            },
            "extSfBDTVariation": {
                "high": 0.024843328151544237,
                "low": 0.02275160316559581
            },
            "extVarRwgt": {
                "high": 0.03781169035737708,
                "low": 0.03781169035737708
            },
            "final": {
                "central": 1.0486246789442741,
                "high": 0.061794743604356515,
                "low": 0.05869816818840432
            }
        },
        "ptbin2": {
            "jer": {
                "high": 0.0007028208598737403,
                "low": 0.001206086515203653
            },
            "jes": {
                "high": 0.0004519278593146409,
                "low": 0.0033888655690071517
            },
            "fracBB": {
                "high": 0.015499730397214305,
                "low": 0.006131411622847671
            },
            "stats": {
                "high": 0.02646730856424706,
                "low": 0.032000836902301044
            },
            "fracLight": {
                "high": 0.0007930388669361791,
                "low": 0.002574849370975799
            },
            "pu": {
                "high": 0.007369228639741229,
                "low": 0.006435935899447266
            },
            "fracCC": {
                "high": 0.00860579222681295,
                "low": 0.005310097882439582
            },
            "psWeightIsr": {
                "high": 0.00503896732201566,
                "low": 0.005756402028287072
            },
            "lumi_13TeV": {
                "high": 0.0004778115730226326,
                "low": 0.0009745865770310164
            },
            "l1PreFiring": {
                "high": 0.001428515654981621,
                "low": 0.0006547211275827954
            },
            "psWeightFsr": {
                "high": 0.00148367373576607,
                "low": 0.0026260768735010833
            },
            "extSfBDTVariation": {
                "high": 0.016260624789689617,
                "low": 0.00977594491885588
            },
            "extVarRwgt": {
                "high": 0.05175050950277815,
                "low": 0.05175050950277815
            },
            "final": {
                "central": 1.0565116130023269,
                "high": 0.06358330720293973,
                "low": 0.06297563291330222
            }
        },
        "ptbin3": {
            "jer": {
                "high": 0.0015667741109165667,
                "low": 0.0019365741924465202
            },
            "jes": {
                "high": 0.0007784641456292521,
                "low": 0.0
            },
            "fracBB": {
                "high": 0.013452751011489617,
                "low": 0.011743067575567563
            },
            "stats": {
                "high": 0.02704044368890579,
                "low": 0.026863894351951023
            },
            "fracLight": {
                "high": 0.0001302487268532516,
                "low": 0.0006685509889892397
            },
            "pu": {
                "high": 0.0008934562828128413,
                "low": 0.0011651311044867077
            },
            "fracCC": {
                "high": 0.007027143882082036,
                "low": 0.0072621426388915005
            },
            "psWeightIsr": {
                "high": 0.00453384470991184,
                "low": 0.004391551490364367
            },
            "lumi_13TeV": {
                "high": 0.0,
                "low": 0.0005882586132331554
            },
            "l1PreFiring": {
                "high": 0.0007700602638385428,
                "low": 0.0006096992059963135
            },
            "psWeightFsr": {
                "high": 0.0035653506932562494,
                "low": 0.0033821132084118385
            },
            "extSfBDTVariation": {
                "high": 0.013842949480915752,
                "low": 0.020969481985813634
            },
            "extVarRwgt": {
                "high": 0.0338951203901261,
                "low": 0.0338951203901261
            },
            "final": {
                "central": 1.0412197643404801,
                "high": 0.04837130344000345,
                "low": 0.050376909530317954
            }
        }
    },
    "medium": {
        "ptbin1": {
            "jer": {
                "high": 0.002763718811316565,
                "low": 0.006484669163494817
            },
            "jes": {
                "high": 0.0007334034229244807,
                "low": 0.0008894525945646871
            },
            "fracBB": {
                "high": 0.019700179821107017,
                "low": 0.015411032378961582
            },
            "stats": {
                "high": 0.01728152374857106,
                "low": 0.02321562032635116
            },
            "fracLight": {
                "high": 0.004939744544801433,
                "low": 0.0033081241758644913
            },
            "pu": {
                "high": 0.0037348731601336764,
                "low": 0.004759405005843926
            },
            "fracCC": {
                "high": 0.01182105214208507,
                "low": 0.008789943767782556
            },
            "psWeightIsr": {
                "high": 0.0011635723046170398,
                "low": 0.001338681934346495
            },
            "lumi_13TeV": {
                "high": 0.00020200098833580022,
                "low": 0.0013195686521817985
            },
            "l1PreFiring": {
                "high": 0.0017382101589474117,
                "low": 0.0010377124164852496
            },
            "psWeightFsr": {
                "high": 0.006639954842901693,
                "low": 0.00593895240908007
            },
            "extSfBDTVariation": {
                "high": 0.017941025571924753,
                "low": 0.018595532994856768
            },
            "extVarRwgt": {
                "high": 0.04587551304384996,
                "low": 0.04587551304384996
            },
            "final": {
                "central": 1.0004230036223216,
                "high": 0.05786155868216777,
                "low": 0.05848421682077214
            }
        },
        "ptbin2": {
            "jer": {
                "high": 8.33572584911127e-05,
                "low": 9.194603456951582e-05
            },
            "jes": {
                "high": 0.0006748213955189388,
                "low": 0.0006081873763647773
            },
            "fracBB": {
                "high": 0.01689398695709145,