{
    "tight": {
        "ptbin1": {
            "jer": {
                "high": 0.0028921554182384968,
                "low": 0.002835351298259383
            },
            "jes": {
                "high": 0.001524148420574902,
                "low": 0.0016996701398328984
            },
            "stats": {
                "high": 0.024618175444952373,
                "low": 0.022505308150190806
            },
            "pu": {
                "high": 0.0027151749098749903,
                "low": 0.00340039272183409
            },
            "psWeightIsr": {
                "high": 0.005013506313726094,
                "low": 0.004772812453228038
            },
            "lumi_13TeV": {
                "high": 0.00017653238753976801,
                "low": 0.0005700261586159632
            },
            "l1PreFiring": {
                "high": 0.0,
                "low": 0.0
            },
            "psWeightFsr": {
                "high": 0.008191926776321693,
                "low": 0.007411637000036653
            },
            "extSfBDTVariation": {
                "high": 0.02308492587413622,
                "low": 0.024412967766544492
            },
            "extVarRwgt": {
                "high": 0.053661320412052294,
                "low": 0.053661320412052294
            },
            "final": {
                "central": 0.9971903376563357,
                "high": 0.0662457649318387,
                "low": 0.06595169678689859
            },
            "fracBB": {
                "high": 0.012461146422233678,
                "low": 0.012527650164746756
            },
            "fracCC": {
                "high": 0.009071143749619528,
                "low": 0.00901769052195721
            },
            "fracLight": {
                "high": 0.00470064244454118,
                "low": 0.005368291330918788
            }
        },
        "ptbin2": {
            "jer": {
                "high": 0.0010260969224173148,
                "low": 0.0005616217672845112
            },
            "jes": {
                "high": 0.0007873012328234571,
                "low": 0.0011324951938463466
            },
            "stats": {
                "high": 0.022135968012544804,
                "low": 0.026014108413524806
            },
            "pu": {
                "high": 0.015203192672987708,
                "low": 0.005075202791924424
            },
            "psWeightIsr": {
                "high": 0.003264864977408492,
                "low": 0.0032724091982972614
            },
            "lumi_13TeV": {
                "high": 0.0004024308380529554,
                "low": 0.00020709034937059747
            },
            "l1PreFiring": {
                "high": 0.0,
                "low": 0.0
            },
            "psWeightFsr": {
                "high": 0.0010971083474134666,
                "low": 0.001247507593346612
            },
            "extSfBDTVariation": {
                "high": 0.020925151666558985,
                "low": 0.023915362146400384
            },
            "extVarRwgt": {
                "high": 0.008894366026172662,
                "low": 0.008894366026172662
            },
            "final": {
                "central": 1.0766186731013363,
                "high": 0.0367785986844973,
                "low": 0.03820118866560335
            },
            "fracBB": {
                "high": 0.008148741638436994,
                "low": 0.007876439044050668
            },
            "fracCC": {
                "high": 0.0058124816098845756,
                "low": 0.005425759938699656
            },
            "fracLight": {
                "high": 0.0008190623347158603,
                "low": 0.0006340749673735485
            }
        },
        "ptbin3": {
            "jer": {
                "high": 0.00022253326627106332,
                "low": 0.0003647747212332232
            },
            "jes": {
                "high": 0.0034393601101025835,
                "low": 0.0016123592282726547
            },
            "stats": {
                "high": 0.024135377769364474,
                "low": 0.024234329207576177
            },
            "pu": {
                "high": 0.0007466028581325001,
                "low": 0.000308862003104865
            },
            "psWeightIsr": {
                "high": 0.005239750369285652,
                "low": 0.005477659042093527
            },
            "lumi_13TeV": {
                "high": 0.00013799877606197072,
                "low": 0.00043408490954995754
            },
            "l1PreFiring": {
                "high": 0.0,
                "low": 0.0
            },
            "psWeightFsr": {
                "high": 0.0007965484046123423,
                "low": 0.0005687755456619684
            },
            "extSfBDTVariation": {
                "high": 0.02276153198356854,
                "low": 0.027032011552696467
            },
            "extVarRwgt": {
                "high": 0.030830258624632734,
                "low": 0.030830258624632734
            },
            "final": {
                "central": 1.0323344264578593,
                "high": 0.04728897849289196,
                "low": 0.049226901416884905
            },
            "fracBB": {
                "high": 0.0101132454487934,
                "low": 0.009004412310722637
            },
            "fracCC": {
                "high": 0.0064737616560174545,
                "low": 0.006335804790859441
            },
            "fracLight": {
                "high": 0.0006378608305894177,
                "low": 0.0004288468067023158
            }
        }
    },
    "medium": {
        "ptbin1": {
            "jer": {
                "high": 0.00017108356825218962,
                "low": 0.001525708262233807
            },
            "jes": {
                "high": 0.00014856610345206857,
                "low": 0.0021429703682569537
            },
            "stats": {
                "high": 0.021450120372482617,
                "low": 0.019537883924961474
            },
            "pu": {
                "high": 0.0033225450731312394,
                "low": 0.002787302269698603
            },
            "psWeightIsr": {
                "high": 0.0019340671685815838,
                "low": 0.002011837672142005
            },
            "lumi_13TeV": {
                "high": 0.0002512660513322154,
                "low": 0.0006314451629406077
            },
            "l1PreFiring": {
                "high": 0.0,
                "low": 0.0
            },
            "psWeightFsr": {
                "high": 0.005518383484389791,
                "low": 0.004592095391980252
            },
            "extSfBDTVariation": {
                "high": 0.015110562283643561,
                "low": 0.02198413549452403
            },
            "extVarRwgt": {
                "high": 0.047152309645077106,
                "low": 0.047152309645077106
            },
            "final": {
                "central": 0.9708500311688187,
                "high": 0.056572412499586215,
                "low": 0.05828630564031236
            },
            "fracBB": {
                "high": 0.011151200725418338,
                "low": 0.011922719805776267
            },
            "fracCC": {
                "high": 0.010096656461718782,
                "low": 0.009800820863735323
            },
            "fracLight": {
                "high": 0.004125783725835799,
                "low": 0.005521951277265895
            }
        },
        "ptbin2": {
            "jer": {
                "high": 0.0004098469815842392,
                "low": 0.0003518553776495601
            },
            "jes": {
                "high": 0.005261508361524749,
                "low": 0.0029679624314317733
            },
            "stats": {
                "high": 0.018669754066575228,
                "low": 0.018127996475963526
            },