{
    "tight": {
        "ptbin1": {
            "jer": {
                "high": 0.004565946652206194,
                "low": 0.005392734547594194
            },
            "jes": {
                "high": 0.011513307072715398,
                "low": 0.012578107839437714
            },
            "fracBB": {
                "high": 0.014783443923926573,
                "low": 0.0030017754855660678
            },
            "stats": {
                "high": 0.16326711203175326,
                "low": 0.09147106811189598
            },
            "fracLight": {
                "high": 0.05769441765920324,
                "low": 0.03321097095058593
            },
            "pu": {
                "high": 0.016160194149360346,
                "low": 0.016961180054810954
            },
            "fracCC": {
                "high": 0.08490443447966253,
                "low": 0.04728441022899163
            },
            "psWeightIsr": {
                "high": 0.0,
                "low": 0.01638471915393492
            },
            "lumi_13TeV": {
                "high": 0.0,
                "low": 0.00109924554573317
            },
            "l1PreFiring": {
                "high": 0.0,
                "low": 0.00359080632499998
            },
            "psWeightFsr": {
                "high": 0.00802240672521636,
                "low": 0.004282709570352407
            },
            "extSfBDTVariation": {
                "high": 0.0,
                "low": 0.07969982403639034
            },
            "extVarRwgt": {
                "high": 0.12093296780774199,
                "low": 0.12093296780774199
            },
            "final": {
                "central": 1.1313362631729726,
                "high": 0.22046726698187083,
                "low": 0.18294116682536185
            }
        },
        "ptbin2": {
            "jer": {
                "high": 0.00455710399865739,
                "low": 0.048911827052209395
            },
            "jes": {
                "high": 0.07431343566132452,
                "low": 0.07407528060329947
            },
            "fracBB": {
                "high": 0.009603715591655751,
                "low": 0.03791307594876581
            },
            "stats": {
                "high": 0.2584965591999693,
                "low": 0.12044745440607263
            },
            "fracLight": {
                "high": 0.06848078886845536,
                "low": 0.01718340681916679
            },
            "pu": {
                "high": 0.05597568752094551,
                "low": 0.025939660520936603
            },
            "fracCC": {
                "high": 0.09685039658033368,
                "low": 0.052277374128815626
            },
            "psWeightIsr": {
                "high": 0.015798834934667348,
                "low": 0.039066763783346455
            },
            "lumi_13TeV": {
                "high": 0.006732265062600324,
                "low": 0.0011218296941825812
            },
            "l1PreFiring": {
                "high": 0.003557460253473467,
                "low": 0.0
            },
            "psWeightFsr": {
                "high": 0.0864147133447835,
                "low": 0.0
            },
            "extSfBDTVariation": {
                "high": 0.0,
                "low": 0.02218537598243607
            },
            "extVarRwgt": {
                "high": 0.044507310420809354,
                "low": 0.044507310420809354
            },
            "final": {
                "central": 1.1087292150600987,
                "high": 0.2865259451803725,
                "low": 0.17710649662282674
            }
        },
        "ptbin3": {
            "jer": {
                "high": 0.0,
                "low": 0.004855399532271584
            },
            "jes": {
                "high": 0.029518950283895524,
                "low": 0.0
            },
            "fracBB": {
                "high": 0.009652155079603951,
                "low": 0.0
            },
            "stats": {
                "high": 0.10967297501150441,
                "low": 0.12867028200947717
            },
            "fracLight": {
                "high": 0.049375565088746125,
                "low": 0.045835438784165634
            },
            "pu": {
                "high": 0.01946278797644824,
                "low": 0.014468989849491016
            },
            "fracCC": {
                "high": 0.061743023613240945,
                "low": 0.048272965994713035
            },
            "psWeightIsr": {
                "high": 0.019434208118064053,
                "low": 0.0034576673897868133
            },
            "lumi_13TeV": {
                "high": 0.0031108126514017833,
                "low": 0.0026596607644323498
            },
            "l1PreFiring": {
                "high": 0.001022291842724575,
                "low": 0.0032380618986548
            },
            "psWeightFsr": {
                "high": 0.023618730093290345,
                "low": 0.0049037911858492485
            },
            "extSfBDTVariation": {
                "high": 0.06844146723497765,
                "low": 0.054733728113159776
            },
            "extVarRwgt": {
                "high": 0.11285104882833585,
                "low": 0.11285104882833585
            },
            "final": {
                "central": 1.2951918171605414,
                "high": 0.19490314980514425,
                "low": 0.19236156887672717
            }
        }
    },
    "medium": {
        "ptbin1": {
            "jer": {
                "high": 0.024179720162926504,
                "low": 0.003309076600695792
            },
            "jes": {
                "high": 0.041963144441477994,
                "low": 0.003743642240325688
            },
            "fracBB": {
                "high": 0.07959516891916064,
                "low": 0.005385639883065186
            },
            "stats": {
                "high": 0.15696421450328257,
                "low": 0.03998559847290217
            },
            "fracLight": {
                "high": 0.0641868609000125,
                "low": 0.03640026549265013
            },
            "pu": {
                "high": 0.001989844223091737,
                "low": 0.014215225988298476
            },
            "fracCC": {
                "high": 0.009330495772079072,
                "low": 0.044428411958482815
            },
            "psWeightIsr": {
                "high": 0.008278864425951764,
                "low": 0.00541642785127807
            },
            "lumi_13TeV": {
                "high": 0.004333650345697855,
                "low": 0.0
            },
            "l1PreFiring": {
                "high": 0.0,
                "low": 0.0005288248277941802
            },
            "psWeightFsr": {
                "high": 0.023450301471081392,
                "low": 0.0027806813482613726
            },
            "extSfBDTVariation": {
                "high": 0.0,
                "low": 0.13338634526814236
            },
            "extVarRwgt": {
                "high": 0.03753615533252108,
                "low": 0.03753615533252108
            },
            "final": {
                "central": 1.0098402882097162,
                "high": 0.18233460838858376,
                "low": 0.15617915875011257
            }
        },
        "ptbin2": {
            "jer": {
                "high": 0.001737489163119818,
                "low": 0.04805590327397474
            },
            "jes": {
                "high": 0.007739432381314028,
                "low": 0.02027602515387055
            },
            "fracBB": {
                "high": 0.008955092321972634,
                "low": 0.10128152043180977
            },
            "stats": {
                "high": 0.03795693877971407,
                "low": 0.1179528592831971
            },
            "fracLight": {
                "high": 0.047284048486481094,