{
    "tight": {
        "ptbin1": {
            "jer": {
                "high": 0.007071854585514573,
                "low": 0.003205057647240663
            },
            "jes": {
                "high": 0.0027785486249002353,
                "low": 0.0023573593948580775
            },
            "fracBB": {
                "high": 0.02348461975289173,
                "low": 0.028994643576944402
            },
            "stats": {
                "high": 0.039448592651464276,
                "low": 0.026516264768889464
            },
            "fracLight": {
                "high": 0.003367973169107015,
                "low": 0.006531089391762795
            },
            "pu": {
                "high": 0.0015775059855391335,
                "low": 0.0003052469574463017
            },
            "fracCC": {
                "high": 0.014873890755468893,
                "low": 0.01184838450628264
            },
            "psWeightIsr": {
                "high": 0.002611162489629766,
                "low": 0.0023996519057879074
            },
            "lumi_13TeV": {
                "high": 0.008808181747153481,
                "low": 0.0004394210518876784
            },
            "l1PreFiring": {
                "high": 0.0007314468117555156,
                "low": 0.0005954534110214464
            },
            "psWeightFsr": {
                "high": 0.0,
                "low": 0.003965218954958418
            },
            "extSfBDTVariation": {
                "high": 0.028301436628231227,
                "low": 0.028587349337484205
            },
            "extVarRwgt": {
                "high": 0.0642906855996872,
                "low": 0.0642906855996872
            },
            "final": {
                "central": 1.0616623727180508,
                "high": 0.08609427652136473,
                "low": 0.08194706495244315
            }
        },
        "ptbin2": {
            "jer": {
                "high": 0.0018826744218779874,
                "low": 0.0017770590607731301
            },
            "jes": {
                "high": 0.0054191469567808105,
                "low": 0.006112436004261712
            },
            "fracBB": {
                "high": 0.019034866253517958,
                "low": 0.018879749696053855
            },
            "stats": {
                "high": 0.040956770087690275,
                "low": 0.039621636351114375
            },
            "fracLight": {
                "high": 0.0016737026421400191,
                "low": 0.0012794426881923197
            },
            "pu": {
                "high": 0.011656798772556487,
                "low": 0.008887896079011267
            },
            "fracCC": {
                "high": 0.0097874466486164,
                "low": 0.009272922514836806
            },
            "psWeightIsr": {
                "high": 0.009266565467353953,
                "low": 0.008837254706675558
            },
            "lumi_13TeV": {
                "high": 0.0,
                "low": 0.0009489294918654212
            },
            "l1PreFiring": {
                "high": 0.00038911955909195996,
                "low": 0.00011961236680372825
            },
            "psWeightFsr": {
                "high": 0.008713086366276525,
                "low": 0.008421814960343646
            },
            "extSfBDTVariation": {
                "high": 0.028053573240163845,
                "low": 0.02199252385897803
            },
            "extVarRwgt": {
                "high": 0.06631495069484772,
                "low": 0.06631495069484772
            },
            "final": {
                "central": 1.1434538734047146,
                "high": 0.08748425213244322,
                "low": 0.08464478834772202
            }
        },
        "ptbin3": {
            "jer": {
                "high": 0.00031014181159560804,
                "low": 0.0002374144834246502
            },
            "jes": {
                "high": 0.001240899931908558,
                "low": 0.0017237673207538425
            },
            "fracBB": {
                "high": 0.035611063668606606,
                "low": 0.034212774414375355
            },
            "stats": {
                "high": 0.031065327299968803,
                "low": 0.028820315310777556
            },
            "fracLight": {
                "high": 0.015374770203880651,
                "low": 0.013309943427334919
            },
            "pu": {
                "high": 0.00457831547811557,
                "low": 0.004426753853749528
            },
            "fracCC": {
                "high": 0.015930197409929105,
                "low": 0.013881857840055759
            },
            "psWeightIsr": {
                "high": 0.006383928049385463,
                "low": 0.006381972731896476
            },
            "lumi_13TeV": {
                "high": 0.0008723790256008738,
                "low": 0.0014743263798789679
            },
            "l1PreFiring": {
                "high": 0.0005172467321050631,
                "low": 0.0006944140981627355
            },
            "psWeightFsr": {
                "high": 0.008961920566714299,
                "low": 0.007986625797211983
            },
            "extSfBDTVariation": {
                "high": 0.04939455776830545,
                "low": 0.04649077065581914
            },
            "extVarRwgt": {
                "high": 0.1243335242134953,
                "low": 0.1243335242134953
            },
            "final": {
                "central": 1.0586374094621218,
                "high": 0.14410656086664114,
                "low": 0.1418485022278204
            }
        }
    },
    "medium": {
        "ptbin1": {
            "jer": {
                "high": 0.0027281981475453343,
                "low": 0.00101761240093256
            },
            "jes": {
                "high": 0.0025412601058123546,
                "low": 0.0023795200067847086
            },
            "fracBB": {
                "high": 0.029060705670452446,
                "low": 0.027603529200614627
            },
            "stats": {
                "high": 0.027323582339865427,
                "low": 0.026907701281141616
            },
            "fracLight": {
                "high": 0.0044722362755380135,
                "low": 0.003555528952747184
            },
            "pu": {
                "high": 0.004613093327835382,
                "low": 0.004284066021364269
            },
            "fracCC": {
                "high": 0.017494334121027234,
                "low": 0.016079970651014783
            },
            "psWeightIsr": {
                "high": 0.004522030925692528,
                "low": 0.003896581140425677
            },
            "lumi_13TeV": {
                "high": 0.0,
                "low": 0.0006212973913065367
            },
            "l1PreFiring": {
                "high": 6.537782386550579e-05,
                "low": 0.0
            },
            "psWeightFsr": {
                "high": 0.0029727167882248853,
                "low": 0.002890876733251862
            },
            "extSfBDTVariation": {
                "high": 0.039758307196915865,
                "low": 0.020158042351829445
            },
            "extVarRwgt": {
                "high": 0.0715178765137714,
                "low": 0.0715178765137714
            },
            "final": {
                "central": 1.0567639031419014,
                "high": 0.09315041583004738,
                "low": 0.08559935182084212
            }
        },
        "ptbin2": {
            "jer": {
                "high": 0.0029603076077999004,
                "low": 0.004052431928214638
            },
            "jes": {
                "high": 0.005760160804979808,
                "low": 0.005669841138785107
            },
            "fracBB": {
                "high": 0.021843940392804028,