{
    "tight": {
        "ptbin1": {
            "jer": {
                "high": 0.010875106076482207,
                "low": 0.003956361622439452
            },
            "jes": {
                "high": 0.004131027646801471,
                "low": 0.028256980706472222
            },
            "fracBB": {
                "high": 0.016837221315769094,
                "low": 0.013477612409821076
            },
            "stats": {
                "high": 0.11298494985704632,
                "low": 0.17391672863819552
            },
            "fracLight": {
                "high": 0.04123117830283217,
                "low": 0.02447708343589761
            },
            "pu": {
                "high": 0.019948492016479184,
                "low": 0.05327367036931435
            },
            "fracCC": {
                "high": 0.06659783906582051,
                "low": 0.031030819728953916
            },
            "psWeightIsr": {
                "high": 0.009395054454595495,
                "low": 0.004224448565307259
            },
            "lumi_13TeV": {
                "high": 0.0018471206194296936,
                "low": 0.0005827825525600557
            },
            "l1PreFiring": {
                "high": 0.001249931894954164,
                "low": 0.0
            },
            "psWeightFsr": {
                "high": 0.006508751328412989,
                "low": 0.014492629062661244
            },
            "extSfBDTVariation": {
                "high": 0.07578303006066607,
                "low": 0.03960915894238938
            },
            "extVarRwgt": {
                "high": 0.1877041965680002,
                "low": 0.1877041965680002
            },
            "final": {
                "central": 1.3905357550203221,
                "high": 0.24663573734241392,
                "low": 0.2695767263530832
            }
        },
        "ptbin2": {
            "jer": {
                "high": 0.005420965511184381,
                "low": 0.0032174436580576548
            },
            "jes": {
                "high": 0.0021899257529146903,
                "low": 0.008579734582752678
            },
            "fracBB": {
                "high": 0.025766702388310563,
                "low": 0.001871370284510832
            },
            "stats": {
                "high": 0.1708315601452557,
                "low": 0.13682388142171842
            },
            "fracLight": {
                "high": 0.05127810031223044,
                "low": 0.04222756176225964
            },
            "pu": {
                "high": 0.015677302720303116,
                "low": 0.009307375247576558
            },
            "fracCC": {
                "high": 0.042661930613815784,
                "low": 0.04810401411940148
            },
            "psWeightIsr": {
                "high": 0.0365793316139637,
                "low": 0.02680667057117849
            },
            "lumi_13TeV": {
                "high": 0.003831776148967125,
                "low": 0.0005501553877282054
            },
            "l1PreFiring": {
                "high": 0.0027767924298624336,
                "low": 0.0
            },
            "psWeightFsr": {
                "high": 0.014640665834704514,
                "low": 0.019101637871275924
            },
            "extSfBDTVariation": {
                "high": 0.0,
                "low": 0.02994434505970947
            },
            "extVarRwgt": {
                "high": 0.04049972055302398,
                "low": 0.04049972055302398
            },
            "final": {
                "central": 1.1642166940775214,
                "high": 0.1939493122647124,
                "low": 0.16313364571997274
            }
        },
        "ptbin3": {
            "jer": {
                "high": 0.09650755746323056,
                "low": 0.0056595257679793775
            },
            "jes": {
                "high": 0.010716298976138459,
                "low": 0.006941234501776532
            },
            "fracBB": {
                "high": 0.004963460842961946,
                "low": 0.0038636660328415532
            },
            "stats": {
                "high": 0.1617090914911694,
                "low": 0.09806401226664774
            },
            "fracLight": {
                "high": 0.0723083246629594,
                "low": 0.05303646764472669
            },
            "pu": {
                "high": 0.016963228561780414,
                "low": 0.0006988749351237104
            },
            "fracCC": {
                "high": 0.07023479987102854,
                "low": 0.05791734459277921
            },
            "psWeightIsr": {
                "high": 0.009024306949091959,
                "low": 0.011522842617853609
            },
            "lumi_13TeV": {
                "high": 0.0022040874801699866,
                "low": 0.00200349588227778
            },
            "l1PreFiring": {
                "high": 0.001129128223308404,
                "low": 0.0
            },
            "psWeightFsr": {
                "high": 0.02884494267760611,
                "low": 0.0628071305458851
            },
            "extSfBDTVariation": {
                "high": 0.04649384535135477,
                "low": 0.037735930569235784
            },
            "extVarRwgt": {
                "high": 0.19204985024346843,
                "low": 0.19204985024346843
            },
            "final": {
                "central": 1.076188968660778,
                "high": 0.2932858850638322,
                "low": 0.24138611563582477
            }
        }
    },
    "medium": {
        "ptbin1": {
            "jer": {
                "high": 0.006227547556495918,
                "low": 0.0062106736702782
            },
            "jes": {
                "high": 0.001065841585428375,
                "low": 0.0006734480174392565
            },
            "fracBB": {
                "high": 0.013074285814190652,
                "low": 0.008091975717597349
            },
            "stats": {
                "high": 0.04357615164399853,
                "low": 0.043717498004747
            },
            "fracLight": {
                "high": 0.04531476678100184,
                "low": 0.03801576069906213
            },
            "pu": {
                "high": 0.01011127772853218,
                "low": 0.008185662476616083
            },
            "fracCC": {
                "high": 0.06368616298430178,
                "low": 0.056583928147200674
            },
            "psWeightIsr": {
                "high": 0.005636577013770994,
                "low": 0.004443223936543716
            },
            "lumi_13TeV": {
                "high": 0.0017309501739432675,
                "low": 0.001004481774643301
            },
            "l1PreFiring": {
                "high": 0.001071618404979506,
                "low": 0.0009149845184052164
            },
            "psWeightFsr": {
                "high": 0.008787653179091241,
                "low": 0.007088898687133162
            },
            "extSfBDTVariation": {
                "high": 0.04823707549253917,
                "low": 0.04033623088925571
            },
            "extVarRwgt": {
                "high": 0.16376446678989165,
                "low": 0.16376446678989165
            },
            "final": {
                "central": 1.2650964361615546,
                "high": 0.19385583336149023,
                "low": 0.1877427036343549
            }
        },
        "ptbin2": {
            "jer": {
                "high": 0.006298352514993393,
                "low": 0.004334829631352618
            },
            "jes": {
                "high": 0.0019565658689671924,
                "low": 0.0027137109327734087
            },
            "fracBB": {
                "high": 0.006165836908425111,
                "low": 0.0034957062833368495
            },