{
    "tight": {
        "ptbin1": {
            "jer": {
                "high": 0.036732919397521664,
                "low": 0.016432041245236177
            },
            "jes": {
                "high": 0.033216218722907496,
                "low": 0.006151244476334693
            },
            "fracBB": {
                "high": 0.014892149228548694,
                "low": 0.005292877033233041
            },
            "stats": {
                "high": 0.19147848219451924,
                "low": 0.13848319820016086
            },
            "fracLight": {
                "high": 0.06080501442943132,
                "low": 0.04984019425441755
            },
            "pu": {
                "high": 0.06843008150103022,
                "low": 0.024703670098477244
            },
            "fracCC": {
                "high": 0.0495145775089526,
                "low": 0.05953024605245822
            },
            "psWeightIsr": {
                "high": 0.0183541766211617,
                "low": 0.008798975178210797
            },
            "lumi_13TeV": {
                "high": 0.010164140184225097,
                "low": 0.0019046943344734474
            },
            "l1PreFiring": {
                "high": 0.0005628266454093833,
                "low": 0.0016446323167351245
            },
            "psWeightFsr": {
                "high": 0.04777706995838277,
                "low": 0.02049871748131645
            },
            "extSfBDTVariation": {
                "high": 0.0,
                "low": 0.020668777066920038
            },
            "extVarRwgt": {
                "high": 0.28607489053655677,
                "low": 0.28607489053655677
            },
            "final": {
                "central": 1.243568736820415,
                "high": 0.3601993610098169,
                "low": 0.33003275654595415
            }
        },
        "ptbin2": {
            "jer": {
                "high": 0.0,
                "low": 0.030095585338721562
            },
            "jes": {
                "high": 0.007411527040786451,
                "low": 0.0037301216471756914
            },
            "fracBB": {
                "high": 0.010457868841686164,
                "low": 0.007129417423111689
            },
            "stats": {
                "high": 0.07395306469057927,
                "low": 0.10242373430825258
            },
            "fracLight": {
                "high": 0.036891916942829214,
                "low": 0.028032863418193426
            },
            "pu": {
                "high": 0.004868520856070134,
                "low": 0.009213826989002746
            },
            "fracCC": {
                "high": 0.058919658320097705,
                "low": 0.03331351748121548
            },
            "psWeightIsr": {
                "high": 0.014808229148221776,
                "low": 0.03413954669029685
            },
            "lumi_13TeV": {
                "high": 0.0009941208688572722,
                "low": 0.0
            },
            "l1PreFiring": {
                "high": 0.0017936102735430063,
                "low": 0.00507858648120685
            },
            "psWeightFsr": {
                "high": 0.02004232881066029,
                "low": 0.005173822682972261
            },
            "extSfBDTVariation": {
                "high": 0.10785250098393133,
                "low": 0.08494083992581909
            },
            "extVarRwgt": {
                "high": 0.33491490013830805,
                "low": 0.33491490013830805
            },
            "final": {
                "central": 1.452340722546145,
                "high": 0.3673073722156312,
                "low": 0.3661182916843053
            }
        },
        "ptbin3": {
            "jer": {
                "high": 0.03812328423309717,
                "low": 0.011538357669428503
            },
            "jes": {
                "high": 0.03214867608617001,
                "low": 0.018175545901323815
            },
            "fracBB": {
                "high": 0.007401875407325456,
                "low": 0.025251124263777028
            },
            "stats": {
                "high": 0.13545899570095754,
                "low": 0.13414659172961163
            },
            "fracLight": {
                "high": 0.028149340600573315,
                "low": 0.022399830135727578
            },
            "pu": {
                "high": 0.029157289665667014,
                "low": 0.005699727357790458
            },
            "fracCC": {
                "high": 0.03876254699571492,
                "low": 0.003891095833935615
            },
            "psWeightIsr": {
                "high": 0.01874316114742221,
                "low": 0.00939061608296071
            },
            "lumi_13TeV": {
                "high": 0.00037510468962587715,
                "low": 0.00441999886856285
            },
            "l1PreFiring": {
                "high": 0.002682103301655826,
                "low": 0.0014828305127871368
            },
            "psWeightFsr": {
                "high": 0.009809073531516803,
                "low": 0.01845295393500244
            },
            "extSfBDTVariation": {
                "high": 0.0,
                "low": 0.0266429230332102
            },
            "extVarRwgt": {
                "high": 0.1236214897116592,
                "low": 0.1236214897116592
            },
            "final": {
                "central": 1.2073336049852146,
                "high": 0.1940784157111316,
                "low": 0.18996931290759075
            }
        }
    },
    "medium": {
        "ptbin1": {
            "jer": {
                "high": 0.006507298300495607,
                "low": 0.0016986867576990528
            },
            "jes": {
                "high": 0.0018371876968169513,
                "low": 0.012074722533155186
            },
            "fracBB": {
                "high": 0.015346423243120685,
                "low": 0.0
            },
            "stats": {
                "high": 0.059166929391261336,
                "low": 0.07200951051888782
            },
            "fracLight": {
                "high": 0.06665385921755258,
                "low": 0.0538931927612592
            },
            "pu": {
                "high": 0.003312153655669397,
                "low": 2.3502292234498925e-05
            },
            "fracCC": {
                "high": 0.0812596908415109,
                "low": 0.05961870926578061
            },
            "psWeightIsr": {
                "high": 0.009275436425754475,
                "low": 0.009059685108636467
            },
            "lumi_13TeV": {
                "high": 0.0020560251826359476,
                "low": 0.0017407827081539675
            },
            "l1PreFiring": {
                "high": 0.0034718147061117534,
                "low": 0.003337708289035685
            },
            "psWeightFsr": {
                "high": 0.0149685034410574,
                "low": 0.011713462052764797
            },
            "extSfBDTVariation": {
                "high": 0.04698257593775671,
                "low": 0.05526526389246025
            },
            "extVarRwgt": {
                "high": 0.3608219932850769,
                "low": 0.3608219932850769
            },
            "final": {
                "central": 1.4264780629442226,
                "high": 0.3841419619474863,
                "low": 0.3811403179312639
            }
        },
        "ptbin2": {
            "jer": {
                "high": 0.007925719471996868,
                "low": 0.0041573180880234515
            },
            "jes": {
                "high": 0.008488346240297678,
                "low": 0.002163139228962223
            },
            "fracBB": {
                "high": 0.006622119218122342,
                "low": 0.007035928633460382
            },