{
    "tight": {
        "ptbin1": {
            "jer": {
                "high": 0.0019357423133749075,
                "low": 0.0015493889080615661
            },
            "jes": {
                "high": 0.0022063411701712444,
                "low": 0.0024839549934189574
            },
            "stats": {
                "high": 0.025329744039622515,
                "low": 0.024707277246380333
            },
            "pu": {
                "high": 0.005580936717644719,
                "low": 0.005552550073381334
            },
            "psWeightIsr": {
                "high": 0.005216250045270254,
                "low": 0.004766066857674939
            },
            "lumi_13TeV": {
                "high": 0.00035539640411218296,
                "low": 0.0008554134778312198
            },
            "l1PreFiring": {
                "high": 0.0007110005514530034,
                "low": 0.0004307324682794755
            },
            "psWeightFsr": {
                "high": 0.00042436408161319986,
                "low": 0.001128999716319349
            },
            "extSfBDTVariation": {
                "high": 0.023422554314825296,
                "low": 0.020131795487436408
            },
            "extVarRwgt": {
                "high": 0.012459013315097245,
                "low": 0.012459013315097245
            },
            "final": {
                "central": 1.0158588064441938,
                "high": 0.046978807974555524,
                "low": 0.043920773879998556
            },
            "fracBB": {
                "high": 0.02092735956383161,
                "low": 0.019529555414552084
            },
            "fracCC": {
                "high": 0.01815536322453138,
                "low": 0.017126926246656255
            },
            "fracLight": {
                "high": 0.005120033002431934,
                "low": 0.004361736186719336
            }
        },
        "ptbin2": {
            "jer": {
                "high": 0.001111465872414928,
                "low": 0.0010344987614677652
            },
            "jes": {
                "high": 0.008140108925085467,
                "low": 0.006864619019871702
            },
            "stats": {
                "high": 0.03501076312776896,
                "low": 0.0345575157385134
            },
            "pu": {
                "high": 0.0027729084301843458,
                "low": 0.003271436195724092
            },
            "psWeightIsr": {
                "high": 0.0005812254441688614,
                "low": 0.0007263107936968379
            },
            "lumi_13TeV": {
                "high": 0.0004361762454539459,
                "low": 0.0011691847410229556
            },
            "l1PreFiring": {
                "high": 0.0012679400583987203,
                "low": 0.0010450326794082777
            },
            "psWeightFsr": {
                "high": 0.0034705524224203114,
                "low": 0.0030172366289836104
            },
            "extSfBDTVariation": {
                "high": 0.03748242000766165,
                "low": 0.03435087868585547
            },
            "extVarRwgt": {
                "high": 0.03394738684663734,
                "low": 0.03394738684663734
            },
            "final": {
                "central": 1.0483790062930864,
                "high": 0.06758005759007224,
                "low": 0.06472739397948798
            },
            "fracBB": {
                "high": 0.018822015631305884,
                "low": 0.017644381475966385
            },
            "fracCC": {
                "high": 0.018301501045063357,
                "low": 0.01662528011932039
            },
            "fracLight": {
                "high": 0.0023182586380000596,
                "low": 0.0020726198819864825
            }
        },
        "ptbin3": {
            "jer": {
                "high": 0.0024574734833423275,
                "low": 0.002047847961734835
            },
            "jes": {
                "high": 0.0035778259569416667,
                "low": 0.0034725240663636557
            },
            "stats": {
                "high": 0.04962144015489578,
                "low": 0.04731142602375571
            },
            "pu": {
                "high": 0.0,
                "low": 0.003696472447084152
            },
            "psWeightIsr": {
                "high": 0.006379242749179176,
                "low": 0.006342366776601566
            },
            "lumi_13TeV": {
                "high": 0.0,
                "low": 0.0006686978141090872
            },
            "l1PreFiring": {
                "high": 0.0005307730380927759,
                "low": 0.0004437837182853729
            },
            "psWeightFsr": {
                "high": 0.00449200601270846,
                "low": 0.0050014870360141645
            },
            "extSfBDTVariation": {
                "high": 0.02432777193694418,
                "low": 0.02020256810319605
            },
            "extVarRwgt": {
                "high": 0.05218277527637838,
                "low": 0.05218277527637838
            },
            "final": {
                "central": 1.0895590588935482,
                "high": 0.07968809947344117,
                "low": 0.07691832154579686
            },
            "fracBB": {
                "high": 0.01257523390038147,
                "low": 0.01452018673907939
            },
            "fracCC": {
                "high": 0.01751482416495279,
                "low": 0.015021862054318448
            },
            "fracLight": {
                "high": 0.005445115524028074,
                "low": 0.003818193044075125
            }
        }
    },
    "medium": {
        "ptbin1": {
            "jer": {
                "high": 0.0017954830042008327,
                "low": 0.0012858082775279469
            },
            "jes": {
                "high": 0.013384167011088622,
                "low": 0.012136980299825328
            },
            "stats": {
                "high": 0.025420172995718415,
                "low": 0.024682578960371515
            },
            "pu": {
                "high": 0.009288222891543232,
                "low": 0.008850501910410258
            },
            "psWeightIsr": {
                "high": 0.003428325966259479,
                "low": 0.0031138009995228836
            },
            "lumi_13TeV": {
                "high": 0.0005220581881035815,
                "low": 0.0
            },
            "l1PreFiring": {
                "high": 0.0,
                "low": 3.4955166351112606e-05
            },
            "psWeightFsr": {
                "high": 0.0019605159252686945,
                "low": 0.002726897719580693
            },
            "extSfBDTVariation": {
                "high": 0.024982636796925726,
                "low": 0.01764274308263508
            },
            "extVarRwgt": {
                "high": 0.018127415734406904,
                "low": 0.018127415734406904
            },
            "final": {
                "central": 1.0215919165270773,
                "high": 0.04971111801909737,
                "low": 0.04524279955869337
            },
            "fracBB": {
                "high": 0.01859047965126036,
                "low": 0.018210723939171457
            },
            "fracCC": {
                "high": 0.014399674594142362,
                "low": 0.014090142969375365
            },
            "fracLight": {
                "high": 0.005903571043359579,
                "low": 0.004819565395875246
            }
        },
        "ptbin2": {
            "jer": {
                "high": 0.0005083973808577454,
                "low": 0.0005649999559814893
            },
            "jes": {
                "high": 0.007785018469107122,
                "low": 0.007665032072147297
            },
            "stats": {
                "high": 0.029345247325891055,