{
    "tight": {
        "ptbin1": {
            "jer": {
                "high": 0.004051722146020255,
                "low": 0.00567033374199111
            },
            "jes": {
                "high": 0.001026059957479915,
                "low": 0.03173044796025019
            },
            "stats": {
                "high": 0.09204833855840144,
                "low": 0.1292464347300839
            },
            "pu": {
                "high": 0.0165578939974251,
                "low": 0.0028080233484771293
            },
            "psWeightIsr": {
                "high": 0.012558553562860614,
                "low": 0.0011195098094951802
            },
            "lumi_13TeV": {
                "high": 0.0008236787791941721,
                "low": 0.002488621162435592
            },
            "l1PreFiring": {
                "high": 0.0,
                "low": 0.0029829458098304903
            },
            "psWeightFsr": {
                "high": 0.004053406533980957,
                "low": 0.003389163131045453
            },
            "extSfBDTVariation": {
                "high": 0.11458000907261817,
                "low": 0.03494041450113099
            },
            "extVarRwgt": {
                "high": 0.20427556389129686,
                "low": 0.20427556389129686
            },
            "final": {
                "central": 1.1731757526732214,
                "high": 0.2707996799177758,
                "low": 0.2583541137238497
            },
            "fracBB": {
                "high": 0.010018476966341693,
                "low": 0.0036197011069202703
            },
            "fracCC": {
                "high": 0.06772533804440392,
                "low": 0.052570289498006
            },
            "fracLight": {
                "high": 0.06963826082912193,
                "low": 0.056933655313935926
            }
        },
        "ptbin2": {
            "jer": {
                "high": 0.009373976042543511,
                "low": 0.007542532105457457
            },
            "jes": {
                "high": 0.09809041106916899,
                "low": 0.001459171876024235
            },
            "stats": {
                "high": 0.14305820769164934,
                "low": 0.2419489090742093
            },
            "pu": {
                "high": 0.0363341922723404,
                "low": 0.028726584270535843
            },
            "psWeightIsr": {
                "high": 0.03746618470436458,
                "low": 0.010153042242301243
            },
            "lumi_13TeV": {
                "high": 0.0015460315415681115,
                "low": 0.0
            },
            "l1PreFiring": {
                "high": 0.004988286540516765,
                "low": 0.00533896287292891
            },
            "psWeightFsr": {
                "high": 0.023488535852485896,
                "low": 0.03324045211622354
            },
            "extSfBDTVariation": {
                "high": 0.0,
                "low": 0.0
            },
            "extVarRwgt": {
                "high": 0.12048995764678172,
                "low": 0.12048995764678172
            },
            "final": {
                "central": 1.2413865043898156,
                "high": 0.23804994763176052,
                "low": 0.25718753076709483
            },
            "fracBB": {
                "high": 0.0309209245496988,
                "low": 0.0412216501830236
            },
            "fracCC": {
                "high": 0.09090311252070067,
                "low": 0.023451543783109343
            },
            "fracLight": {
                "high": 0.059194633673680136,
                "low": 0.06823975457541609
            }
        },
        "ptbin3": {
            "jer": {
                "high": 0.004041782842569111,
                "low": 0.01787254627219097
            },
            "jes": {
                "high": 0.004732446011611455,
                "low": 0.044586281882060305
            },
            "stats": {
                "high": 0.0789620727972622,
                "low": 0.2511105775560012
            },
            "pu": {
                "high": 0.0053673199476703395,
                "low": 0.0027936765635842285
            },
            "psWeightIsr": {
                "high": 0.004455857824712107,
                "low": 0.03599402716835908
            },
            "lumi_13TeV": {
                "high": 0.0,
                "low": 0.0018387238508156014
            },
            "l1PreFiring": {
                "high": 0.0013300113767896016,
                "low": 0.006332001705325275
            },
            "psWeightFsr": {
                "high": 0.021836685639731426,
                "low": 0.008487929910362589
            },
            "extSfBDTVariation": {
                "high": 0.21094368858588655,
                "low": 0.0
            },
            "extVarRwgt": {
                "high": 0.09479622964284706,
                "low": 0.09479622964284706
            },
            "final": {
                "central": 1.2808629802364804,
                "high": 0.27585460899599135,
                "low": 0.26497081074224543
            },
            "fracBB": {
                "high": 0.012674466619035787,
                "low": 0.006368034509052751
            },
            "fracCC": {
                "high": 0.07518126860583561,
                "low": 0.05868505502903509
            },
            "fracLight": {
                "high": 0.09999236877559285,
                "low": 0.10939523985936775
            }
        }
    },
    "medium": {
        "ptbin1": {
            "jer": {
                "high": 0.04083072127227528,
                "low": 0.0024178392338014623
            },
            "jes": {
                "high": 0.01033626031488846,
                "low": 0.007927367124403435
            },
            "stats": {
                "high": 0.13647652589299386,
                "low": 0.055722866667319404
            },
            "pu": {
                "high": 0.0020696617966680046,
                "low": 0.01561646886436359
            },
            "psWeightIsr": {
                "high": 0.011826517575092876,
                "low": 0.005458797504014201
            },
            "lumi_13TeV": {
                "high": 0.0017871405927439642,
                "low": 0.00010329562071575335
            },
            "l1PreFiring": {
                "high": 0.0024842762861144612,
                "low": 0.000789343287368623
            },
            "psWeightFsr": {
                "high": 0.005542681879612281,
                "low": 0.0008099668876059733
            },
            "extSfBDTVariation": {
                "high": 0.038091510409758514,
                "low": 0.09966096324180339
            },
            "extVarRwgt": {
                "high": 0.03473209027602031,
                "low": 0.03473209027602031
            },
            "final": {
                "central": 1.0058536132839984,
                "high": 0.17765579595361686,
                "low": 0.1353400366415669
            },
            "fracBB": {
                "high": 0.04856180756899833,
                "low": 0.0042437071317839746
            },
            "fracCC": {
                "high": 0.02659068539873066,
                "low": 0.037504841328189056
            },
            "fracLight": {
                "high": 0.07249083965654257,
                "low": 0.048010294112632475
            }
        },
        "ptbin2": {
            "jer": {
                "high": 0.0008838782872195932,
                "low": 0.018300276144782555
            },
            "jes": {
                "high": 0.011683514989701542,
                "low": 0.008968094692036209
            },
            "stats": {
                "high": 0.04264547877746039,
                "low": 0.11595869170397322
            },
            "pu": {
                "high": 0.0015689352159320418,