{
    "tight": {
        "ptbin1": {
            "jer": {
                "high": 0.007336138926861372,
                "low": 0.006451695813942769
            },
            "jes": {
                "high": 0.0027522869919911932,
                "low": 0.0015055913036687066
            },
            "stats": {
                "high": 0.03448608905124595,
                "low": 0.033893065980444614
            },
            "pu": {
                "high": 0.006704370872461448,
                "low": 0.003070217216254533
            },
            "psWeightIsr": {
                "high": 0.009022551676198132,
                "low": 0.008943843007973223
            },
            "lumi_13TeV": {
                "high": 0.0011559197305637413,
                "low": 0.00030692302779402263
            },
            "l1PreFiring": {
                "high": 0.0015713877552543036,
                "low": 0.0011795257457873469
            },
            "psWeightFsr": {
                "high": 0.002385235328885333,
                "low": 0.0023517519179261795
            },
            "extSfBDTVariation": {
                "high": 0.02014220431696688,
                "low": 0.019720042829049166
            },
            "extVarRwgt": {
                "high": 0.05496319845721476,
                "low": 0.05496319845721476
            },
            "final": {
                "central": 1.0493809847460036,
                "high": 0.07134905116465792,
                "low": 0.07040237333760442
            },
            "fracBB": {
                "high": 0.011683786024377899,
                "low": 0.010548637891215669
            },
            "fracCC": {
                "high": 0.011479173288791876,
                "low": 0.011564081013963357
            },
            "fracLight": {
                "high": 0.0030346509411515346,
                "low": 0.0035487011369561864
            }
        },
        "ptbin2": {
            "jer": {
                "high": 0.001221342993453586,
                "low": 0.003836450348777842
            },
            "jes": {
                "high": 0.006443761735083839,
                "low": 0.010506593678071847
            },
            "stats": {
                "high": 0.030478177468864054,
                "low": 0.031073516554620317
            },
            "pu": {
                "high": 0.006382989515241749,
                "low": 0.004952198268923571
            },
            "psWeightIsr": {
                "high": 0.0065073332472660615,
                "low": 0.005575483915462694
            },
            "lumi_13TeV": {
                "high": 0.0007342845148181748,
                "low": 0.00015861237687804524
            },
            "l1PreFiring": {
                "high": 0.0010235294240782962,
                "low": 0.0
            },
            "psWeightFsr": {
                "high": 0.004769510774535783,
                "low": 0.005822688183842575
            },
            "extSfBDTVariation": {
                "high": 0.008611472481158202,
                "low": 0.0
            },
            "extVarRwgt": {
                "high": 0.0500687224901224,
                "low": 0.0500687224901224
            },
            "final": {
                "central": 1.0634647730574731,
                "high": 0.06183452838094252,
                "low": 0.05999907936009721
            },
            "fracBB": {
                "high": 0.009789437335797579,
                "low": 0.008660984288379749
            },
            "fracCC": {
                "high": 0.008087399039452886,
                "low": 0.006551961605772775
            },
            "fracLight": {
                "high": 0.0013708964952216817,
                "low": 0.0026720478791044094
            }
        },
        "ptbin3": {
            "jer": {
                "high": 0.003104629642691497,
                "low": 0.0
            },
            "jes": {
                "high": 0.0,
                "low": 0.005495598304548753
            },
            "stats": {
                "high": 0.02090986360186453,
                "low": 0.027326244712547965
            },
            "pu": {
                "high": 0.0019919183291697076,
                "low": 0.0008284931601462913
            },
            "psWeightIsr": {
                "high": 0.003542101125158611,
                "low": 0.0
            },
            "lumi_13TeV": {
                "high": 0.0,
                "low": 0.0014977026272255116
            },
            "l1PreFiring": {
                "high": 0.0005957353770985576,
                "low": 0.00048382608020990846
            },
            "psWeightFsr": {
                "high": 0.0017284949563117508,
                "low": 0.006925175410233923
            },
            "extSfBDTVariation": {
                "high": 0.017746542621581683,
                "low": 0.018785025725647744
            },
            "extVarRwgt": {
                "high": 0.026166108048242265,
                "low": 0.026166108048242265
            },
            "final": {
                "central": 1.0495990745376012,
                "high": 0.041319337192297245,
                "low": 0.04480003609712059
            },
            "fracBB": {
                "high": 0.012112337040458864,
                "low": 0.009376694647895752
            },
            "fracCC": {
                "high": 0.009739838872031987,
                "low": 0.008539988125629625
            },
            "fracLight": {
                "high": 0.0019845248885896724,
                "low": 0.0008909692103382007
            }
        }
    },
    "medium": {
        "ptbin1": {
            "jer": {
                "high": 0.0029190194396283542,
                "low": 0.005988805774159655
            },
            "jes": {
                "high": 0.0015526251861073394,
                "low": 0.001337604861996358
            },
            "stats": {
                "high": 0.017361125216597273,
                "low": 0.01831445854302416
            },
            "pu": {
                "high": 0.003370351161311471,
                "low": 0.003367331674424038
            },
            "psWeightIsr": {
                "high": 0.0004465203328192056,
                "low": 0.00040204867192926723
            },
            "lumi_13TeV": {
                "high": 0.0,
                "low": 0.0004330609818691159
            },
            "l1PreFiring": {
                "high": 0.0018361994396993426,
                "low": 0.0017651183613645633
            },
            "psWeightFsr": {
                "high": 0.0044055311000819036,
                "low": 0.004363373529911788
            },
            "extSfBDTVariation": {
                "high": 0.01921230643016853,
                "low": 0.02081658055667326
            },
            "extVarRwgt": {
                "high": 0.050957343119347964,
                "low": 0.050957343119347964
            },
            "final": {
                "central": 0.9995992979350647,
                "high": 0.061431704538757737,
                "low": 0.061740645179312124
            },
            "fracBB": {
                "high": 0.015432455808793941,
                "low": 0.012897111415969057
            },
            "fracCC": {
                "high": 0.014229145079471801,
                "low": 0.013755446958331424
            },
            "fracLight": {
                "high": 0.004559654312983165,
                "low": 0.00441151531403314
            }
        },
        "ptbin2": {
            "jer": {
                "high": 9.983414383586743e-05,
                "low": 0.0
            },
            "jes": {
                "high": 0.0004002457660928671,
                "low": 0.00048242156877378303
            },
            "stats": {
                "high": 0.013509809957540364,
                "low": 0.013473810239094108
            },