{
    "tight": {
        "ptbin1": {
            "jer": {
                "high": 0.01497775070523702,
                "low": 0.04456319331293518
            },
            "jes": {
                "high": 0.03262320962557743,
                "low": 0.02894504248754625
            },
            "stats": {
                "high": 0.1417462693470517,
                "low": 0.15573813375283962
            },
            "pu": {
                "high": 0.020024177035071755,
                "low": 0.017109456299845022
            },
            "psWeightIsr": {
                "high": 0.0038364348200402875,
                "low": 0.011126739476303825
            },
            "lumi_13TeV": {
                "high": 0.001068925432591454,
                "low": 0.005895305137442049
            },
            "l1PreFiring": {
                "high": 0.0027956652805767057,
                "low": 0.0011800711579026007
            },
            "psWeightFsr": {
                "high": 0.03160415151057742,
                "low": 0.0424818868783937
            },
            "extSfBDTVariation": {
                "high": 0.0,
                "low": 0.024699029070713044
            },
            "extVarRwgt": {
                "high": 0.30825445930779805,
                "low": 0.30825445930779805
            },
            "final": {
                "central": 1.3138430491194162,
                "high": 0.35626157982524553,
                "low": 0.3640096802727476
            },
            "fracBB": {
                "high": 0.010668918844660516,
                "low": 0.015854180116212768
            },
            "fracCC": {
                "high": 0.08704779589814043,
                "low": 0.06912331695926285
            },
            "fracLight": {
                "high": 0.07615659437091168,
                "low": 0.05007344526005798
            }
        },
        "ptbin2": {
            "jer": {
                "high": 0.002361308825589216,
                "low": 0.014815344599646004
            },
            "jes": {
                "high": 0.05509726241951761,
                "low": 0.019915272670400355
            },
            "stats": {
                "high": 0.22329145475377743,
                "low": 0.16510173674239548
            },
            "pu": {
                "high": 0.04922531664579869,
                "low": 0.018686927839102294
            },
            "psWeightIsr": {
                "high": 0.07491738775506387,
                "low": 0.0457138994239156
            },
            "lumi_13TeV": {
                "high": 0.0040196714807593775,
                "low": 0.0021014181877165366
            },
            "l1PreFiring": {
                "high": 0.009104666728957654,
                "low": 0.009059020783574009
            },
            "psWeightFsr": {
                "high": 0.020396330131893067,
                "low": 0.01817093509007745
            },
            "extSfBDTVariation": {
                "high": 0.11095397534735832,
                "low": 0.0
            },
            "extVarRwgt": {
                "high": 0.21099401893631242,
                "low": 0.21099401893631242
            },
            "final": {
                "central": 1.3682962346820386,
                "high": 0.3632431000777707,
                "low": 0.28546862951659546
            },
            "fracBB": {
                "high": 0.009962149138403128,
                "low": 0.009250178121228433
            },
            "fracCC": {
                "high": 0.0758002367280414,
                "low": 0.06604115475762269
            },
            "fracLight": {
                "high": 0.08843190104235316,
                "low": 0.0652618531057191
            }
        },
        "ptbin3": {
            "jer": {
                "high": 0.018979449700280863,
                "low": 0.001020224196794859
            },
            "jes": {
                "high": 0.0,
                "low": 0.008390652529758891
            },
            "stats": {
                "high": 0.15836846900579582,
                "low": 0.21073023890316622
            },
            "pu": {
                "high": 0.03486899623176585,
                "low": 0.03467149557528267
            },
            "psWeightIsr": {
                "high": 0.007583100694203734,
                "low": 0.004958758824339154
            },
            "lumi_13TeV": {
                "high": 0.0019559568550353333,
                "low": 0.0036319737193196257
            },
            "l1PreFiring": {
                "high": 0.0029420232360333224,
                "low": 0.0
            },
            "psWeightFsr": {
                "high": 0.0015930136729076008,
                "low": 0.004913989593312125
            },
            "extSfBDTVariation": {
                "high": 0.024991018841979615,
                "low": 0.0
            },
            "extVarRwgt": {
                "high": 0.19444635116518105,
                "low": 0.19444635116518105
            },
            "final": {
                "central": 1.2851158154549849,
                "high": 0.26314164401307544,
                "low": 0.28045311982047716
            },
            "fracBB": {
                "high": 0.0,
                "low": 0.0410061758035315
            },
            "fracCC": {
                "high": 0.049262992828692065,
                "low": 0.005969869326892612
            },
            "fracLight": {
                "high": 0.04070920697739369,
                "low": 0.012577037010732935
            }
        }
    },
    "medium": {
        "ptbin1": {
            "jer": {
                "high": 0.0029824468287443853,
                "low": 0.0
            },
            "jes": {
                "high": 0.002359185753679014,
                "low": 0.042382014608205454
            },
            "stats": {
                "high": 0.057978624301985526,
                "low": 0.11610579843985613
            },
            "pu": {
                "high": 0.004317881166644232,
                "low": 0.0022206177043643397
            },
            "psWeightIsr": {
                "high": 0.0,
                "low": 0.006527134771589751
            },
            "lumi_13TeV": {
                "high": 0.0009398019495096624,
                "low": 0.0024889567942707994
            },
            "l1PreFiring": {
                "high": 0.003793985293921934,
                "low": 0.004334245969194872
            },
            "psWeightFsr": {
                "high": 0.016145329744289987,
                "low": 0.01716307276779865
            },
            "extSfBDTVariation": {
                "high": 0.06740752953307819,
                "low": 0.08347146436993523
            },
            "extVarRwgt": {
                "high": 0.3636481773997917,
                "low": 0.3636481773997917
            },
            "final": {
                "central": 1.4386860595543065,
                "high": 0.3958535540997655,
                "low": 0.4016590474158009
            },
            "fracBB": {
                "high": 0.019200400586459127,
                "low": 0.025298293267470226
            },
            "fracCC": {
                "high": 0.09148802119226564,
                "low": 0.03812711524813911
            },
            "fracLight": {
                "high": 0.08785878577625861,
                "low": 0.0662212629741045
            }
        },
        "ptbin2": {
            "jer": {
                "high": 0.0052025960471874695,
                "low": 0.0008756323291211637
            },
            "jes": {
                "high": 0.001254711867397444,
                "low": 0.0046412234051511
            },
            "stats": {
                "high": 0.062080009918646706,
                "low": 0.03980213162648294
            },
            "pu": {
                "high": 0.0013907116895552215,