{
    "tight": {
        "ptbin1": {
            "jer": {
                "high": 0.0008532224572079245,
                "low": 0.0009252913696038425
            },
            "jes": {
                "high": 0.0027203482895627445,
                "low": 0.0033251527252143305
            },
            "fracBB": {
                "high": 0.028880531277677403,
                "low": 0.025972768244468092
            },
            "stats": {
                "high": 0.025611536054972683,
                "low": 0.025530883690064954
            },
            "fracLight": {
                "high": 0.005479592062077399,
                "low": 0.00484744004150283
            },
            "pu": {
                "high": 0.006006547664034666,
                "low": 0.00683494305166325
            },
            "fracCC": {
                "high": 0.01297042351012538,
                "low": 0.01239864632772898
            },
            "psWeightIsr": {
                "high": 0.004011561144054072,
                "low": 0.004012326299510637
            },
            "lumi_13TeV": {
                "high": 0.00037958011510620465,
                "low": 0.0007728949467903716
            },
            "l1PreFiring": {
                "high": 0.0009662037997518961,
                "low": 0.0008933709421819054
            },
            "psWeightFsr": {
                "high": 0.002229332394629517,
                "low": 0.001445348713016753
            },
            "extSfBDTVariation": {
                "high": 0.02321796620317831,
                "low": 0.01748703254798386
            },
            "extVarRwgt": {
                "high": 0.020916175629927203,
                "low": 0.020916175629927203
            },
            "final": {
                "central": 1.0340439474128635,
                "high": 0.05226089468782326,
                "low": 0.048219602373598756
            }
        },
        "ptbin2": {
            "jer": {
                "high": 0.0030448662265333197,
                "low": 0.0020211219261194835
            },
            "jes": {
                "high": 0.005303289465516844,
                "low": 0.0047596785496883615
            },
            "fracBB": {
                "high": 0.026365461350697013,
                "low": 0.025142826213083225
            },
            "stats": {
                "high": 0.03609782353721225,
                "low": 0.035168165884484015
            },
            "fracLight": {
                "high": 0.0033433997575521806,
                "low": 0.0026501688737472066
            },
            "pu": {
                "high": 0.0033059114461671466,
                "low": 0.003842416531261301
            },
            "fracCC": {
                "high": 0.012353090479882641,
                "low": 0.011678928307111066
            },
            "psWeightIsr": {
                "high": 0.0037792513576983267,
                "low": 0.0033139357796026095
            },
            "lumi_13TeV": {
                "high": 0.0004920326109328602,
                "low": 0.0011550160229063466
            },
            "l1PreFiring": {
                "high": 0.0016517822728087642,
                "low": 0.0017337246049715436
            },
            "psWeightFsr": {
                "high": 0.012264368075939436,
                "low": 0.008149798034152469
            },
            "extSfBDTVariation": {
                "high": 0.036415900518366406,
                "low": 0.031748118329596016
            },
            "extVarRwgt": {
                "high": 0.046691810656214416,
                "low": 0.046691810656214416
            },
            "final": {
                "central": 1.065651436810485,
                "high": 0.07670856315625613,
                "low": 0.0729636583708074
            }
        },
        "ptbin3": {
            "jer": {
                "high": 0.0023156621687306016,
                "low": 0.001414319215563387
            },
            "jes": {
                "high": 0.0,
                "low": 0.004120112664943575
            },
            "fracBB": {
                "high": 0.024694219214797752,
                "low": 0.02812523947385302
            },
            "stats": {
                "high": 0.04741778995024171,
                "low": 0.04115974718725046
            },
            "fracLight": {
                "high": 0.0043778162182043865,
                "low": 0.00689184355320912
            },
            "pu": {
                "high": 0.003799535914910677,
                "low": 0.006180455092632853
            },
            "fracCC": {
                "high": 0.01687780872326436,
                "low": 0.014712369677632363
            },
            "psWeightIsr": {
                "high": 0.004624517671305034,
                "low": 0.00518329418811478
            },
            "lumi_13TeV": {
                "high": 0.0,
                "low": 0.0013732125470075083
            },
            "l1PreFiring": {
                "high": 0.0009692847551019041,
                "low": 0.000810942148814246
            },
            "psWeightFsr": {
                "high": 0.008929228972631178,
                "low": 0.00815330434836506
            },
            "extSfBDTVariation": {
                "high": 0.029348939175221953,
                "low": 0.021499228617965178
            },
            "extVarRwgt": {
                "high": 0.04470802961792697,
                "low": 0.04470802961792697
            },
            "final": {
                "central": 1.0861673463277843,
                "high": 0.07836139921696886,
                "low": 0.073233802709071
            }
        }
    },
    "medium": {
        "ptbin1": {
            "jer": {
                "high": 0.0008311025902344185,
                "low": 0.002112675607435724
            },
            "jes": {
                "high": 0.008744353060039541,
                "low": 0.007825636357905239
            },
            "fracBB": {
                "high": 0.02742667258538171,
                "low": 0.026505098442979495
            },
            "stats": {
                "high": 0.024994524670589602,
                "low": 0.024495919409827982
            },
            "fracLight": {
                "high": 0.005422685837468941,
                "low": 0.00453695868929124
            },
            "pu": {
                "high": 0.011125010720271198,
                "low": 0.009353912456171513
            },
            "fracCC": {
                "high": 0.013641013202879762,
                "low": 0.012874690736957448
            },
            "psWeightIsr": {
                "high": 0.0,
                "low": 0.00019026399836018804
            },
            "lumi_13TeV": {
                "high": 0.0,
                "low": 0.0003899718074584486
            },
            "l1PreFiring": {
                "high": 0.00047219920596083104,
                "low": 0.0004263568588430344
            },
            "psWeightFsr": {
                "high": 0.0012165613092633661,
                "low": 0.0
            },
            "extSfBDTVariation": {
                "high": 0.026437211852377955,
                "low": 0.011865292433792576
            },
            "extVarRwgt": {
                "high": 0.0230959865436855,
                "low": 0.0230959865436855
            },
            "final": {
                "central": 1.0324282839735717,
                "high": 0.055020594552365486,
                "low": 0.048131032196376114
            }
        },
        "ptbin2": {
            "jer": {
                "high": 0.00038174324167837234,
                "low": 0.0002146386000761246
            },
            "jes": {
                "high": 0.001632617977493559,
                "low": 0.0016084906837274659
            },
            "fracBB": {
                "high": 0.025566537604233087,
                "low": 0.024991094606693874
            },