{
    "tight": {
        "ptbin1": {
            "jer": {
                "high": 0.004654095323028611,
                "low": 0.0026956381520253083
            },
            "jes": {
                "high": 0.005429058715101291,
                "low": 0.0035452089626920053
            },
            "stats": {
                "high": 0.042808562821037066,
                "low": 0.030363989935179525
            },
            "pu": {
                "high": 0.003456640757989733,
                "low": 0.0006616626259774731
            },
            "psWeightIsr": {
                "high": 0.008309016741988482,
                "low": 0.004903751791378178
            },
            "lumi_13TeV": {
                "high": 0.0013746379004899523,
                "low": 0.0007127389869401444
            },
            "l1PreFiring": {
                "high": 0.0,
                "low": 0.0006017749097828288
            },
            "psWeightFsr": {
                "high": 0.0016408804697578693,
                "low": 0.003526605979594067
            },
            "extSfBDTVariation": {
                "high": 0.024557239538913957,
                "low": 0.02836762006975645
            },
            "extVarRwgt": {
                "high": 0.059266399807687664,
                "low": 0.059266399807687664
            },
            "final": {
                "central": 1.0527372838481792,
                "high": 0.08076915593306218,
                "low": 0.07803337558038188
            },
            "fracBB": {
                "high": 0.01221160671633593,
                "low": 0.019588113827713704
            },
            "fracCC": {
                "high": 0.01637033565997514,
                "low": 0.01889079406257327
            },
            "fracLight": {
                "high": 0.0046802285258958935,
                "low": 0.007198949306515585
            }
        },
        "ptbin2": {
            "jer": {
                "high": 0.0028087534585564625,
                "low": 0.0020734515107757603
            },
            "jes": {
                "high": 0.0,
                "low": 0.00253594936392825
            },
            "stats": {
                "high": 0.04085912861881247,
                "low": 0.03970957475838177
            },
            "pu": {
                "high": 0.009725535127955208,
                "low": 0.007343234463441845
            },
            "psWeightIsr": {
                "high": 0.013212755183492055,
                "low": 0.011436336523631543
            },
            "lumi_13TeV": {
                "high": 0.0005975075744819278,
                "low": 0.0014315468433920878
            },
            "l1PreFiring": {
                "high": 0.0001199417956656641,
                "low": 0.000366816577645925
            },
            "psWeightFsr": {
                "high": 0.006824624579504364,
                "low": 0.006500552970258282
            },
            "extSfBDTVariation": {
                "high": 0.024372474452883867,
                "low": 0.018871538756079397
            },
            "extVarRwgt": {
                "high": 0.06107028630978051,
                "low": 0.06107028630978051
            },
            "final": {
                "central": 1.1308757295765632,
                "high": 0.0821802321331388,
                "low": 0.0794061363113253
            },
            "fracBB": {
                "high": 0.013946408855011994,
                "low": 0.014044513003758662
            },
            "fracCC": {
                "high": 0.015458592750667601,
                "low": 0.014243531405678352
            },
            "fracLight": {
                "high": 0.0017493398712007551,
                "low": 0.0016608984035246712
            }
        },
        "ptbin3": {
            "jer": {
                "high": 7.232629869161033e-05,
                "low": 0.0
            },
            "jes": {
                "high": 0.004075117802639321,
                "low": 0.004427463597294564
            },
            "stats": {
                "high": 0.02975751664545312,
                "low": 0.02884839341632861
            },
            "pu": {
                "high": 0.004762034854878395,
                "low": 0.0047327621342426445
            },
            "psWeightIsr": {
                "high": 0.009329179093859483,
                "low": 0.00867801946482749
            },
            "lumi_13TeV": {
                "high": 0.000818026755220517,
                "low": 0.0012525555360139852
            },
            "l1PreFiring": {
                "high": 0.0005438562690078153,
                "low": 0.0007278001113355334
            },
            "psWeightFsr": {
                "high": 0.008958972828909019,
                "low": 0.00798598930533612
            },
            "extSfBDTVariation": {
                "high": 0.05376912985581908,
                "low": 0.04073667687731427
            },
            "extVarRwgt": {
                "high": 0.10379076331495252,
                "low": 0.10379076331495252
            },
            "final": {
                "central": 1.0373875875681713,
                "high": 0.12727596816322723,
                "low": 0.12104462557263897
            },
            "fracBB": {
                "high": 0.025661947323860377,
                "low": 0.02427621171666502
            },
            "fracCC": {
                "high": 0.023203415556070625,
                "low": 0.0204657778448225
            },
            "fracLight": {
                "high": 0.015669583588076585,
                "low": 0.014007711609638832
            }
        }
    },
    "medium": {
        "ptbin1": {
            "jer": {
                "high": 0.00390243992682817,
                "low": 0.0039476790705516044
            },
            "jes": {
                "high": 0.00330193521341443,
                "low": 0.0048417725757644485
            },
            "stats": {
                "high": 0.027877275181571015,
                "low": 0.027463968943246098
            },
            "pu": {
                "high": 0.004912049353047065,
                "low": 0.004558301656459535
            },
            "psWeightIsr": {
                "high": 0.007670674912164578,
                "low": 0.006575456833741631
            },
            "lumi_13TeV": {
                "high": 0.0003610672506565872,
                "low": 0.00023464639409599466
            },
            "l1PreFiring": {
                "high": 0.0,
                "low": 0.0003799379451084272
            },
            "psWeightFsr": {
                "high": 0.006780225655785548,
                "low": 0.005871165444080962
            },
            "extSfBDTVariation": {
                "high": 0.03223050037145492,
                "low": 0.02081493052686655
            },
            "extVarRwgt": {
                "high": 0.06718088768157993,
                "low": 0.06718088768157993
            },
            "final": {
                "central": 1.0515674500548096,
                "high": 0.08640211118162089,
                "low": 0.08160357741665462
            },
            "fracBB": {
                "high": 0.01971994445078702,
                "low": 0.01838398404176073
            },
            "fracCC": {
                "high": 0.024034405917480524,
                "low": 0.02171982232499679
            },
            "fracLight": {
                "high": 0.0038285983050496694,
                "low": 0.003302730650921406
            }
        },
        "ptbin2": {
            "jer": {
                "high": 0.0035758740964894464,
                "low": 0.0036751627881528295
            },
            "jes": {
                "high": 0.0034320637971068275,
                "low": 0.003413159995114704
            },
            "stats": {
                "high": 0.02924092332744843,
                "low": 0.029081603731311745
            },