{
    "tight": {
        "ptbin1": {
            "jer": {
                "high": 0.015291663928752206,
                "low": 0.01316265248416723
            },
            "jes": {
                "high": 0.006644790014140846,
                "low": 0.03681617670857079
            },
            "stats": {
                "high": 0.11425388775942102,
                "low": 0.22103791224187286
            },
            "pu": {
                "high": 0.018407238464248406,
                "low": 0.06236660153941519
            },
            "psWeightIsr": {
                "high": 0.008704633355284822,
                "low": 0.040099167243665336
            },
            "lumi_13TeV": {
                "high": 0.0016932871351778068,
                "low": 0.0011694436814810563
            },
            "l1PreFiring": {
                "high": 0.0004929879320784924,
                "low": 0.0018468642157065682
            },
            "psWeightFsr": {
                "high": 0.010545393783976276,
                "low": 0.058718445574977796
            },
            "extSfBDTVariation": {
                "high": 0.09318989251545849,
                "low": 0.0
            },
            "extVarRwgt": {
                "high": 0.1805337420546671,
                "low": 0.1805337420546671
            },
            "final": {
                "central": 1.3274739094497636,
                "high": 0.2503365371498403,
                "low": 0.29777087991892304
            },
            "fracBB": {
                "high": 0.012154373334915796,
                "low": 0.023687222640707887
            },
            "fracCC": {
                "high": 0.059321862616299896,
                "low": 0.012604660913800485
            },
            "fracLight": {
                "high": 0.06216051659245997,
                "low": 0.03643493569541091
            }
        },
        "ptbin2": {
            "jer": {
                "high": 0.006426275934754106,
                "low": 0.004224192561991488
            },
            "jes": {
                "high": 0.021480026597935714,
                "low": 0.0210968226830663
            },
            "stats": {
                "high": 0.1626834906535244,
                "low": 0.14447321578048267
            },
            "pu": {
                "high": 0.012861282306757794,
                "low": 0.003568903245235828
            },
            "psWeightIsr": {
                "high": 0.009397844162724043,
                "low": 0.02805006576872347
            },
            "lumi_13TeV": {
                "high": 0.0,
                "low": 0.0014456094531700011
            },
            "l1PreFiring": {
                "high": 0.0009870259584046294,
                "low": 0.0006121224036139443
            },
            "psWeightFsr": {
                "high": 0.011249352983584714,
                "low": 0.019091467331930127
            },
            "extSfBDTVariation": {
                "high": 0.029908235517908055,
                "low": 0.0
            },
            "extVarRwgt": {
                "high": 0.038940479657538773,
                "low": 0.038940479657538773
            },
            "final": {
                "central": 1.1676599288610934,
                "high": 0.18905253509340256,
                "low": 0.16384913491165654
            },
            "fracBB": {
                "high": 0.0017393105906450736,
                "low": 0.011831320826134356
            },
            "fracCC": {
                "high": 0.03941555916788134,
                "low": 0.023460648723787756
            },
            "fracLight": {
                "high": 0.0665184868925591,
                "low": 0.05002207357463073
            }
        },
        "ptbin3": {
            "jer": {
                "high": 0.004218595996040732,
                "low": 0.00035951000529730324
            },
            "jes": {
                "high": 0.006451372276003492,
                "low": 0.01859271346994217
            },
            "stats": {
                "high": 0.18777183909179906,
                "low": 0.07752348306519308
            },
            "pu": {
                "high": 0.0274030830457064,
                "low": 0.0017014855587063843
            },
            "psWeightIsr": {
                "high": 0.02684810476359315,
                "low": 0.008706834474418869
            },
            "lumi_13TeV": {
                "high": 0.0023833987109062546,
                "low": 0.001514674570758475
            },
            "l1PreFiring": {
                "high": 0.0022456538510541063,
                "low": 0.0003666101279259047
            },
            "psWeightFsr": {
                "high": 0.03477198608024751,
                "low": 0.03135204085149325
            },
            "extSfBDTVariation": {
                "high": 0.09553255284582868,
                "low": 0.09683039854420096
            },
            "extVarRwgt": {
                "high": 0.21158259435419557,
                "low": 0.21158259435419557
            },
            "final": {
                "central": 1.0742176315143122,
                "high": 0.3208253285799496,
                "low": 0.2595253161939723
            },
            "fracBB": {
                "high": 0.008740659382101768,
                "low": 0.006723059518283358
            },
            "fracCC": {
                "high": 0.043126786893597675,
                "low": 0.04141592354541196
            },
            "fracLight": {
                "high": 0.09533973530798334,
                "low": 0.06348070086136239
            }
        }
    },
    "medium": {
        "ptbin1": {
            "jer": {
                "high": 0.0030047793828668623,
                "low": 0.002570951075041519
            },
            "jes": {
                "high": 0.002705308799429943,
                "low": 0.0006512347052997592
            },
            "stats": {
                "high": 0.04437926497594025,
                "low": 0.044389143407833176
            },
            "pu": {
                "high": 0.010611930851888801,
                "low": 0.0084091450516398
            },
            "psWeightIsr": {
                "high": 0.007268739176844794,
                "low": 0.006850674200535345
            },
            "lumi_13TeV": {
                "high": 0.0015797296365723593,
                "low": 0.0004053109995061068
            },
            "l1PreFiring": {
                "high": 0.0009002465107548722,
                "low": 0.0008014430942624228
            },
            "psWeightFsr": {
                "high": 0.005651001974785742,
                "low": 0.0029897174805084523
            },
            "extSfBDTVariation": {
                "high": 0.04273427773619018,
                "low": 0.03501091867496842
            },
            "extVarRwgt": {
                "high": 0.14960644622212937,
                "low": 0.14960644622212937
            },
            "final": {
                "central": 1.2522389481343048,
                "high": 0.18354121453484493,
                "low": 0.1761890035445755
            },
            "fracBB": {
                "high": 0.011603966921336976,
                "low": 0.00661044750899927
            },
            "fracCC": {
                "high": 0.05338070468314648,
                "low": 0.04763427373880736
            },
            "fracLight": {
                "high": 0.06563813292745065,
                "low": 0.054928766022461196
            }
        },
        "ptbin2": {
            "jer": {
                "high": 0.0016667184103911108,
                "low": 0.00041017518345931787
            },
            "jes": {
                "high": 0.0046072900260772836,
                "low": 0.004981474511876112
            },
            "stats": {
                "high": 0.05163326229708454,
                "low": 0.03570587612033882
            },