{
    "tight": {
        "ptbin1": {
            "jer": {
                "high": 0.014961843295343986,
                "low": 0.00020741726058747618
            },
            "jes": {
                "high": 0.028880561366013788,
                "low": 0.013811564923537377
            },
            "stats": {
                "high": 0.13807109982939925,
                "low": 0.05799364322321454
            },
            "pu": {
                "high": 0.033519581081349586,
                "low": 0.006895833320570479
            },
            "psWeightIsr": {
                "high": 0.0034632074828680995,
                "low": 0.011036311213415403
            },
            "lumi_13TeV": {
                "high": 0.002896947069844998,
                "low": 0.001082406436545319
            },
            "l1PreFiring": {
                "high": 5.0783118065278384e-05,
                "low": 0.0
            },
            "psWeightFsr": {
                "high": 0.06273522565527724,
                "low": 0.01896338840597248
            },
            "extSfBDTVariation": {
                "high": 0.1905414916494264,
                "low": 0.13057385389866968
            },
            "extVarRwgt": {
                "high": 0.04663892175564399,
                "low": 0.04663892175564399
            },
            "final": {
                "central": 1.0829586468756967,
                "high": 0.2617585288940407,
                "low": 0.15930910390059952
            },
            "fracBB": {
                "high": 0.025322365522199807,
                "low": 0.0002964208268031978
            },
            "fracCC": {
                "high": 0.016197553067156867,
                "low": 0.027785052073452898
            },
            "fracLight": {
                "high": 0.06270138544189795,
                "low": 0.036032955323262596
            }
        },
        "ptbin2": {
            "jer": {
                "high": 0.0015215260570188584,
                "low": 0.0013344973107890464
            },
            "jes": {
                "high": 0.0011830190696496567,
                "low": 0.0010553885604465609
            },
            "stats": {
                "high": 0.044405879067947795,
                "low": 0.0424116878387939
            },
            "pu": {
                "high": 0.0,
                "low": 0.0
            },
            "psWeightIsr": {
                "high": 0.010623039581630118,
                "low": 0.008901591351078653
            },
            "lumi_13TeV": {
                "high": 0.0,
                "low": 0.00039222591371057395
            },
            "l1PreFiring": {
                "high": 0.0,
                "low": 0.0
            },
            "psWeightFsr": {
                "high": 0.004210532070475436,
                "low": 0.004360833077625913
            },
            "extSfBDTVariation": {
                "high": 0.06621666016042585,
                "low": 0.036862405988746474
            },
            "extVarRwgt": {
                "high": 0.11446224064857513,
                "low": 0.11446224064857513
            },
            "final": {
                "central": 1.0437591992568027,
                "high": 0.14608795703637303,
                "low": 0.13330959646521792
            },
            "fracBB": {
                "high": 0.003998107194178478,
                "low": 0.003362141756455337
            },
            "fracCC": {
                "high": 0.031666397655545575,
                "low": 0.02918753246124816
            },
            "fracLight": {
                "high": 0.027029994625127448,
                "low": 0.02340632798937328
            }
        },
        "ptbin3": {
            "jer": {
                "high": 0.0009844984452250976,
                "low": 0.004829967088780021
            },
            "jes": {
                "high": 0.01149339063002488,
                "low": 0.007334383849316619
            },
            "stats": {
                "high": 0.07846638115153692,
                "low": 0.08056338967451171
            },
            "pu": {
                "high": 0.02228942230433088,
                "low": 0.021122640232529195
            },
            "psWeightIsr": {
                "high": 0.024809873472073325,
                "low": 0.022538004868603304
            },
            "lumi_13TeV": {
                "high": 0.0003273309540165216,
                "low": 0.0006467107027557257
            },
            "l1PreFiring": {
                "high": 0.00032305477056571814,
                "low": 1.1522553086804587e-06
            },
            "psWeightFsr": {
                "high": 0.005844648560640223,
                "low": 0.0190257971617627
            },
            "extSfBDTVariation": {
                "high": 0.03615028393049707,
                "low": 0.041499388863751756
            },
            "extVarRwgt": {
                "high": 0.15822779426343048,
                "low": 0.15822779426343048
            },
            "final": {
                "central": 1.1038337978751782,
                "high": 0.18722356635614387,
                "low": 0.18795600560864775
            },
            "fracBB": {
                "high": 0.0021067704498404977,
                "low": 0.0035385032768930134
            },
            "fracCC": {
                "high": 0.03167993574956144,
                "low": 0.022562620705652587
            },
            "fracLight": {
                "high": 0.01627787612327617,
                "low": 0.012787678458131868
            }
        }
    },
    "medium": {
        "ptbin1": {
            "jer": {
                "high": 0.0028877459696217,
                "low": 0.005190094360151164
            },
            "jes": {
                "high": 0.0045336211815277605,
                "low": 0.00042022256699227956
            },
            "stats": {
                "high": 0.036939938263198524,
                "low": 0.05002460598113967
            },
            "pu": {
                "high": 0.004305114218632646,
                "low": 0.0016126326115540397
            },
            "psWeightIsr": {
                "high": 0.006880126207766207,
                "low": 0.0046140033084876445
            },
            "lumi_13TeV": {
                "high": 0.0004452802377561962,
                "low": 0.00098436225734263
            },
            "l1PreFiring": {
                "high": 0.00012302428682062322,
                "low": 7.852947044874843e-06
            },
            "psWeightFsr": {
                "high": 0.023831737790662035,
                "low": 0.020226450684964436
            },
            "extSfBDTVariation": {
                "high": 0.11255500848655067,
                "low": 0.06425468099727079
            },
            "extVarRwgt": {
                "high": 0.08974462531712002,
                "low": 0.08974462531712002
            },
            "final": {
                "central": 1.0605596261932004,
                "high": 0.16285779447597792,
                "low": 0.13110275585884923
            },
            "fracBB": {
                "high": 0.003479428406402875,
                "low": 0.0026793045039189348
            },
            "fracCC": {
                "high": 0.0373639121828311,
                "low": 0.02659464679872662
            },
            "fracLight": {
                "high": 0.04862384229851145,
                "low": 0.03643040022967495
            }
        },
        "ptbin2": {
            "jer": {
                "high": 0.007104288113604049,
                "low": 0.0010167278553505981
            },
            "jes": {
                "high": 0.006008184710474041,
                "low": 0.0004990747806100371
            },
            "stats": {
                "high": 0.04523262486523083,
                "low": 0.025797177919435366
            },