{
    "tight": {
        "ptbin1": {
            "stats": {
                "high": 0.015365660190582275,
                "low": 0.019992435118788565
            },
            "QCDFlvCompos": {
                "high": 0.021129079027220492,
                "low": 0.015865781422101353
            },
            "l1PreFiring": {
                "high": 0.018545440943323752,
                "low": 0.007603234507515773
            },
            "lumi_13TeV": {
                "high": 0.0,
                "low": 0.0003422492476978583
            },
            "extMutagVarRwgt": {
                "high": 0.05900000000000005,
                "low": 0.05900000000000005
            },
            "extMutagTau21Variation": {
                "high": 0.21000000000000008,
                "low": 0.21000000000000008
            },
            "jer": {
                "high": 0.0,
                "low": 0.0030251375826586867
            },
            "jes": {
                "high": 0.008105468441663464,
                "low": 0.008131196029694315
            },
            "final": {
                "high": 0.2256023699746207,
                "central": 0.7646304965019226,
                "low": 0.2258238435886277
            },
            "fracLight": {
                "high": 0.04182853495658144,
                "low": 0.04568592235441981
            },
            "fracBB": {
                "high": 0.02008190690452042,
                "low": 0.015722400137554146
            },
            "fracCC": {
                "high": 0.008131659641831665,
                "low": 0.007783353186612833
            },
            "pu": {
                "high": 0.0025840001222993156,
                "low": 0.015356294505834674
            }
        },
        "ptbin2": {
            "stats": {
                "high": 0.02048648262354369,
                "low": 0.01922684907913208
            },
            "QCDFlvCompos": {
                "high": 0.024118859851207243,
                "low": 0.021641719470346005
            },
            "l1PreFiring": {
                "high": 0.013149291216709868,
                "low": 0.0025988054279876753
            },
            "lumi_13TeV": {
                "high": 0.00015451390660496317,
                "low": 0.0
            },
            "extMutagVarRwgt": {
                "high": 0.10300000000000009,
                "low": 0.10300000000000009
            },
            "extMutagTau21Variation": {
                "high": 0.2340000000000001,
                "low": 0.2340000000000001
            },
            "jer": {
                "high": 0.00014131349303156735,
                "low": 0.002250762418811255
            },
            "jes": {
                "high": 0.008211251835711515,
                "low": 0.006567026874589114
            },
            "final": {
                "high": 0.2648789288524346,
                "central": 0.799232006072998,
                "low": 0.26185229913722985
            },
            "fracLight": {
                "high": 0.053072221176806884,
                "low": 0.03959090439392364
            },
            "fracBB": {
                "high": 0.027914294199893566,
                "low": 0.024630626054783188
            },
            "fracCC": {
                "high": 0.0,
                "low": 0.0
            },
            "pu": {
                "high": 0.0026123726808108547,
                "low": 0.015429723560065424
            }
        },
        "ptbin3": {
            "stats": {
                "high": 0.021610381532980893,
                "low": 0.021847743118498908
            },
            "QCDFlvCompos": {
                "high": 0.014022713074596366,
                "low": 0.012923601961376142
            },
            "l1PreFiring": {
                "high": 0.004869008239936841,
                "low": 0.003992414013379807
            },
            "lumi_13TeV": {
                "high": 0.0,
                "low": 0.00039198323706557945
            },
            "extMutagVarRwgt": {
                "high": 0.06700000000000006,
                "low": 0.06700000000000006
            },
            "extMutagTau21Variation": {
                "high": 0.21499999999999997,
                "low": 0.21499999999999997
            },
            "jer": {
                "high": 0.0006155960453061095,
                "low": 0.00037523338615871085
            },
            "jes": {
                "high": 0.004003064110964652,
                "low": 0.003899137112650613
            },
            "final": {
                "high": 0.23280354625655958,
                "central": 0.6832438707351685,
                "low": 0.231160808548799
            },
            "fracLight": {
                "high": 0.04080179502687981,
                "low": 0.035262984622891895
            },
            "fracBB": {
                "high": 0.02858737546580275,
                "low": 0.02503041107603258
            },
            "fracCC": {
                "high": 0.009136042398828056,
                "low": 0.003386787176070955
            },
            "pu": {
                "high": 0.014640156388198683,
                "low": 0.012808944552589307
            }
        }
    },
    "medium": {
        "ptbin1": {
            "stats": {
                "high": 0.011402595261318926,
                "low": 0.011788956451878052
            },
            "QCDFlvCompos": {
                "high": 0.012732667376946696,
                "low": 0.017047529775695947
            },
            "l1PreFiring": {
                "high": 0.0,
                "low": 0.012401571323319007
            },
            "lumi_13TeV": {
                "high": 0.0002427741213336121,
                "low": 0.00031347625570029447
            },
            "extMutagVarRwgt": {
                "high": 0.09799999999999998,
                "low": 0.09799999999999998
            },
            "extMutagTau21Variation": {
                "high": 0.264,
                "low": 0.264
            },
            "jer": {
                "high": 0.00017453207716087288,
                "low": 0.0
            },
            "jes": {
                "high": 0.0037420907411961175,
                "low": 0.0
            },
            "final": {
                "high": 0.28445958054993187,
                "central": 0.7195164561271667,
                "low": 0.28596596030307614
            },
            "fracLight": {
                "high": 0.02716280023863115,
                "low": 0.037616095162929845
            },
            "fracBB": {
                "high": 0.02219260706240583,
                "low": 0.018858091670822905
            },
            "fracCC": {
                "high": 0.001377911620515009,
                "low": 0.005867175240600293
            },
            "pu": {
                "high": 0.009477758191185078,
                "low": 0.00938154921412606
            }
        },
        "ptbin2": {
            "stats": {
                "high": 0.0087813138961792,
                "low": 0.013054985399274854
            },
            "QCDFlvCompos": {
                "high": 0.02224380434049966,
                "low": 0.019370991423296718
            },
            "l1PreFiring": {
                "high": 0.0,
                "low": 0.0135244304890285
            },
            "lumi_13TeV": {
                "high": 0.0,
                "low": 0.00021139993335318483
            },
            "extMutagVarRwgt": {
                "high": 0.10699999999999998,
                "low": 0.10699999999999998
            },
            "extMutagTau21Variation": {
                "high": 0.21899999999999997,
                "low": 0.21899999999999997
            },
            "jer": {
                "high": 0.0,
                "low": 0.002078417305591507
            },
            "jes": {
                "high": 0.0,
                "low": 0.0013703006372432784
            },