{
    "tight": {
        "ptbin1": {
            "QCDFlvCompos": {
                "high": 0.0009375542088085851,
                "low": 0.006668438468806113
            },
            "tau21_uncertainty_max": {
                "high": 0.13195051268568814,
                "low": 0.13195051268568814
            },
            "reweighting_uncertainty": {
                "high": 0.015001096317445617,
                "low": 0.015001096317445617
            },
            "jer": {
                "high": 0.02064043919106852,
                "low": 0.02315332803273662
            },
            "jes": {
                "high": 0.018612051730725544,
                "low": 0.013849658206705343
            },
            "lumi_13TeV": {
                "high": 0.0016228086194269792,
                "low": 0.0007611729600193228
            },
            "final": {
                "high": 0.15664687318121104,
                "central": 0.970554530620575,
                "low": 0.15619959417619578
            },
            "fracLight": {
                "high": 0.008195158525055913,
                "low": 0.009263888081348107
            },
            "fracBB": {
                "high": 0.03577822936202514,
                "low": 0.024925109060388636
            },
            "fracCC": {
                "high": 0.011653827573272805,
                "low": 0.008922735109002657
            },
            "pu": {
                "high": 0.011051790555099087,
                "low": 0.010063256280321472
            },
            "l1PreFiring": {
                "high": 0.0030972098138193774,
                "low": 0.0026022240289392167
            },
            "psWeightIsr": {
                "high": 0.006144776234847811,
                "low": 0.004146666727144066
            },
            "psWeightFsr": {
                "high": 0.007633641216769832,
                "low": 0.006422853236443596
            },
            "stats": {
                "high": 0.06644925823833314,
                "low": 0.07096633690251375
            }
        },
        "ptbin2": {
            "QCDFlvCompos": {
                "high": 0.014981376626710438,
                "low": 0.012805844919380532
            },
            "tau21_uncertainty_max": {
                "high": 0.0446540427308596,
                "low": 0.0446540427308596
            },
            "reweighting_uncertainty": {
                "high": 0.00993751386392805,
                "low": 0.00993751386392805
            },
            "jer": {
                "high": 0.0016363585512001717,
                "low": 0.0008131166005873163
            },
            "jes": {
                "high": 0.018726615468873952,
                "low": 0.014619132328158157
            },
            "lumi_13TeV": {
                "high": 0.0027975048496776387,
                "low": 0.0025901234122986745
            },
            "final": {
                "high": 0.1005612935034358,
                "central": 0.9130309224128723,
                "low": 0.09536798371156897
            },
            "fracLight": {
                "high": 0.006668183270274242,
                "low": 0.007040229206981948
            },
            "fracBB": {
                "high": 0.04561782596133647,
                "low": 0.035744873646208375
            },
            "fracCC": {
                "high": 0.010424448930580262,
                "low": 0.008754246008474605
            },
            "pu": {
                "high": 0.005358086839838299,
                "low": 0.004111339742225819
            },
            "l1PreFiring": {
                "high": 0.0011777629730143466,
                "low": 0.0012705377192080874
            },
            "psWeightIsr": {
                "high": 0.013185137001308597,
                "low": 0.011260819880275316
            },
            "psWeightFsr": {
                "high": 0.010750684606118227,
                "low": 0.00962315311505882
            },
            "stats": {
                "high": 0.06986102944645256,
                "low": 0.07053658517329453
            }
        },
        "ptbin3": {
            "QCDFlvCompos": {
                "high": 0.022980563525193985,
                "low": 0.017879993004229298
            },
            "tau21_uncertainty_max": {
                "high": 0.17828696107711273,
                "low": 0.17828696107711273
            },
            "reweighting_uncertainty": {
                "high": 0.02005031816609426,
                "low": 0.02005031816609426
            },
            "jer": {
                "high": 0.015087311310061404,
                "low": 0.009226464936056005
            },
            "jes": {
                "high": 0.019565851444518417,
                "low": 0.015145856539203284
            },
            "lumi_13TeV": {
                "high": 0.004105641799671689,
                "low": 0.003883535559098439
            },
            "final": {
                "high": 0.2134060122201262,
                "central": 0.863518238067627,
                "low": 0.20712933449056373
            },
            "fracLight": {
                "high": 0.007067118171513062,
                "low": 0.00647195573284185
            },
            "fracBB": {
                "high": 0.05583072961104755,
                "low": 0.04374181673849928
            },
            "fracCC": {
                "high": 0.010494366906110171,
                "low": 0.007889354936788344
            },
            "pu": {
                "high": 0.0003058471004060643,
                "low": 0.0012690280224709805
            },
            "l1PreFiring": {
                "high": 0.0,
                "low": 0.0009777374416363714
            },
            "psWeightIsr": {
                "high": 0.0018548493478208294,
                "low": 0.004031681080906289
            },
            "psWeightFsr": {
                "high": 0.028436904683465127,
                "low": 0.023932378245014416
            },
            "stats": {
                "high": 0.09005732915405029,
                "low": 0.08634784645085092
            }
        }
    },
    "medium": {
        "ptbin1": {
            "QCDFlvCompos": {
                "high": 0.008664625677878672,
                "low": 0.00625234566797045
            },
            "tau21_uncertainty_max": {
                "high": 0.037400286775227665,
                "low": 0.037400286775227665
            },
            "reweighting_uncertainty": {
                "high": 0.007489902528382553,
                "low": 0.007489902528382553
            },
            "jer": {
                "high": 0.010424805704094911,
                "low": 0.010513633500880817
            },
            "jes": {
                "high": 0.007251607834634085,
                "low": 0.004090612696708648
            },
            "lumi_13TeV": {
                "high": 0.0016418076350769959,
                "low": 0.001422040017434435
            },
            "final": {
                "high": 0.07344670319923241,
                "central": 0.878775417804718,
                "low": 0.06938082023479374
            },
            "fracLight": {
                "high": 0.007451245617059433,
                "low": 0.0071893149367503175
            },
            "fracBB": {
                "high": 0.032302018083617386,
                "low": 0.02594127323990372
            },
            "fracCC": {
                "high": 0.012554575271754706,
                "low": 0.010902491012803186
            },
            "pu": {
                "high": 0.006301190262426721,
                "low": 0.004743039411452556
            },
            "l1PreFiring": {
                "high": 0.0015004941926259946,
                "low": 0.0015200136082428328
            },
            "psWeightIsr": {
                "high": 0.007764788669826388,
                "low": 0.006482820136775792
            },