{
    "tight": {
        "ptbin1": {
            "QCDFlvCompos": {
                "high": 0.004293386543754248,
                "low": 0.0016544769521498874
            },
            "tau21_uncertainty_max": {
                "high": 0.0870537007907054,
                "low": 0.0870537007907054
            },
            "reweighting_uncertainty": {
                "high": 0.026910578752729952,
                "low": 0.026910578752729952
            },
            "jer": {
                "high": 0.008290565103904267,
                "low": 0.0070138285263127344
            },
            "jes": {
                "high": 0.012033600503901608,
                "low": 0.009623965454000592
            },
            "lumi_13TeV": {
                "high": 0.0019405196015728694,
                "low": 0.0016751579462325901
            },
            "final": {
                "high": 0.10387387887227505,
                "central": 0.8740602731704712,
                "low": 0.10264897268218919
            },
            "fracLight": {
                "high": 0.005908819792095032,
                "low": 0.0056205126770631905
            },
            "fracBB": {
                "high": 0.021639786448297386,
                "low": 0.018653282353336787
            },
            "fracCC": {
                "high": 0.014469359495007258,
                "low": 0.01184845583990355
            },
            "pu": {
                "high": 0.0011429778803765881,
                "low": 0.0013229740887163441
            },
            "l1PreFiring": {
                "high": 0.0003605180913097148,
                "low": 0.0001597116575424181
            },
            "psWeightIsr": {
                "high": 0.002703070496848396,
                "low": 0.0021045388797728375
            },
            "psWeightFsr": {
                "high": 0.0018577275340190746,
                "low": 0.0006081014281073132
            },
            "stats": {
                "high": 0.039073851360594936,
                "low": 0.03950230274509514
            }
        },
        "ptbin2": {
            "QCDFlvCompos": {
                "high": 0.0051818636500376054,
                "low": 0.004786594065626626
            },
            "tau21_uncertainty_max": {
                "high": 0.15871557046705198,
                "low": 0.15871557046705198
            },
            "reweighting_uncertainty": {
                "high": 0.014738563046647779,
                "low": 0.014738563046647779
            },
            "jer": {
                "high": 0.004668965796915103,
                "low": 0.004528721484109777
            },
            "jes": {
                "high": 0.00944010556888832,
                "low": 0.009371983773892208
            },
            "lumi_13TeV": {
                "high": 0.0037279389627416764,
                "low": 0.003092553914915653
            },
            "final": {
                "high": 0.1662358179278759,
                "central": 0.9385663866996765,
                "low": 0.16521476316905362
            },
            "fracLight": {
                "high": 0.0022821777832684846,
                "low": 0.002299261181390738
            },
            "fracBB": {
                "high": 0.03155798240161237,
                "low": 0.028388132822698045
            },
            "fracCC": {
                "high": 0.017546925345995033,
                "low": 0.015851023994452988
            },
            "pu": {
                "high": 0.008423474740408264,
                "low": 0.00760626645140235
            },
            "l1PreFiring": {
                "high": 0.00023798914289537777,
                "low": 0.00018858527729123052
            },
            "psWeightIsr": {
                "high": 0.009674040227204991,
                "low": 0.007754831856685341
            },
            "psWeightFsr": {
                "high": 0.0048580342705598235,
                "low": 0.005125088020037015
            },
            "stats": {
                "high": 0.024033668958511667,
                "low": 0.023249068844858667
            }
        },
        "ptbin3": {
            "QCDFlvCompos": {
                "high": 0.0026910307840067598,
                "low": 0.004264565057194334
            },
            "tau21_uncertainty_max": {
                "high": 0.1971035389473461,
                "low": 0.1971035389473461
            },
            "reweighting_uncertainty": {
                "high": 0.022553397318643253,
                "low": 0.022553397318643253
            },
            "jer": {
                "high": 0.00458728693078655,
                "low": 0.0032787496861249685
            },
            "jes": {
                "high": 0.015201490316765284,
                "low": 0.012490675020289426
            },
            "lumi_13TeV": {
                "high": 0.005105606530028194,
                "low": 0.004818047343520251
            },
            "final": {
                "high": 0.20815653301088657,
                "central": 0.7899966239929199,
                "low": 0.20683291170389845
            },
            "fracLight": {
                "high": 0.0031029784262827514,
                "low": 0.002768769027581705
            },
            "fracBB": {
                "high": 0.03416770786767699,
                "low": 0.030246970379500734
            },
            "fracCC": {
                "high": 0.013529666416522932,
                "low": 0.012672008774272124
            },
            "pu": {
                "high": 0.0037759148586246783,
                "low": 0.0028189673509055346
            },
            "l1PreFiring": {
                "high": 0.0,
                "low": 0.007090947005522786
            },
            "psWeightIsr": {
                "high": 0.0047122254125279,
                "low": 0.0041926534515233
            },
            "psWeightFsr": {
                "high": 0.013548324717337997,
                "low": 0.010055272398256631
            },
            "stats": {
                "high": 0.046448870612239235,
                "low": 0.04419485549997715
            }
        }
    },
    "medium": {
        "ptbin1": {
            "QCDFlvCompos": {
                "high": 0.003722412166049259,
                "low": 0.002178616452964801
            },
            "tau21_uncertainty_max": {
                "high": 0.06365084130604404,
                "low": 0.06365084130604404
            },
            "reweighting_uncertainty": {
                "high": 0.08502390918935321,
                "low": 0.08502390918935321
            },
            "jer": {
                "high": 0.0026555663621238364,
                "low": 0.0018439301132929552
            },
            "jes": {
                "high": 0.013568687929798616,
                "low": 0.012176665759103146
            },
            "lumi_13TeV": {
                "high": 0.0007395957254070179,
                "low": 0.0007051653581409908
            },
            "final": {
                "high": 0.11324156735346198,
                "central": 0.834799587726593,
                "low": 0.11237968558129798
            },
            "fracLight": {
                "high": 0.004874209998947626,
                "low": 0.004535646491043533
            },
            "fracBB": {
                "high": 0.018766051555224154,
                "low": 0.016184331515002214
            },
            "fracCC": {
                "high": 0.013149707225721365,
                "low": 0.011879446045861376
            },
            "pu": {
                "high": 0.002341622039462745,
                "low": 0.0023828932236261476
            },
            "l1PreFiring": {
                "high": 0.0006780159699476441,
                "low": 0.00040970376158052865
            },
            "psWeightIsr": {
                "high": 0.0030943651962187994,
                "low": 0.003225450158910153
            },