{
    "tight": {
        "ptbin1": {
            "stats": {
                "high": 0.033058409250087184,
                "low": 0.0326494745419279
            },
            "QCDFlvCompos": {
                "high": 0.0020297091946895485,
                "low": 0.0016944733735379182
            },
            "l1PreFiring": {
                "high": 0.00022657442098908653,
                "low": 0.00019101847464251642
            },
            "lumi_13TeV": {
                "high": 0.0007191671608262415,
                "low": 0.0007765374164500889
            },
            "extMutagVarRwgt": {
                "high": 0.08400000000000007,
                "low": 0.08400000000000007
            },
            "extMutagTau21Variation": {
                "high": 0.137,
                "low": 0.137
            },
            "jer": {
                "high": 0.0035959846852561548,
                "low": 0.0035104627355112003
            },
            "jes": {
                "high": 0.002588205698195958,
                "low": 0.0027396404680033915
            },
            "final": {
                "high": 0.16493375451741285,
                "central": 0.72709059715271,
                "low": 0.1646421848429047
            },
            "fracLight": {
                "high": 0.006171809628230921,
                "low": 0.005179042784027655
            },
            "fracBB": {
                "high": 0.008366156461900212,
                "low": 0.006769522139931045
            },
            "fracCC": {
                "high": 0.01235861121235851,
                "low": 0.010935962989706607
            },
            "pu": {
                "high": 0.0003843261015772341,
                "low": 0.000690597107850973
            }
        },
        "ptbin2": {
            "stats": {
                "high": 0.03255176737856602,
                "low": 0.031594499274277155
            },
            "QCDFlvCompos": {
                "high": 0.0013102641927188422,
                "low": 0.005409380389379591
            },
            "l1PreFiring": {
                "high": 0.0003773921569223732,
                "low": 0.0002335325844771346
            },
            "lumi_13TeV": {
                "high": 0.00041942838692395214,
                "low": 0.00044205563374954005
            },
            "extMutagVarRwgt": {
                "high": 0.10299999999999998,
                "low": 0.10299999999999998
            },
            "extMutagTau21Variation": {
                "high": 0.132,
                "low": 0.132
            },
            "jer": {
                "high": 0.001576566079957911,
                "low": 0.0013277592543645394
            },
            "jes": {
                "high": 0.0010514636644932648,
                "low": 0.0011400473944255334
            },
            "final": {
                "high": 0.17157787717854314,
                "central": 0.7724795937538147,
                "low": 0.17160901632259495
            },
            "fracLight": {
                "high": 0.007382912552385061,
                "low": 0.007616073713875931
            },
            "fracBB": {
                "high": 0.009717047081532048,
                "low": 0.010415574855357762
            },
            "fracCC": {
                "high": 0.013310853925161537,
                "low": 0.014291956633406605
            },
            "pu": {
                "high": 0.003823201532785462,
                "low": 0.003888353954439349
            }
        },
        "ptbin3": {
            "stats": {
                "high": 0.03810608171144969,
                "low": 0.04213532920231844
            },
            "QCDFlvCompos": {
                "high": 0.0036036667354910827,
                "low": 0.0025339684576479553
            },
            "l1PreFiring": {
                "high": 0.00031177165935536926,
                "low": 0.0005298717017278642
            },
            "lumi_13TeV": {
                "high": 0.00022302471901157353,
                "low": 0.00016262574665061035
            },
            "extMutagVarRwgt": {
                "high": 0.10199999999999998,
                "low": 0.10199999999999998
            },
            "extMutagTau21Variation": {
                "high": 0.08200000000000007,
                "low": 0.08200000000000007
            },
            "jer": {
                "high": 0.001985649309880752,
                "low": 0.002000994620639854
            },
            "jes": {
                "high": 0.0006553935287700446,
                "low": 0.0017936504421592516
            },
            "final": {
                "high": 0.13746243827822802,
                "central": 0.7228349447250366,
                "low": 0.13814965840143115
            },
            "fracLight": {
                "high": 0.00659965214546618,
                "low": 0.005032385871021773
            },
            "fracBB": {
                "high": 0.007607019343733169,
                "low": 0.0048967105259516645
            },
            "fracCC": {
                "high": 0.01402475546220118,
                "low": 0.0106035617705619
            },
            "pu": {
                "high": 0.00047629517276060173,
                "low": 0.0025009152352294247
            }
        }
    },
    "medium": {
        "ptbin1": {
            "stats": {
                "high": 0.02185279083459013,
                "low": 0.021872845420068066
            },
            "QCDFlvCompos": {
                "high": 0.0012916220265269138,
                "low": 0.0
            },
            "l1PreFiring": {
                "high": 0.00029701313381531744,
                "low": 0.00027147865337723043
            },
            "lumi_13TeV": {
                "high": 0.0006897128296965896,
                "low": 0.0008267849217249035
            },
            "extMutagVarRwgt": {
                "high": 0.09099999999999997,
                "low": 0.09099999999999997
            },
            "extMutagTau21Variation": {
                "high": 0.10799999999999998,
                "low": 0.10799999999999998
            },
            "jer": {
                "high": 0.002679390430726353,
                "low": 0.0029022367084703326
            },
            "jes": {
                "high": 0.002343105623382208,
                "low": 0.00256749558856227
            },
            "final": {
                "high": 0.1439913994880033,
                "central": 0.7977448105812073,
                "low": 0.1438169002022381
            },
            "fracLight": {
                "high": 0.0066775935108221345,
                "low": 0.005679053777121216
            },
            "fracBB": {
                "high": 0.008113096428063148,
                "low": 0.007770592119174267
            },
            "fracCC": {
                "high": 0.013606435387665343,
                "low": 0.012330547620347167
            },
            "pu": {
                "high": 0.0007276685074726508,
                "low": 0.0009387489090822963
            }
        },
        "ptbin2": {
            "stats": {
                "high": 0.020839947159478456,
                "low": 0.020605515914795314
            },
            "QCDFlvCompos": {
                "high": 0.004912873045966605,
                "low": 0.002477205827477439
            },
            "l1PreFiring": {
                "high": 0.0,
                "low": 0.0
            },
            "lumi_13TeV": {
                "high": 0.0003873706803899693,
                "low": 0.000450714300669069
            },
            "extMutagVarRwgt": {
                "high": 0.10399999999999998,
                "low": 0.10399999999999998
            },
            "extMutagTau21Variation": {
                "high": 0.121,
                "low": 0.121
            },
            "jer": {
                "high": 0.00019129341065846487,