{
    "tight": {
        "ptbin1": {
            "stats": {
                "high": 0.03241863028603709,
                "low": 0.0380772214942543
            },
            "QCDFlvCompos": {
                "high": 0.006221868396868966,
                "low": 0.0
            },
            "l1PreFiring": {
                "high": 0.0,
                "low": 0.003975172216927598
            },
            "lumi_13TeV": {
                "high": 0.00018937454430551255,
                "low": 0.0002349390652644088
            },
            "extMutagVarRwgt": {
                "high": 0.07799999999999996,
                "low": 0.07799999999999996
            },
            "extMutagTau21Variation": {
                "high": 0.13,
                "low": 0.13
            },
            "jer": {
                "high": 0.0021606709102418727,
                "low": 0.003358488160617773
            },
            "jes": {
                "high": 0.0007682580493043209,
                "low": 0.0005814620450757444
            },
            "final": {
                "high": 0.1579074387140268,
                "central": 0.8847368955612183,
                "low": 0.15821228458933448
            },
            "fracLight": {
                "high": 0.01414318278507314,
                "low": 0.0030877994400787924
            },
            "fracBB": {
                "high": 0.007574570998763446,
                "low": 0.004354018807244538
            },
            "fracCC": {
                "high": 0.016305054083376794,
                "low": 0.023795298818160743
            },
            "pu": {
                "high": 0.018245046388934056,
                "low": 0.0
            }
        },
        "ptbin2": {
            "stats": {
                "high": 0.04071737447747714,
                "low": 0.015800893306732178
            },
            "QCDFlvCompos": {
                "high": 0.003749486362256165,
                "low": 0.0013088638862701776
            },
            "l1PreFiring": {
                "high": 0.0,
                "low": 0.00019892804406822912
            },
            "lumi_13TeV": {
                "high": 0.0,
                "low": 0.0002530750046119979
            },
            "extMutagVarRwgt": {
                "high": 0.051000000000000045,
                "low": 0.051000000000000045
            },
            "extMutagTau21Variation": {
                "high": 0.123,
                "low": 0.123
            },
            "jer": {
                "high": 0.002339690432472224,
                "low": 0.0
            },
            "jes": {
                "high": 0.002176916370144145,
                "low": 0.0
            },
            "final": {
                "high": 0.14141782547592432,
                "central": 0.7958109378814697,
                "low": 0.1377394931431851
            },
            "fracLight": {
                "high": 0.005479745442504166,
                "low": 0.016211324211540135
            },
            "fracBB": {
                "high": 0.004518751562910097,
                "low": 0.00014397789108458185
            },
            "fracCC": {
                "high": 0.022971419191155206,
                "low": 0.026976487648187806
            },
            "pu": {
                "high": 0.003162975610869585,
                "low": 0.0003526328057820897
            }
        },
        "ptbin3": {
            "stats": {
                "high": 0.05046649959701377,
                "low": 0.04857579938505996
            },
            "QCDFlvCompos": {
                "high": 0.009543719985919324,
                "low": 0.0030329801314088085
            },
            "l1PreFiring": {
                "high": 0.004667638316864928,
                "low": 0.002120004221930297
            },
            "lumi_13TeV": {
                "high": 0.000526851998032494,
                "low": 0.0
            },
            "extMutagVarRwgt": {
                "high": 0.06800000000000006,
                "low": 0.06800000000000006
            },
            "extMutagTau21Variation": {
                "high": 0.15600000000000003,
                "low": 0.15600000000000003
            },
            "jer": {
                "high": 0.0009627390428825524,
                "low": 0.0008741880192128184
            },
            "jes": {
                "high": 0.0,
                "low": 0.0014616694124993945
            },
            "final": {
                "high": 0.18018950509023543,
                "central": 0.7838940620422363,
                "low": 0.17935667875709793
            },
            "fracLight": {
                "high": 0.014397809015579233,
                "low": 0.01308580840451231
            },
            "fracBB": {
                "high": 0.003984127283057843,
                "low": 0.00590333691264903
            },
            "fracCC": {
                "high": 0.024499636618916992,
                "low": 0.024629674320182995
            },
            "pu": {
                "high": 0.004967588542695893,
                "low": 0.004484844784233717
            }
        }
    },
    "medium": {
        "ptbin1": {
            "stats": {
                "high": 0.02459286111368264,
                "low": 0.025076042289930767
            },
            "QCDFlvCompos": {
                "high": 0.0,
                "low": 0.005670094680288003
            },
            "l1PreFiring": {
                "high": 0.0021375372703473982,
                "low": 0.004614929872168922
            },
            "lumi_13TeV": {
                "high": 0.0004562818849980475,
                "low": 0.0
            },
            "extMutagVarRwgt": {
                "high": 0.08400000000000007,
                "low": 0.08400000000000007
            },
            "extMutagTau21Variation": {
                "high": 0.17900000000000005,
                "low": 0.17900000000000005
            },
            "jer": {
                "high": 0.0015804278665961702,
                "low": 0.0016903907157662836
            },
            "jes": {
                "high": 0.000570673635287739,
                "low": 0.00046081390614055085
            },
            "final": {
                "high": 0.20082750864426382,
                "central": 0.9048840999603271,
                "low": 0.20128119516060172
            },
            "fracLight": {
                "high": 0.012613675203942328,
                "low": 0.004240567585913092
            },
            "fracBB": {
                "high": 0.008295865670826344,
                "low": 0.006948194749790339
            },
            "fracCC": {
                "high": 0.019633895643912835,
                "low": 0.025429527550110114
            },
            "pu": {
                "high": 0.0036662822752027346,
                "low": 0.004367623924864756
            }
        },
        "ptbin2": {
            "stats": {
                "high": 0.025218490606489286,
                "low": 0.025526133574717225
            },
            "QCDFlvCompos": {
                "high": 0.004898813482021171,
                "low": 0.0025398913404638254
            },
            "l1PreFiring": {
                "high": 0.0,
                "low": 0.0
            },
            "lumi_13TeV": {
                "high": 6.94972480734693e-05,
                "low": 0.0
            },
            "extMutagVarRwgt": {
                "high": 0.07599999999999996,
                "low": 0.07599999999999996
            },
            "extMutagTau21Variation": {
                "high": 0.10599999999999998,
                "low": 0.10599999999999998
            },
            "jer": {
                "high": 0.0011209574907094372,
                "low": 0.0015154326369770865
            },
            "jes": {
                "high": 0.0016065188996204716,
                "low": 0.0016627633841804139
            },