{
    "tight": {
        "ptbin1": {
            "QCDFlvCompos": {
                "high": 0.0007025146788414071,
                "low": 0.0005710030670504489
            },
            "tau21_uncertainty_max": {
                "high": 0.05617920616933325,
                "low": 0.05617920616933325
            },
            "reweighting_uncertainty": {
                "high": 0.029174772617401756,
                "low": 0.029174772617401756
            },
            "jer": {
                "high": 0.001333356341178154,
                "low": 0.0009647801024930245
            },
            "jes": {
                "high": 0.005820286603137388,
                "low": 0.005284733290252959
            },
            "lumi_13TeV": {
                "high": 0.0018008958344638791,
                "low": 0.001673356534272156
            },
            "final": {
                "high": 0.07753115333808322,
                "central": 0.8668036460876465,
                "low": 0.07627644136349361
            },
            "fracLight": {
                "high": 0.005448174494673284,
                "low": 0.004976904856586787
            },
            "fracBB": {
                "high": 0.020928601412258576,
                "low": 0.018214568908536427
            },
            "fracCC": {
                "high": 0.014261498809698072,
                "low": 0.01295740990328407
            },
            "pu": {
                "high": 0.008530561017188534,
                "low": 0.007929007434556773
            },
            "psWeightIsr": {
                "high": 0.004879622447833288,
                "low": 0.004564382105519153
            },
            "psWeightFsr": {
                "high": 0.0006034614335712243,
                "low": 0.0
            },
            "stats": {
                "high": 0.0345889315241773,
                "low": 0.034218483969592595
            },
            "l1PreFiring": {
                "high": 0.0,
                "low": 0.0
            }
        },
        "ptbin2": {
            "QCDFlvCompos": {
                "high": 0.0,
                "low": 0.000421682594272661
            },
            "tau21_uncertainty_max": {
                "high": 0.01644179562790249,
                "low": 0.01644179562790249
            },
            "reweighting_uncertainty": {
                "high": 0.011070066319106786,
                "low": 0.011070066319106786
            },
            "jer": {
                "high": 0.0006238404844416236,
                "low": 0.001169049564708219
            },
            "jes": {
                "high": 0.010339206530278519,
                "low": 0.007521001450511675
            },
            "lumi_13TeV": {
                "high": 0.001963306240818002,
                "low": 0.001960838363039666
            },
            "final": {
                "high": 0.05492760791366667,
                "central": 0.8586080074310303,
                "low": 0.051877746388134714
            },
            "fracLight": {
                "high": 0.005722635581479143,
                "low": 0.0052482892613961735
            },
            "fracBB": {
                "high": 0.02281645564581251,
                "low": 0.019696163932591812
            },
            "fracCC": {
                "high": 0.014653758390062504,
                "low": 0.013174296430158373
            },
            "pu": {
                "high": 0.002478055285233841,
                "low": 0.0019777560956035995
            },
            "psWeightIsr": {
                "high": 0.0011687088241271607,
                "low": 0.0012656108633683134
            },
            "psWeightFsr": {
                "high": 0.021242588980320283,
                "low": 0.01926435393611356
            },
            "stats": {
                "high": 0.03586471727274898,
                "low": 0.0356481779711858
            },
            "l1PreFiring": {
                "high": 0.0,
                "low": 0.0
            }
        },
        "ptbin3": {
            "QCDFlvCompos": {
                "high": 0.02000262289761111,
                "low": 0.01779452580308936
            },
            "tau21_uncertainty_max": {
                "high": 0.06072885632747549,
                "low": 0.06072885632747549
            },
            "reweighting_uncertainty": {
                "high": 0.01088327159165381,
                "low": 0.01088327159165381
            },
            "jer": {
                "high": 0.0021484036775439048,
                "low": 0.0019376866005664257
            },
            "jes": {
                "high": 0.016811406872324783,
                "low": 0.014741792692410834
            },
            "lumi_13TeV": {
                "high": 0.005726432525911587,
                "low": 0.00453352135025086
            },
            "final": {
                "high": 0.09568111487483569,
                "central": 0.9274647831916809,
                "low": 0.09130852726717928
            },
            "fracLight": {
                "high": 0.003075419723012936,
                "low": 0.0031087651941286835
            },
            "fracBB": {
                "high": 0.040582472064379496,
                "low": 0.03514237629714609
            },
            "fracCC": {
                "high": 0.020486467816234564,
                "low": 0.01716031416733803
            },
            "pu": {
                "high": 0.004414475573211508,
                "low": 0.0032572254842151396
            },
            "psWeightIsr": {
                "high": 0.007063243461806225,
                "low": 0.005791435510857761
            },
            "psWeightFsr": {
                "high": 0.02912270232403648,
                "low": 0.027216926564700032
            },
            "stats": {
                "high": 0.04043143280058392,
                "low": 0.040601671946589035
            },
            "l1PreFiring": {
                "high": 0.0,
                "low": 0.0
            }
        }
    },
    "medium": {
        "ptbin1": {
            "QCDFlvCompos": {
                "high": 0.0009767551546246494,
                "low": 0.0008511967320895084
            },
            "tau21_uncertainty_max": {
                "high": 0.04101691492087556,
                "low": 0.04101691492087556
            },
            "reweighting_uncertainty": {
                "high": 0.054110037716344705,
                "low": 0.054110037716344705
            },
            "jer": {
                "high": 0.001398350285369974,
                "low": 0.0014809998586992467
            },
            "jes": {
                "high": 0.007890934800906654,
                "low": 0.007697093059860098
            },
            "lumi_13TeV": {
                "high": 0.0006803355877451353,
                "low": 0.0005476584246385126
            },
            "final": {
                "high": 0.07627412895574993,
                "central": 0.8316658735275269,
                "low": 0.07548639858046768
            },
            "fracLight": {
                "high": 0.004387452106165249,
                "low": 0.003969748851727
            },
            "fracBB": {
                "high": 0.017320397966171946,
                "low": 0.014949931628832774
            },
            "fracCC": {
                "high": 0.013253324047088571,
                "low": 0.012279081671825362
            },
            "pu": {
                "high": 0.0028652033278976537,
                "low": 0.002231930527828831
            },
            "psWeightIsr": {
                "high": 0.002308684672562952,
                "low": 0.0019913187736727606
            },
            "psWeightFsr": {
                "high": 0.001169979405051504,
                "low": 0.0004665464485153118
            },
            "stats": {
                "high": 0.025139915018703163,
                "low": 0.02502498897690575
            },