{
    "tight": {
        "ptbin1": {
            "stats": {
                "high": 0.04017525072784933,
                "low": 0.0423201065755312
            },
            "QCDFlvCompos": {
                "high": 0.007143330977392444,
                "low": 0.0042826064617127345
            },
            "l1PreFiring": {
                "high": 0.0,
                "low": 0.0
            },
            "lumi_13TeV": {
                "high": 0.0008305859232967589,
                "low": 0.0011309307195606795
            },
            "extMutagVarRwgt": {
                "high": 0.09500000000000008,
                "low": 0.09500000000000008
            },
            "extMutagTau21Variation": {
                "high": 0.04400000000000004,
                "low": 0.04400000000000004
            },
            "jer": {
                "high": 0.0,
                "low": 0.0026065182803186432
            },
            "jes": {
                "high": 0.0012368266119639748,
                "low": 0.001979313561371079
            },
            "final": {
                "high": 0.11356971625735482,
                "central": 0.6896916031837463,
                "low": 0.1136954198334876
            },
            "fracLight": {
                "high": 0.00473635660789123,
                "low": 0.0037538538907488784
            },
            "fracBB": {
                "high": 0.007834068213636107,
                "low": 0.005266778797717026
            },
            "fracCC": {
                "high": 0.013539252227852133,
                "low": 0.010075893017764563
            },
            "pu": {
                "high": 0.0016558662502538925,
                "low": 0.0009857638600836373
            }
        },
        "ptbin2": {
            "stats": {
                "high": 0.04858371789569316,
                "low": 0.04809649725612519
            },
            "QCDFlvCompos": {
                "high": 0.005221843861291505,
                "low": 0.0028180673138330833
            },
            "l1PreFiring": {
                "high": 0.0,
                "low": 0.0
            },
            "lumi_13TeV": {
                "high": 0.0006098151474255509,
                "low": 0.0006081240165307421
            },
            "extMutagVarRwgt": {
                "high": 0.06900000000000006,
                "low": 0.06900000000000006
            },
            "extMutagTau21Variation": {
                "high": 0.272,
                "low": 0.272
            },
            "jer": {
                "high": 0.0035074264753051855,
                "low": 0.0039071103517712745
            },
            "jes": {
                "high": 0.00024528220099390423,
                "low": 0.0
            },
            "final": {
                "high": 0.2851655395719516,
                "central": 0.6158589720726013,
                "low": 0.28491987007428654
            },
            "fracLight": {
                "high": 0.005759676336798618,
                "low": 0.003888785235314233
            },
            "fracBB": {
                "high": 0.006376551212327898,
                "low": 0.004926198854902043
            },
            "fracCC": {
                "high": 0.010001791178675562,
                "low": 0.007573546273257944
            },
            "pu": {
                "high": 0.0003680753733846756,
                "low": 0.0010667097282572745
            }
        },
        "ptbin3": {
            "stats": {
                "high": 0.04876526760887867,
                "low": 0.04762223004016641
            },
            "QCDFlvCompos": {
                "high": 0.004002668468741544,
                "low": 0.004424751865326316
            },
            "l1PreFiring": {
                "high": 0.0,
                "low": 0.0
            },
            "lumi_13TeV": {
                "high": 6.506090885558754e-05,
                "low": 0.00024347936433601582
            },
            "extMutagVarRwgt": {
                "high": 0.09900000000000009,
                "low": 0.09900000000000009
            },
            "extMutagTau21Variation": {
                "high": 0.14100000000000001,
                "low": 0.14100000000000001
            },
            "jer": {
                "high": 0.0018603905547190326,
                "low": 0.0013854996264031389
            },
            "jes": {
                "high": 0.002894800292890584,
                "low": 0.0021662738859905897
            },
            "final": {
                "high": 0.18073514517941858,
                "central": 0.6973288655281067,
                "low": 0.17981858700728892
            },
            "fracLight": {
                "high": 0.004564380295300847,
                "low": 0.0027339934162149792
            },
            "fracBB": {
                "high": 0.011023057244961035,
                "low": 0.008726497780195675
            },
            "fracCC": {
                "high": 0.019192461538957338,
                "low": 0.014422297747621054
            },
            "pu": {
                "high": 0.008159836400654041,
                "low": 0.00818341129580014
            }
        }
    },
    "medium": {
        "ptbin1": {
            "stats": {
                "high": 0.052021480004099785,
                "low": 0.04770804240818427
            },
            "QCDFlvCompos": {
                "high": 0.0025697155412346745,
                "low": 0.0
            },
            "l1PreFiring": {
                "high": 0.0,
                "low": 0.0
            },
            "lumi_13TeV": {
                "high": 0.0005176628621324515,
                "low": 0.0009224978365500879
            },
            "extMutagVarRwgt": {
                "high": 0.05799999999999994,
                "low": 0.05799999999999994
            },
            "extMutagTau21Variation": {
                "high": 0.14500000000000002,
                "low": 0.14500000000000002
            },
            "jer": {
                "high": 0.0,
                "low": 0.0013643068164244689
            },
            "jes": {
                "high": 0.004920705699494458,
                "low": 0.003798254277257619
            },
            "final": {
                "high": 0.16523574587165213,
                "central": 0.7699002623558044,
                "low": 0.16361949977807466
            },
            "fracLight": {
                "high": 0.007149027186872475,
                "low": 0.003011628440952456
            },
            "fracBB": {
                "high": 0.003299032897941861,
                "low": 0.004763318327556304
            },
            "fracCC": {
                "high": 0.010500793628483282,
                "low": 0.007287138723748616
            },
            "pu": {
                "high": 0.002128160404534972,
                "low": 0.002334538299902614
            }
        },
        "ptbin2": {
            "stats": {
                "high": 0.037253622879398596,
                "low": 0.04666239274876116
            },
            "QCDFlvCompos": {
                "high": 0.0,
                "low": 0.0030488991054622326
            },
            "l1PreFiring": {
                "high": 0.0,
                "low": 0.0
            },
            "lumi_13TeV": {
                "high": 0.0008271920973706377,
                "low": 0.0010066178805583953
            },
            "extMutagVarRwgt": {
                "high": 0.06599999999999995,
                "low": 0.06599999999999995
            },
            "extMutagTau21Variation": {
                "high": 0.21899999999999997,
                "low": 0.21899999999999997
            },
            "jer": {
                "high": 0.001629240616325915,
                "low": 0.0006621545558171023
            },
            "jes": {
                "high": 0.001055978313359294,
                "low": 0.0023808330845298807
            },