{
    "tight": {
        "ptbin1": {
            "stats": {
                "high": 0.02617606548253104,
                "low": 0.030589468667290842
            },
            "QCDFlvCompos": {
                "high": 0.006638503087791298,
                "low": 0.0
            },
            "l1PreFiring": {
                "high": 0.00262446087151504,
                "low": 0.0058389231563501275
            },
            "lumi_13TeV": {
                "high": 0.00015935989814526902,
                "low": 0.0
            },
            "extMutagVarRwgt": {
                "high": 0.10899999999999999,
                "low": 0.10899999999999999
            },
            "extMutagTau21Variation": {
                "high": 0.20899999999999996,
                "low": 0.20899999999999996
            },
            "jer": {
                "high": 0.0014113341276556352,
                "low": 0.0
            },
            "jes": {
                "high": 0.0,
                "low": 0.0014516873288215539
            },
            "final": {
                "high": 0.2381160145670978,
                "central": 0.7406977415084839,
                "low": 0.23879049936924895
            },
            "fracLight": {
                "high": 0.008495147396381613,
                "low": 0.0107095968782014
            },
            "fracBB": {
                "high": 0.01566884027132089,
                "low": 0.005221069274855371
            },
            "fracCC": {
                "high": 0.009192192050374665,
                "low": 0.01854466580869557
            },
            "pu": {
                "high": 0.0,
                "low": 0.00278766338957665
            }
        },
        "ptbin2": {
            "stats": {
                "high": 0.02595658341935747,
                "low": 0.026216968046353872
            },
            "QCDFlvCompos": {
                "high": 0.007359417540901424,
                "low": 0.007939884815292564
            },
            "l1PreFiring": {
                "high": 0.00017026471127941183,
                "low": 0.0
            },
            "lumi_13TeV": {
                "high": 0.0,
                "low": 0.0002226943761906516
            },
            "extMutagVarRwgt": {
                "high": 0.11299999999999999,
                "low": 0.11299999999999999
            },
            "extMutagTau21Variation": {
                "high": 0.20699999999999996,
                "low": 0.20699999999999996
            },
            "jer": {
                "high": 0.0059633066638402924,
                "low": 0.005838136978259633
            },
            "jes": {
                "high": 0.0007811980153105001,
                "low": 0.0011831017497069864
            },
            "final": {
                "high": 0.2384675886830667,
                "central": 0.7614091634750366,
                "low": 0.2384545790945388
            },
            "fracLight": {
                "high": 0.006280014842875271,
                "low": 0.009682174178509176
            },
            "fracBB": {
                "high": 0.006598405347424963,
                "low": 0.004764949067936199
            },
            "fracCC": {
                "high": 0.019589845132771313,
                "low": 0.01797705858075176
            },
            "pu": {
                "high": 0.004239471240967134,
                "low": 0.004169108869305258
            }
        },
        "ptbin3": {
            "stats": {
                "high": 0.03269478847777274,
                "low": 0.03305198087663608
            },
            "QCDFlvCompos": {
                "high": 0.011852698578203253,
                "low": 0.011813449707907337
            },
            "l1PreFiring": {
                "high": 0.0010396515586305025,
                "low": 0.0
            },
            "lumi_13TeV": {
                "high": 4.314309611852748e-05,
                "low": 0.0
            },
            "extMutagVarRwgt": {
                "high": 0.13,
                "low": 0.13
            },
            "extMutagTau21Variation": {
                "high": 0.1509999999999999,
                "low": 0.1509999999999999
            },
            "jer": {
                "high": 0.0,
                "low": 0.0001472515374621283
            },
            "jes": {
                "high": 0.0007267321294892376,
                "low": 0.001195054771903753
            },
            "final": {
                "high": 0.20375141904070346,
                "central": 0.8113954067230225,
                "low": 0.2039995820102542
            },
            "fracLight": {
                "high": 0.01566675757256352,
                "low": 0.005474709498225471
            },
            "fracBB": {
                "high": 0.009354789270884172,
                "low": 0.006845301861518623
            },
            "fracCC": {
                "high": 0.016100274454763027,
                "low": 0.024348543438857326
            },
            "pu": {
                "high": 0.0033127367334607506,
                "low": 0.0034469016667124206
            }
        }
    },
    "medium": {
        "ptbin1": {
            "stats": {
                "high": 0.020187298148251598,
                "low": 0.02050163739936217
            },
            "QCDFlvCompos": {
                "high": 0.00381364294104136,
                "low": 0.0031815026669498024
            },
            "l1PreFiring": {
                "high": 0.0,
                "low": 0.0
            },
            "lumi_13TeV": {
                "high": 5.331232718966722e-05,
                "low": 5.9385544706857054e-05
            },
            "extMutagVarRwgt": {
                "high": 0.11199999999999999,
                "low": 0.11199999999999999
            },
            "extMutagTau21Variation": {
                "high": 0.126,
                "low": 0.126
            },
            "jer": {
                "high": 0.0026395761062551564,
                "low": 0.0027211420772968475
            },
            "jes": {
                "high": 0.0012766657360916939,
                "low": 0.0009602450596697661
            },
            "final": {
                "high": 0.17110620792237605,
                "central": 0.7836211323738098,
                "low": 0.17110748200235903
            },
            "fracLight": {
                "high": 0.002232424853187001,
                "low": 0.007421840405392686
            },
            "fracBB": {
                "high": 0.005355585961653104,
                "low": 0.00474193823080333
            },
            "fracCC": {
                "high": 0.019324496833355426,
                "low": 0.017938797087248375
            },
            "pu": {
                "high": 0.004449014228386392,
                "low": 0.0044441453038027495
            }
        },
        "ptbin2": {
            "stats": {
                "high": 0.01893938324140154,
                "low": 0.01517021656036377
            },
            "QCDFlvCompos": {
                "high": 0.0056151745142172995,
                "low": 0.004716573436093716
            },
            "l1PreFiring": {
                "high": 0.0003106995806807691,
                "low": 0.00011251770416356289
            },
            "lumi_13TeV": {
                "high": 0.00014916279308927315,
                "low": 0.0
            },
            "extMutagVarRwgt": {
                "high": 0.11099999999999999,
                "low": 0.11099999999999999
            },
            "extMutagTau21Variation": {
                "high": 0.1339999999999999,
                "low": 0.1339999999999999
            },
            "jer": {
                "high": 0.0020640308586328225,
                "low": 6.0146255242705535e-05
            },
            "jes": {
                "high": 0.0005052336025609572,
                "low": 0.00019489173981049147
            },