{
    "tight": {
        "ptbin1": {
            "stats": {
                "high": 0.05781652563990103,
                "low": 0.049750682981895555
            },
            "QCDFlvCompos": {
                "high": 0.008233255280216659,
                "low": 0.0
            },
            "l1PreFiring": {
                "high": 0.0009458487947068742,
                "low": 0.0
            },
            "lumi_13TeV": {
                "high": 0.0007338244972422653,
                "low": 0.001416897910825168
            },
            "extMutagVarRwgt": {
                "high": 0.04799999999999993,
                "low": 0.04799999999999993
            },
            "extMutagTau21Variation": {
                "high": 0.22899999999999998,
                "low": 0.22899999999999998
            },
            "jer": {
                "high": 0.01067781213938555,
                "low": 0.0027092025677514725
            },
            "jes": {
                "high": 0.002176808056281919,
                "low": 0.0033170633185565625
            },
            "final": {
                "high": 0.24208333444999483,
                "central": 0.8032947182655334,
                "low": 0.23997831633623318
            },
            "fracLight": {
                "high": 0.0042149891288458235,
                "low": 0.0017726830789201915
            },
            "fracBB": {
                "high": 0.010616558126211486,
                "low": 0.012078029082394904
            },
            "fracCC": {
                "high": 0.012259278717428275,
                "low": 0.013235424285831564
            },
            "pu": {
                "high": 0.0069173000976760655,
                "low": 0.005328004024494574
            }
        },
        "ptbin2": {
            "stats": {
                "high": 0.09529281854226446,
                "low": 0.049830149712496774
            },
            "QCDFlvCompos": {
                "high": 0.008351887508902886,
                "low": 0.0
            },
            "l1PreFiring": {
                "high": 0.0,
                "low": 0.0
            },
            "lumi_13TeV": {
                "high": 0.0016393950037117398,
                "low": 0.0009106636193748877
            },
            "extMutagVarRwgt": {
                "high": 0.04800000000000004,
                "low": 0.04800000000000004
            },
            "extMutagTau21Variation": {
                "high": 0.08299999999999996,
                "low": 0.08299999999999996
            },
            "jer": {
                "high": 0.0021176278547879912,
                "low": 0.002165468409624734
            },
            "jes": {
                "high": 0.0013732383388713196,
                "low": 0.000533229153451554
            },
            "final": {
                "high": 0.13803536824070856,
                "central": 0.8611857295036316,
                "low": 0.10952997158775363
            },
            "fracLight": {
                "high": 0.009588210273771726,
                "low": 0.0013268981128030607
            },
            "fracBB": {
                "high": 0.013965313436146617,
                "low": 0.01130180185646408
            },
            "fracCC": {
                "high": 0.01878142527782403,
                "low": 0.014349099451409593
            },
            "pu": {
                "high": 0.007855308174847895,
                "low": 0.0035934515512939373
            }
        },
        "ptbin3": {
            "stats": {
                "high": 0.11075829488362054,
                "low": 0.06779533618965106
            },
            "QCDFlvCompos": {
                "high": 0.004887592786827427,
                "low": 0.0
            },
            "l1PreFiring": {
                "high": 0.0025869969882083054,
                "low": 0.0014421368642586465
            },
            "lumi_13TeV": {
                "high": 0.00022707913703945106,
                "low": 0.00028160971474536315
            },
            "extMutagVarRwgt": {
                "high": 0.05400000000000005,
                "low": 0.05400000000000005
            },
            "extMutagTau21Variation": {
                "high": 0.22299999999999998,
                "low": 0.22299999999999998
            },
            "jer": {
                "high": 0.008737802955155234,
                "low": 0.0012407239751564697
            },
            "jes": {
                "high": 0.002982659120103795,
                "low": 0.00029605329759768755
            },
            "final": {
                "high": 0.25597289545611696,
                "central": 0.8539160490036011,
                "low": 0.240181975927315
            },
            "fracLight": {
                "high": 0.007943948871696702,
                "low": 0.001273391686086247
            },
            "fracBB": {
                "high": 0.009786832535542666,
                "low": 0.012644583762162072
            },
            "fracCC": {
                "high": 0.017903825897218905,
                "low": 0.01692142135829018
            },
            "pu": {
                "high": 0.0037960227392832527,
                "low": 3.364908559240421e-05
            }
        }
    },
    "medium": {
        "ptbin1": {
            "stats": {
                "high": 0.05289097032410062,
                "low": 0.06006048178936174
            },
            "QCDFlvCompos": {
                "high": 0.008232651827483152,
                "low": 0.010345873249095293
            },
            "l1PreFiring": {
                "high": 0.0005098822716918074,
                "low": 0.0005163196641236297
            },
            "lumi_13TeV": {
                "high": 0.0012503097257015202,
                "low": 0.0010159767671345818
            },
            "extMutagVarRwgt": {
                "high": 0.041000000000000036,
                "low": 0.041000000000000036
            },
            "extMutagTau21Variation": {
                "high": 0.24399999999999988,
                "low": 0.24399999999999988
            },
            "jer": {
                "high": 0.002098734237344666,
                "low": 0.0038967129717719967
            },
            "jes": {
                "high": 0.0009790340040300917,
                "low": 0.004181388107472994
            },
            "final": {
                "high": 0.2545781474253261,
                "central": 0.8840426802635193,
                "low": 0.2553940253092945
            },
            "fracLight": {
                "high": 0.010341346670767018,
                "low": 0.010873857331406197
            },
            "fracBB": {
                "high": 0.014102633173981746,
                "low": 0.00821441791296154
            },
            "fracCC": {
                "high": 0.020029406455805945,
                "low": 0.00836281692769126
            },
            "pu": {
                "high": 0.003689249906917439,
                "low": 0.0022777801633959717
            }
        },
        "ptbin2": {
            "stats": {
                "high": 0.05689022572466795,
                "low": 0.037482638345866626
            },
            "QCDFlvCompos": {
                "high": 0.005768179930755398,
                "low": 0.0
            },
            "l1PreFiring": {
                "high": 0.0012848387515105892,
                "low": 0.0
            },
            "lumi_13TeV": {
                "high": 0.0013223913407028858,
                "low": 0.0
            },
            "extMutagVarRwgt": {
                "high": 0.04800000000000004,
                "low": 0.04800000000000004
            },
            "extMutagTau21Variation": {
                "high": 0.08499999999999996,
                "low": 0.08499999999999996
            },
            "jer": {
                "high": 0.007003147052946426,
                "low": 0.0062575816265780255
            },