{
    "tight": {
        "ptbin1": {
            "QCDFlvCompos": {
                "high": 0.00467238305141735,
                "low": 0.005318335487382239
            },
            "tau21_uncertainty_max": {
                "high": 0.07111260217025905,
                "low": 0.07111260217025905
            },
            "reweighting_uncertainty": {
                "high": 0.15815857171130654,
                "low": 0.15815857171130654
            },
            "jer": {
                "high": 0.0,
                "low": 0.001654705635335166
            },
            "jes": {
                "high": 0.0057639037465659826,
                "low": 0.0
            },
            "lumi_13TeV": {
                "high": 0.001527833349670075,
                "low": 0.0
            },
            "final": {
                "high": 0.19057000233331364,
                "central": 0.8726358413696289,
                "low": 0.18941326947149975
            },
            "fracLight": {
                "high": 0.00704053651293048,
                "low": 0.007613958545164147
            },
            "fracBB": {
                "high": 0.03801297286737148,
                "low": 0.029115072716978833
            },
            "fracCC": {
                "high": 0.01036708987776319,
                "low": 0.00864971923775963
            },
            "pu": {
                "high": 0.00610904439756151,
                "low": 0.006950520522645009
            },
            "l1PreFiring": {
                "high": 0.0,
                "low": 0.0
            },
            "psWeightIsr": {
                "high": 0.00701520834746444,
                "low": 0.008628346705426544
            },
            "psWeightFsr": {
                "high": 0.01562573167981552,
                "low": 0.017661170179072514
            },
            "stats": {
                "high": 0.06547446083013675,
                "low": 0.06607653466557828
            }
        },
        "ptbin2": {
            "QCDFlvCompos": {
                "high": 0.008306493234887103,
                "low": 0.01103188368946491
            },
            "tau21_uncertainty_max": {
                "high": 0.25107694935689806,
                "low": 0.25107694935689806
            },
            "reweighting_uncertainty": {
                "high": 0.01901594777837845,
                "low": 0.01901594777837845
            },
            "jer": {
                "high": 0.005690160897637982,
                "low": 0.003743300682698335
            },
            "jes": {
                "high": 0.015886800960178495,
                "low": 0.008249024600010688
            },
            "lumi_13TeV": {
                "high": 0.0017662856751043713,
                "low": 0.0014199102264881877
            },
            "final": {
                "high": 0.2666097713464456,
                "central": 0.8407039642333984,
                "low": 0.26480789027282187
            },
            "fracLight": {
                "high": 0.007013581955780208,
                "low": 0.006795258969118618
            },
            "fracBB": {
                "high": 0.04566386586289436,
                "low": 0.03584603064227566
            },
            "fracCC": {
                "high": 0.011658766294692367,
                "low": 0.009593134396850429
            },
            "pu": {
                "high": 0.008090745858110168,
                "low": 0.007850602810925943
            },
            "l1PreFiring": {
                "high": 0.000843168514325298,
                "low": 0.0007809464833312577
            },
            "psWeightIsr": {
                "high": 0.017974678581903283,
                "low": 0.020147541353567132
            },
            "psWeightFsr": {
                "high": 0.014598572545660634,
                "low": 0.016261908018618362
            },
            "stats": {
                "high": 0.06670801404107429,
                "low": 0.06603365862270405
            }
        },
        "ptbin3": {
            "QCDFlvCompos": {
                "high": 0.004038698656727532,
                "low": 0.002721071862220277
            },
            "tau21_uncertainty_max": {
                "high": 0.406877840171178,
                "low": 0.406877840171178
            },
            "reweighting_uncertainty": {
                "high": 0.05816504379688525,
                "low": 0.05816504379688525
            },
            "jer": {
                "high": 0.002568715780376284,
                "low": 0.0012751483541043667
            },
            "jes": {
                "high": 0.01121495379298976,
                "low": 0.004868118120306248
            },
            "lumi_13TeV": {
                "high": 0.004272916560617366,
                "low": 0.0039086005005837445
            },
            "final": {
                "high": 0.42608689038791386,
                "central": 0.7343655228614807,
                "low": 0.4240404169170499
            },
            "fracLight": {
                "high": 0.00757626887127842,
                "low": 0.00625531102145811
            },
            "fracBB": {
                "high": 0.049231984091515295,
                "low": 0.03484427405363005
            },
            "fracCC": {
                "high": 0.007886551438562745,
                "low": 0.004624986230458053
            },
            "pu": {
                "high": 0.009193103515160101,
                "low": 0.00567239226403582
            },
            "l1PreFiring": {
                "high": 0.0009585075497936963,
                "low": 0.0
            },
            "psWeightIsr": {
                "high": 0.01005605126348541,
                "low": 0.008088476831108058
            },
            "psWeightFsr": {
                "high": 0.029376865417969522,
                "low": 0.024548609932197728
            },
            "stats": {
                "high": 0.09411378510675117,
                "low": 0.09409959269065593
            }
        }
    },
    "medium": {
        "ptbin1": {
            "QCDFlvCompos": {
                "high": 0.0,
                "low": 0.0024392943740606386
            },
            "tau21_uncertainty_max": {
                "high": 0.0964353044518369,
                "low": 0.0964353044518369
            },
            "reweighting_uncertainty": {
                "high": 0.01947777629899483,
                "low": 0.01947777629899483
            },
            "jer": {
                "high": 0.0035381375765549017,
                "low": 0.004303163723605154
            },
            "jes": {
                "high": 0.001958458592802598,
                "low": 0.0005389007249322895
            },
            "lumi_13TeV": {
                "high": 0.002098820792567277,
                "low": 0.0017466217509661006
            },
            "final": {
                "high": 0.12375154106434778,
                "central": 0.9255077838897705,
                "low": 0.12176312158334367
            },
            "fracLight": {
                "high": 0.00944771019713885,
                "low": 0.009523182696030112
            },
            "fracBB": {
                "high": 0.03659006991334803,
                "low": 0.02700554159841827
            },
            "fracCC": {
                "high": 0.01397123248195661,
                "low": 0.011311744731579823
            },
            "pu": {
                "high": 0.013510998073701012,
                "low": 0.01297804946136223
            },
            "l1PreFiring": {
                "high": 0.00024400194483539795,
                "low": 0.0
            },
            "psWeightIsr": {
                "high": 0.01896738699352666,
                "low": 0.019468956133415278
            },
            "psWeightFsr": {
                "high": 0.013435935370809728,
                "low": 0.01627615168117597
            },