{
    "tight": {
        "ptbin1": {
            "stats": {
                "high": 0.03033563085865676,
                "low": 0.030690219066130786
            },
            "QCDFlvCompos": {
                "high": 0.005371832594896608,
                "low": 0.011440254276815894
            },
            "l1PreFiring": {
                "high": 0.0041685381207724375,
                "low": 0.003413961334478979
            },
            "lumi_13TeV": {
                "high": 0.0005053804874980891,
                "low": 0.0
            },
            "extMutagVarRwgt": {
                "high": 0.09599999999999997,
                "low": 0.09599999999999997
            },
            "extMutagTau21Variation": {
                "high": 0.18299999999999994,
                "low": 0.18299999999999994
            },
            "jer": {
                "high": 0.0007324297725773123,
                "low": 0.000267651822667471
            },
            "jes": {
                "high": 0.00042366518049316836,
                "low": 0.0006346545542054681
            },
            "final": {
                "high": 0.21039737960145136,
                "central": 0.8795358538627625,
                "low": 0.21385986723325554
            },
            "fracLight": {
                "high": 0.018910365294501803,
                "low": 0.0407507325503681
            },
            "fracBB": {
                "high": 0.010299280101750945,
                "low": 0.011794324672232978
            },
            "fracCC": {
                "high": 0.0045624281945989675,
                "low": 0.003930762292081718
            },
            "pu": {
                "high": 0.010493300522803894,
                "low": 0.011448220524102234
            }
        },
        "ptbin2": {
            "stats": {
                "high": 0.030416418155038483,
                "low": 0.02901504528502652
            },
            "QCDFlvCompos": {
                "high": 0.0,
                "low": 0.011199762727122657
            },
            "l1PreFiring": {
                "high": 0.019188406392249547,
                "low": 0.0
            },
            "lumi_13TeV": {
                "high": 0.0,
                "low": 0.0003997643624866946
            },
            "extMutagVarRwgt": {
                "high": 0.040000000000000036,
                "low": 0.040000000000000036
            },
            "extMutagTau21Variation": {
                "high": 0.18799999999999994,
                "low": 0.18799999999999994
            },
            "jer": {
                "high": 0.0,
                "low": 0.0017041244728496405
            },
            "jes": {
                "high": 0.002513625754820078,
                "low": 0.0
            },
            "final": {
                "high": 0.1974580958080908,
                "central": 0.8104169964790344,
                "low": 0.20169735115899257
            },
            "fracLight": {
                "high": 0.021444933729821977,
                "low": 0.04823848477001498
            },
            "fracBB": {
                "high": 0.024073327433442326,
                "low": 0.017030223223040226
            },
            "fracCC": {
                "high": 0.0,
                "low": 0.00857917619260143
            },
            "pu": {
                "high": 0.010254683059143444,
                "low": 0.009098265527820488
            }
        },
        "ptbin3": {
            "stats": {
                "high": 0.03667641893634144,
                "low": 0.03918305331495142
            },
            "QCDFlvCompos": {
                "high": 0.00984071926627383,
                "low": 0.0
            },
            "l1PreFiring": {
                "high": 0.005249120500358947,
                "low": 0.007629107736834996
            },
            "lumi_13TeV": {
                "high": 0.0,
                "low": 0.0001156027339530084
            },
            "extMutagVarRwgt": {
                "high": 0.08899999999999997,
                "low": 0.08899999999999997
            },
            "extMutagTau21Variation": {
                "high": 0.136,
                "low": 0.136
            },
            "jer": {
                "high": 0.0014992288875076449,
                "low": 0.0016465813571860486
            },
            "jes": {
                "high": 0.0025061605464041297,
                "low": 0.0009563892248466431
            },
            "final": {
                "high": 0.17165135281140187,
                "central": 0.8730519413948059,
                "low": 0.17810514337241604
            },
            "fracLight": {
                "high": 0.03212457614529162,
                "low": 0.05638052153560567
            },
            "fracBB": {
                "high": 0.01554813625128264,
                "low": 0.020167343079791972
            },
            "fracCC": {
                "high": 0.0,
                "low": 0.004960555792501545
            },
            "pu": {
                "high": 0.017291549172512424,
                "low": 0.010361649644559046
            }
        }
    },
    "medium": {
        "ptbin1": {
            "stats": {
                "high": 0.020142992145121608,
                "low": 0.01746225357055664
            },
            "QCDFlvCompos": {
                "high": 0.0,
                "low": 0.018484024354466114
            },
            "l1PreFiring": {
                "high": 0.002392681450950368,
                "low": 0.004602426952858512
            },
            "lumi_13TeV": {
                "high": 0.0002198034257908818,
                "low": 0.0
            },
            "extMutagVarRwgt": {
                "high": 0.09799999999999998,
                "low": 0.09799999999999998
            },
            "extMutagTau21Variation": {
                "high": 0.15899999999999992,
                "low": 0.15899999999999992
            },
            "jer": {
                "high": 0.0009623104875303916,
                "low": 0.0
            },
            "jes": {
                "high": 0.0003440012657426825,
                "low": 0.0
            },
            "final": {
                "high": 0.1900528198451082,
                "central": 0.8774667382240295,
                "low": 0.19350476994930108
            },
            "fracLight": {
                "high": 0.02438451721162612,
                "low": 0.03868296244380831
            },
            "fracBB": {
                "high": 0.011726576966742525,
                "low": 0.014151436817585752
            },
            "fracCC": {
                "high": 0.002480851216465552,
                "low": 0.0016568472327319617
            },
            "pu": {
                "high": 0.009369128975347895,
                "low": 0.013887841309037603
            }
        },
        "ptbin2": {
            "stats": {
                "high": 0.020446495341049253,
                "low": 0.020753110181107925
            },
            "QCDFlvCompos": {
                "high": 0.004405499019204379,
                "low": 0.00714478478489213
            },
            "l1PreFiring": {
                "high": 0.0009813427521105538,
                "low": 0.0023484830390867397
            },
            "lumi_13TeV": {
                "high": 9.50144241397709e-05,
                "low": 0.00015231520055811052
            },
            "extMutagVarRwgt": {
                "high": 0.05399999999999994,
                "low": 0.05399999999999994
            },
            "extMutagTau21Variation": {
                "high": 0.18499999999999994,
                "low": 0.18499999999999994
            },
            "jer": {
                "high": 0.003454875422679563,
                "low": 0.002620621055079868
            },
            "jes": {
                "high": 0.0005644642057379412,
                "low": 0.0008801804826235707
            },