{
    "tight": {
        "ptbin1": {
            "stats": {
                "high": 0.06146126386654771,
                "low": 0.06921528549008338
            },
            "QCDFlvCompos": {
                "high": 0.005229628431646012,
                "low": 0.014394665773277164
            },
            "l1PreFiring": {
                "high": 0.0005793533076176135,
                "low": 0.0005106110321319922
            },
            "lumi_13TeV": {
                "high": 0.0014040578386642615,
                "low": 0.00308408761030325
            },
            "extMutagVarRwgt": {
                "high": 0.1080000000000001,
                "low": 0.1080000000000001
            },
            "extMutagTau21Variation": {
                "high": 0.16000000000000014,
                "low": 0.16000000000000014
            },
            "jer": {
                "high": 0.0044726829086098804,
                "low": 0.0012453294398129184
            },
            "jes": {
                "high": 0.00742277039837144,
                "low": 0.002826322769116205
            },
            "final": {
                "high": 0.2059599887167636,
                "central": 0.96416836977005,
                "low": 0.20697423890990743
            },
            "fracLight": {
                "high": 0.006198867558408827,
                "low": 0.006758526843443101
            },
            "fracBB": {
                "high": 0.018903281831330027,
                "low": 0.008088183612873596
            },
            "fracCC": {
                "high": 0.02911289531878491,
                "low": 0.020277865991284078
            },
            "pu": {
                "high": 0.005472736454612698,
                "low": 0.005896940724193129
            }
        },
        "ptbin2": {
            "stats": {
                "high": 0.05967275540010353,
                "low": 0.05615407528730021
            },
            "QCDFlvCompos": {
                "high": 0.004620202397107936,
                "low": 0.00410938404152053
            },
            "l1PreFiring": {
                "high": 0.0,
                "low": 0.00017257488250826063
            },
            "lumi_13TeV": {
                "high": 0.0004453528030090215,
                "low": 0.0004536233168688169
            },
            "extMutagVarRwgt": {
                "high": 0.07100000000000006,
                "low": 0.07100000000000006
            },
            "extMutagTau21Variation": {
                "high": 0.06700000000000006,
                "low": 0.06700000000000006
            },
            "jer": {
                "high": 0.0006883867479851031,
                "low": 0.0008473972620967271
            },
            "jes": {
                "high": 0.0030059765722415645,
                "low": 0.0032788716789929873
            },
            "final": {
                "high": 0.11619939786232293,
                "central": 0.8130608797073364,
                "low": 0.1142017877050785
            },
            "fracLight": {
                "high": 0.0006131060879605284,
                "low": 0.0004946252391929318
            },
            "fracBB": {
                "high": 0.010227884575054575,
                "low": 0.009644081944279587
            },
            "fracCC": {
                "high": 0.01643794480924886,
                "low": 0.015270015681401338
            },
            "pu": {
                "high": 0.0022875210486713593,
                "low": 0.0019365224158413388
            }
        },
        "ptbin3": {
            "stats": {
                "high": 0.07673789953418808,
                "low": 0.07252919999670171
            },
            "QCDFlvCompos": {
                "high": 0.003753301451293978,
                "low": 0.0032303582771322876
            },
            "l1PreFiring": {
                "high": 0.0015140481232687874,
                "low": 0.0011138256008268394
            },
            "lumi_13TeV": {
                "high": 0.00016203028424217308,
                "low": 0.00010099120594963172
            },
            "extMutagVarRwgt": {
                "high": 0.03200000000000003,
                "low": 0.03200000000000003
            },
            "extMutagTau21Variation": {
                "high": 0.05700000000000005,
                "low": 0.05700000000000005
            },
            "jer": {
                "high": 0.0071020975844834095,
                "low": 0.006073826180399396
            },
            "jes": {
                "high": 0.000869279584586402,
                "low": 0.0016456531053782864
            },
            "final": {
                "high": 0.10524893171182033,
                "central": 0.7369117736816406,
                "low": 0.10050123871869858
            },
            "fracLight": {
                "high": 0.0032565306461797504,
                "low": 0.0033935591657719266
            },
            "fracBB": {
                "high": 0.017949983584054093,
                "low": 0.014644213111448175
            },
            "fracCC": {
                "high": 0.02153647108485534,
                "low": 0.01593714363520498
            },
            "pu": {
                "high": 0.007169700680053873,
                "low": 0.00598053536171266
            }
        }
    },
    "medium": {
        "ptbin1": {
            "stats": {
                "high": 0.037194615433596034,
                "low": 0.05584246419006933
            },
            "QCDFlvCompos": {
                "high": 0.003494340692999828,
                "low": 0.008672594208803123
            },
            "l1PreFiring": {
                "high": 0.00011070577645891651,
                "low": 0.0005788762242564724
            },
            "lumi_13TeV": {
                "high": 0.0005847160470456573,
                "low": 0.0025982713555924666
            },
            "extMutagVarRwgt": {
                "high": 0.09099999999999997,
                "low": 0.09099999999999997
            },
            "extMutagTau21Variation": {
                "high": 0.09499999999999997,
                "low": 0.09499999999999997
            },
            "jer": {
                "high": 0.0008648202327728018,
                "low": 0.0009737291809600579
            },
            "jes": {
                "high": 0.003955848205777754,
                "low": 0.0010623745824380323
            },
            "final": {
                "high": 0.14088007459499394,
                "central": 0.9601073861122131,
                "low": 0.14476509229324264
            },
            "fracLight": {
                "high": 0.005589185630894465,
                "low": 0.008948824390187996
            },
            "fracBB": {
                "high": 0.01699720267362409,
                "low": 0.009237908276908624
            },
            "fracCC": {
                "high": 0.028431960066415678,
                "low": 0.01681398954180275
            },
            "pu": {
                "high": 0.0005239638435257432,
                "low": 0.00020904051977541213
            }
        },
        "ptbin2": {
            "stats": {
                "high": 0.052992667061204646,
                "low": 0.03484032259557923
            },
            "QCDFlvCompos": {
                "high": 0.004577912063532072,
                "low": 0.0
            },
            "l1PreFiring": {
                "high": 0.001513623414721383,
                "low": 0.0
            },
            "lumi_13TeV": {
                "high": 0.00040663665118417374,
                "low": 0.0002263471619720868
            },
            "extMutagVarRwgt": {
                "high": 0.07200000000000006,
                "low": 0.07200000000000006
            },
            "extMutagTau21Variation": {
                "high": 0.029000000000000026,
                "low": 0.029000000000000026
            },