{
    "tight": {
        "ptbin1": {
            "stats": {
                "high": 0.15644418417554196,
                "low": 0.17455209240485914
            },
            "QCDFlvCompos": {
                "high": 0.005308973564472049,
                "low": 0.014653740267818233
            },
            "l1PreFiring": {
                "high": 0.0011550817430512987,
                "low": 0.0032431794583591637
            },
            "lumi_13TeV": {
                "high": 0.0006104685204839134,
                "low": 0.0
            },
            "extMutagVarRwgt": {
                "high": 0.0020000000000000018,
                "low": 0.0020000000000000018
            },
            "extMutagTau21Variation": {
                "high": 0.12,
                "low": 0.12
            },
            "jer": {
                "high": 0.017744505235215587,
                "low": 0.007531407431381832
            },
            "jes": {
                "high": 0.008492517746446614,
                "low": 0.010216729022142984
            },
            "final": {
                "high": 0.2040047293884673,
                "central": 0.7926720380783081,
                "low": 0.2162811096779745
            },
            "fracLight": {
                "high": 0.0418363948342618,
                "low": 0.036661718070722174
            },
            "fracBB": {
                "high": 0.013690603574930387,
                "low": 0.008695244726391755
            },
            "fracCC": {
                "high": 0.019630868549436412,
                "low": 0.008645129175450574
            },
            "pu": {
                "high": 0.0,
                "low": 0.004965865977325144
            }
        },
        "ptbin2": {
            "stats": {
                "high": 0.1478857643034781,
                "low": 0.15435296232342
            },
            "QCDFlvCompos": {
                "high": 0.01047524817000677,
                "low": 0.011426079779355433
            },
            "l1PreFiring": {
                "high": 0.0,
                "low": 0.0
            },
            "lumi_13TeV": {
                "high": 0.0,
                "low": 0.0011646850105115594
            },
            "extMutagVarRwgt": {
                "high": 0.10999999999999999,
                "low": 0.10999999999999999
            },
            "extMutagTau21Variation": {
                "high": 0.37399999999999994,
                "low": 0.37399999999999994
            },
            "jer": {
                "high": 0.0034702917773779744,
                "low": 0.0016991721723678649
            },
            "jes": {
                "high": 0.019146666653749516,
                "low": 0.016750811488410133
            },
            "final": {
                "high": 0.42076001781559097,
                "central": 0.709254801273346,
                "low": 0.420996438507689
            },
            "fracLight": {
                "high": 0.045594327783438755,
                "low": 0.026956500612619023
            },
            "fracBB": {
                "high": 0.0043806215843662805,
                "low": 0.0027002913477297756
            },
            "fracCC": {
                "high": 0.02417862175596969,
                "low": 0.01705353864021241
            },
            "pu": {
                "high": 0.004808221997583456,
                "low": 0.0019803507350529773
            }
        },
        "ptbin3": {
            "stats": {
                "high": 0.29259823851295463,
                "low": 0.22668537836579705
            },
            "QCDFlvCompos": {
                "high": 0.0,
                "low": 0.012609025404414671
            },
            "l1PreFiring": {
                "high": 0.0017154342746891326,
                "low": 0.0
            },
            "lumi_13TeV": {
                "high": 0.0006581021988803638,
                "low": 0.0009546228803518328
            },
            "extMutagVarRwgt": {
                "high": 0.11399999999999999,
                "low": 0.11399999999999999
            },
            "extMutagTau21Variation": {
                "high": 0.271,
                "low": 0.271
            },
            "jer": {
                "high": 0.0,
                "low": 0.003916912218314095
            },
            "jes": {
                "high": 0.01415241863592242,
                "low": 0.012739338729833188
            },
            "final": {
                "high": 0.4188282903946965,
                "central": 0.7724112868309021,
                "low": 0.37273808290314364
            },
            "fracLight": {
                "high": 0.05250135774608947,
                "low": 0.01676357297758687
            },
            "fracBB": {
                "high": 0.01768280691867082,
                "low": 0.021789006020806086
            },
            "fracCC": {
                "high": 0.010590446641207521,
                "low": 0.0
            },
            "pu": {
                "high": 0.0024913901309257477,
                "low": 0.004891849293887858
            }
        }
    },
    "medium": {
        "ptbin1": {
            "stats": {
                "high": 0.08994747629697564,
                "low": 0.0829599518047962
            },
            "QCDFlvCompos": {
                "high": 0.017109327479108268,
                "low": 0.01685757736139602
            },
            "l1PreFiring": {
                "high": 0.0020803644643505137,
                "low": 0.014102898609029151
            },
            "lumi_13TeV": {
                "high": 0.0001305775080829324,
                "low": 0.00037091924229732363
            },
            "extMutagVarRwgt": {
                "high": 0.06099999999999994,
                "low": 0.06099999999999994
            },
            "extMutagTau21Variation": {
                "high": 0.21299999999999997,
                "low": 0.21299999999999997
            },
            "jer": {
                "high": 0.002159610779189981,
                "low": 0.0034733166986327295
            },
            "jes": {
                "high": 0.008447645652777315,
                "low": 0.01183278718847778
            },
            "final": {
                "high": 0.24721121734372473,
                "central": 0.8952068090438843,
                "low": 0.24377408255943855
            },
            "fracLight": {
                "high": 0.05239810853922135,
                "low": 0.051296027903654916
            },
            "fracBB": {
                "high": 0.00566260237725657,
                "low": 0.0037397915574361538
            },
            "fracCC": {
                "high": 0.02730539707869362,
                "low": 0.012082275105284163
            },
            "pu": {
                "high": 0.00604361193370902,
                "low": 0.005187851833212699
            }
        },
        "ptbin2": {
            "stats": {
                "high": 0.11971980412855632,
                "low": 0.10267650903987979
            },
            "QCDFlvCompos": {
                "high": 0.023082230703819196,
                "low": 0.012320086198954552
            },
            "l1PreFiring": {
                "high": 0.0,
                "low": 0.0009306934334301335
            },
            "lumi_13TeV": {
                "high": 0.0011796439073569523,
                "low": 0.0
            },
            "extMutagVarRwgt": {
                "high": 0.06500000000000006,
                "low": 0.06500000000000006
            },
            "extMutagTau21Variation": {
                "high": 0.19900000000000007,
                "low": 0.19900000000000007
            },
            "jer": {
                "high": 0.0020509653265516825,
                "low": 0.002683541484453363
            },
            "jes": {
                "high": 0.020274245315504424,
                "low": 0.016278230746640164
            },