{
    "tight": {},
    "medium": {
        "ptbin1": {
            "stats": {
                "high": 0.4966375459280379,
                "low": 0.435451839773997
            },
            "QCDFlvCompos": {
                "high": 0.14336142104897337,
                "low": 0.043246774727031506
            },
            "l1PreFiring": {
                "high": 0.0,
                "low": 0.0
            },
            "lumi_13TeV": {
                "high": 0.018403505189987825,
                "low": 0.030197990889746007
            },
            "extMutagVarRwgt": {
                "high": 0.0,
                "low": 0.0
            },
            "extMutagTau21Variation": {
                "high": 0.0,
                "low": 0.0
            },
            "jer": {
                "high": 0.0,
                "low": 0.007016487946206566
            },
            "jes": {
                "high": 0.03720752196928839,
                "low": 0.0
            },
            "final": {
                "high": 0.5244469139980441,
                "central": 0.6371651887893677,
                "low": 0.45163576014680173
            },
            "fracLight": {
                "high": 0.1129137111410505,
                "low": 0.04149117343642181
            },
            "fracBB": {
                "high": 0.0,
                "low": 0.07138168438109459
            },
            "fracCC": {
                "high": 0.023819987839232375,
                "low": 0.06848618721665378
            },
            "pu": {
                "high": 0.0,
                "low": 0.004433982877066054
            }
        },
        "ptbin2": {
            "stats": {
                "high": 0.5972039477820612,
                "low": 0.5183368735015392
            },
            "QCDFlvCompos": {
                "high": 0.056170484201584304,
                "low": 0.003914624986570075
            },
            "l1PreFiring": {
                "high": 0.0,
                "low": 0.0
            },
            "lumi_13TeV": {
                "high": 0.01267508658340329,
                "low": 0.0
            },
            "extMutagVarRwgt": {
                "high": 0.0,
                "low": 0.0
            },
            "extMutagTau21Variation": {
                "high": 0.0,
                "low": 0.0
            },
            "jer": {
                "high": 0.11394473645064129,
                "low": 0.0002485771415619051
            },
            "jes": {
                "high": 0.05088635844021349,
                "low": 0.0
            },
            "final": {
                "high": 0.6382874453053351,
                "central": 0.5383519530296326,
                "low": 0.5183519534766674
            },
            "fracLight": {
                "high": 0.14834792902651392,
                "low": 0.0
            },
            "fracBB": {
                "high": 0.07828389372294045,
                "low": 0.0
            },
            "fracCC": {
                "high": 0.06065479628076936,
                "low": 0.0002485771558541025
            },
            "pu": {
                "high": 0.007431127622453341,
                "low": 0.00043054818927583253
            }
        },
        "ptbin3": {
            "stats": {
                "high": 0.2459660768508911,
                "low": 0.4454167099241533
            },
            "QCDFlvCompos": {
                "high": 0.0,
                "low": 0.04449813773133461
            },
            "l1PreFiring": {
                "high": 0.0,
                "low": 0.0
            },
            "lumi_13TeV": {
                "high": 0.0009686535803776343,
                "low": 0.0013364505820754075
            },
            "extMutagVarRwgt": {
                "high": 0.0,
                "low": 0.0
            },
            "extMutagTau21Variation": {
                "high": 0.0,
                "low": 0.0
            },
            "jer": {
                "high": 0.0004194605974526438,
                "low": 0.0
            },
            "jes": {
                "high": 0.003407631019082869,
                "low": 0.017593036191651104
            },
            "final": {
                "high": 0.24550843238830566,
                "central": 1.7344915866851807,
                "low": 0.5905226581360115
            },
            "fracLight": {
                "high": 0.0030347313336842713,
                "low": 0.11806057224185038
            },
            "fracBB": {
                "high": 0.0,
                "low": 0.06736152706544
            },
            "fracCC": {
                "high": 0.004788836078166092,
                "low": 0.010371386592866905
            },
            "pu": {
                "high": 0.00034247150456362207,
                "low": 0.3597992364449812
            }
        }
    },
    "loose": {
        "ptbin1": {
            "stats": {
                "high": 0.3356425564859271,
                "low": 0.271213438056746
            },
            "QCDFlvCompos": {
                "high": 0.07719261775234995,
                "low": 0.00914962402497833
            },
            "l1PreFiring": {
                "high": 0.0,
                "low": 0.0
            },
            "lumi_13TeV": {
                "high": 0.018008191825636392,
                "low": 0.01692145551030284
            },
            "extMutagVarRwgt": {
                "high": 0.0,
                "low": 0.0
            },
            "extMutagTau21Variation": {
                "high": 0.0,
                "low": 0.0
            },
            "jer": {
                "high": 0.013016510506532335,
                "low": 0.003794276183570137
            },
            "jes": {
                "high": 0.03957148655684343,
                "low": 0.02356419606398007
            },
            "final": {
                "high": 0.3706348334184537,
                "central": 0.9734326004981995,
                "low": 0.29409172334299194
            },
            "fracLight": {
                "high": 0.08640943919723618,
                "low": 0.07132980762218318
            },
            "fracBB": {
                "high": 0.08145432142707412,
                "low": 0.05677836511448568
            },
            "fracCC": {
                "high": 0.03856356847163205,
                "low": 0.06042337981290346
            },
            "pu": {
                "high": 0.03327732323293909,
                "low": 0.0055483881868086905
            }
        },
        "ptbin2": {
            "stats": {
                "high": 0.3111663672924614,
                "low": 0.2741817430925955
            },
            "QCDFlvCompos": {
                "high": 0.06381162005012525,
                "low": 0.01804178692426528
            },
            "l1PreFiring": {
                "high": 0.0,
                "low": 0.0
            },
            "lumi_13TeV": {
                "high": 0.011115474148646722,
                "low": 0.010669548489572602
            },
            "extMutagVarRwgt": {
                "high": 0.0,
                "low": 0.0
            },
            "extMutagTau21Variation": {
                "high": 0.0,
                "low": 0.0
            },
            "jer": {
                "high": 0.016753672367464747,
                "low": 0.011075913034146786
            },
            "jes": {
                "high": 0.03581366097413773,
                "low": 0.02049709588548528
            },
            "final": {
                "high": 0.3427915681040007,
                "central": 0.5839245319366455,
                "low": 0.3025067025821024
            },
            "fracLight": {
                "high": 0.09805097373568053,
                "low": 0.03988374377293867
            },
            "fracBB": {
                "high": 0.04944456418106015,
                "low": 0.06534751065289529
            },