{
    "tight": {
        "ptbin1": {
            "stats": {
                "high": 0.07678001000741708,
                "low": 0.07514311319193134
            },
            "QCDFlvCompos": {
                "high": 0.01378328732114636,
                "low": 0.004593334768439337
            },
            "l1PreFiring": {
                "high": 0.0006182333323803217,
                "low": 0.002692688703333707
            },
            "lumi_13TeV": {
                "high": 0.0004899976509308732,
                "low": 0.0
            },
            "extMutagVarRwgt": {
                "high": 0.08100000000000007,
                "low": 0.08100000000000007
            },
            "extMutagTau21Variation": {
                "high": 0.15100000000000002,
                "low": 0.15100000000000002
            },
            "jer": {
                "high": 0.023065463762587345,
                "low": 0.016118169989526206
            },
            "jes": {
                "high": 0.0043411694998404405,
                "low": 0.0007686428755267462
            },
            "final": {
                "high": 0.19190747160665397,
                "central": 0.7287395000457764,
                "low": 0.19186185315589832
            },
            "fracLight": {
                "high": 0.019537332084539366,
                "low": 0.0
            },
            "fracBB": {
                "high": 0.008380966180617417,
                "low": 0.014746126831076142
            },
            "fracCC": {
                "high": 0.017178991704093906,
                "low": 0.02417964068972777
            },
            "pu": {
                "high": 0.009098315003891563,
                "low": 0.026708917216812237
            }
        },
        "ptbin2": {
            "stats": {
                "high": 0.0766147664039748,
                "low": 0.0755047439868397
            },
            "QCDFlvCompos": {
                "high": 0.0028992396452761893,
                "low": 0.00906089981557518
            },
            "l1PreFiring": {
                "high": 0.0,
                "low": 0.0018716096286995796
            },
            "lumi_13TeV": {
                "high": 0.0,
                "low": 0.0008569934619804109
            },
            "extMutagVarRwgt": {
                "high": 0.06599999999999995,
                "low": 0.06599999999999995
            },
            "extMutagTau21Variation": {
                "high": 0.12100000000000005,
                "low": 0.12100000000000005
            },
            "jer": {
                "high": 0.0025303312227384148,
                "low": 0.0023806848275797414
            },
            "jes": {
                "high": 0.004131637302654487,
                "low": 0.004149175817529466
            },
            "final": {
                "high": 0.1618312986806358,
                "central": 0.6195764541625977,
                "low": 0.16400824724509833
            },
            "fracLight": {
                "high": 0.0,
                "low": 0.025695587749042036
            },
            "fracBB": {
                "high": 0.01966290282309546,
                "low": 0.020016908924727142
            },
            "fracCC": {
                "high": 0.02496799978761815,
                "low": 0.02825481812905463
            },
            "pu": {
                "high": 0.01836093426776493,
                "low": 0.0152395404667773
            }
        },
        "ptbin3": {
            "stats": {
                "high": 0.11251194215297955,
                "low": 0.1284601011557629
            },
            "QCDFlvCompos": {
                "high": 0.006047130503359697,
                "low": 0.0
            },
            "l1PreFiring": {
                "high": 0.0,
                "low": 0.034672138687994694
            },
            "lumi_13TeV": {
                "high": 0.0005019004146320096,
                "low": 0.0005957468775116561
            },
            "extMutagVarRwgt": {
                "high": 0.07199999999999995,
                "low": 0.07199999999999995
            },
            "extMutagTau21Variation": {
                "high": 0.06699999999999995,
                "low": 0.06699999999999995
            },
            "jer": {
                "high": 0.0065587743421973155,
                "low": 0.015473059684823183
            },
            "jes": {
                "high": 0.0,
                "low": 0.01053281471282461
            },
            "final": {
                "high": 0.15743945586814154,
                "central": 0.7229301929473877,
                "low": 0.1808380309471244
            },
            "fracLight": {
                "high": 0.01841821682234799,
                "low": 0.013169433157532925
            },
            "fracBB": {
                "high": 0.01743402505455353,
                "low": 0.05100995839314786
            },
            "fracCC": {
                "high": 0.03747865664697103,
                "low": 0.045285753580310284
            },
            "pu": {
                "high": 0.018155462360060055,
                "low": 0.012797699300193262
            }
        }
    },
    "medium": {
        "ptbin1": {
            "stats": {
                "high": 0.048909718327717844,
                "low": 0.048013921892394285
            },
            "QCDFlvCompos": {
                "high": 0.0014971671313602905,
                "low": 0.004203896077237798
            },
            "l1PreFiring": {
                "high": 0.0,
                "low": 0.0020868695882610344
            },
            "lumi_13TeV": {
                "high": 0.0009364177254627543,
                "low": 0.0009259171286542251
            },
            "extMutagVarRwgt": {
                "high": 0.0050000000000000044,
                "low": 0.0050000000000000044
            },
            "extMutagTau21Variation": {
                "high": 0.09899999999999998,
                "low": 0.09899999999999998
            },
            "jer": {
                "high": 0.003083697999738032,
                "low": 0.0037511679555347495
            },
            "jes": {
                "high": 0.0013733629622725483,
                "low": 0.0005753144349253294
            },
            "final": {
                "high": 0.12263124840898858,
                "central": 0.7508948445320129,
                "low": 0.12293919527890527
            },
            "fracLight": {
                "high": 0.006106915216776914,
                "low": 0.02611356078499378
            },
            "fracBB": {
                "high": 0.020738184402013856,
                "low": 0.017907012358059544
            },
            "fracCC": {
                "high": 0.04354408333394187,
                "low": 0.04006879772630447
            },
            "pu": {
                "high": 0.021048704577720966,
                "low": 0.018366654662068493
            }
        },
        "ptbin2": {
            "stats": {
                "high": 0.05854508995755747,
                "low": 0.057901345097089996
            },
            "QCDFlvCompos": {
                "high": 0.013571911949629154,
                "low": 0.003012116356593102
            },
            "l1PreFiring": {
                "high": 0.014471896474794554,
                "low": 0.001651468518238754
            },
            "lumi_13TeV": {
                "high": 0.0006966497587750773,
                "low": 0.0007088121398561817
            },
            "extMutagVarRwgt": {
                "high": 0.013000000000000012,
                "low": 0.013000000000000012
            },
            "extMutagTau21Variation": {
                "high": 0.126,
                "low": 0.126
            },
            "jer": {
                "high": 0.004853972805325096,
                "low": 0.005302228614485693
            },
            "jes": {
                "high": 0.0042149493646240245,