{
    "tight": {},
    "medium": {
        "ptbin1": {
            "stats": {
                "high": 0.5639530073624184,
                "low": 0.5331314246858843
            },
            "QCDFlvCompos": {
                "high": 0.08428695823200512,
                "low": 0.050703732216053975
            },
            "l1PreFiring": {
                "high": 0.01362531960103599,
                "low": 0.013006864292505983
            },
            "lumi_13TeV": {
                "high": 0.00859638944242274,
                "low": 0.011712264546591855
            },
            "extMutagVarRwgt": {
                "high": 0.0,
                "low": 0.0
            },
            "extMutagTau21Variation": {
                "high": 0.0,
                "low": 0.0
            },
            "jer": {
                "high": 0.023876987594998497,
                "low": 0.06796863549812336
            },
            "jes": {
                "high": 0.03467824770282007,
                "low": 0.007608570860545054
            },
            "final": {
                "high": 0.5985960748166022,
                "central": 0.9228461384773254,
                "low": 0.5485430561001343
            },
            "fracLight": {
                "high": 0.16966773911620328,
                "low": 0.06947967341227988
            },
            "fracBB": {
                "high": 0.026476144952649005,
                "low": 0.029075450713633124
            },
            "fracCC": {
                "high": 0.034153063018508165,
                "low": 0.05469957375809775
            },
            "pu": {
                "high": 0.02198127923469279,
                "low": 0.02122894968885228
            }
        },
        "ptbin2": {
            "stats": {
                "high": 0.9245584409856857,
                "low": 0.7167550025200976
            },
            "QCDFlvCompos": {
                "high": 0.0,
                "low": 0.0
            },
            "l1PreFiring": {
                "high": 0.0,
                "low": 0.007403888649756155
            },
            "lumi_13TeV": {
                "high": 0.01898709328433138,
                "low": 0.00830803184316194
            },
            "extMutagVarRwgt": {
                "high": 0.0,
                "low": 0.0
            },
            "extMutagTau21Variation": {
                "high": 0.0,
                "low": 0.0
            },
            "jer": {
                "high": 0.22510949183303597,
                "low": 0.12232980423740139
            },
            "jes": {
                "high": 0.26732414288080353,
                "low": 0.18804978451454987
            },
            "final": {
                "high": 1.0147200226783752,
                "central": 0.9652799963951111,
                "low": 0.7777696047509741
            },
            "fracLight": {
                "high": 0.13507767834475748,
                "low": 0.05652261475089941
            },
            "fracBB": {
                "high": 0.08261335170991425,
                "low": 0.19745264006015573
            },
            "fracCC": {
                "high": 0.09982111599554756,
                "low": 0.07067486867579277
            },
            "pu": {
                "high": 0.1330960526990437,
                "low": 0.03289653763310839
            }
        },
        "ptbin3": {
            "stats": {
                "high": 0.5815229415893555,
                "low": 0.7404205457534193
            },
            "QCDFlvCompos": {
                "high": 0.0,
                "low": 0.04056013710132966
            },
            "l1PreFiring": {
                "high": 0.0,
                "low": 0.00418582781202901
            },
            "lumi_13TeV": {
                "high": 0.0,
                "low": 0.00025909057338787447
            },
            "extMutagVarRwgt": {
                "high": 0.0,
                "low": 0.0
            },
            "extMutagTau21Variation": {
                "high": 0.0,
                "low": 0.0
            },
            "jer": {
                "high": 0.0,
                "low": 0.0
            },
            "jes": {
                "high": 0.0,
                "low": 0.052160622075680375
            },
            "final": {
                "high": 0.5813198972690259,
                "central": 1.3984614610671997,
                "low": 0.7494717591507238
            },
            "fracLight": {
                "high": 0.0,
                "low": 0.07029132009487511
            },
            "fracBB": {
                "high": 0.0,
                "low": 0.014443687076844005
            },
            "fracCC": {
                "high": 0.0,
                "low": 0.059542214610621765
            },
            "pu": {
                "high": 0.0,
                "low": 0.020215836353148126
            }
        }
    },
    "loose": {
        "ptbin1": {
            "stats": {
                "high": 0.3954267843305106,
                "low": 0.3807635722615881
            },
            "QCDFlvCompos": {
                "high": 0.1010408278446362,
                "low": 0.08199007646247795
            },
            "l1PreFiring": {
                "high": 0.0015535704144470984,
                "low": 0.003709388146501496
            },
            "lumi_13TeV": {
                "high": 0.0012501571811097379,
                "low": 0.0032944571370758144
            },
            "extMutagVarRwgt": {
                "high": 0.0,
                "low": 0.0
            },
            "extMutagTau21Variation": {
                "high": 0.0,
                "low": 0.0
            },
            "jer": {
                "high": 0.021722876777335854,
                "low": 0.03581657031058267
            },
            "jes": {
                "high": 0.04625078556663411,
                "low": 0.03968567349420452
            },
            "final": {
                "high": 0.4790568142349432,
                "central": 1.4369386434555054,
                "low": 0.427958305306366
            },
            "fracLight": {
                "high": 0.2365069782528362,
                "low": 0.1428854888136805
            },
            "fracBB": {
                "high": 0.058272704434691215,
                "low": 0.06805650681211502
            },
            "fracCC": {
                "high": 0.005288396853679168,
                "low": 0.05012972812978884
            },
            "pu": {
                "high": 0.030815898602972267,
                "low": 0.031649761576650476
            }
        },
        "ptbin2": {
            "stats": {
                "high": 0.5310071071462346,
                "low": 0.39952001526711095
            },
            "QCDFlvCompos": {
                "high": 0.08336490097450633,
                "low": 0.024027024611383837
            },
            "l1PreFiring": {
                "high": 0.007764210547047173,
                "low": 0.0038103910763326904
            },
            "lumi_13TeV": {
                "high": 0.007579145118748758,
                "low": 0.006368498628147111
            },
            "extMutagVarRwgt": {
                "high": 0.0,
                "low": 0.0
            },
            "extMutagTau21Variation": {
                "high": 0.0,
                "low": 0.0
            },
            "jer": {
                "high": 0.02584779515828009,
                "low": 0.01319579415242405
            },
            "jes": {
                "high": 0.07886782735224691,
                "low": 0.06921976013810834
            },
            "final": {
                "high": 0.5776554183757077,
                "central": 0.6220026016235352,
                "low": 0.4374757215104844
            },
            "fracLight": {
                "high": 0.1607226073100975,
                "low": 0.06410322470078811
            },