{
    "tight": {
        "ptbin1": {
            "QCDFlvCompos": {
                "high": 0.00305462033282923,
                "low": 0.0269422645294848
            },
            "tau21_uncertainty_max": {
                "high": 0.2963114528871304,
                "low": 0.2963114528871304
            },
            "reweighting_uncertainty": {
                "high": 0.24330697020092906,
                "low": 0.24330697020092906
            },
            "jer": {
                "high": 0.018221535634379695,
                "low": 0.01643018875786533
            },
            "jes": {
                "high": 0.0012419877034941101,
                "low": 0.0015652419166997968
            },
            "lumi_13TeV": {
                "high": 0.0006269049031791359,
                "low": 0.0014777346285246875
            },
            "final": {
                "high": 0.43249585457984646,
                "central": 0.4511609971523285,
                "low": 0.4302767520383793
            },
            "fracLight": {
                "high": 0.04387681406310798,
                "low": 0.0338457082217286
            },
            "fracBB": {
                "high": 0.015091769375286102,
                "low": 0.04190731668427119
            },
            "fracCC": {
                "high": 0.012801756963989677,
                "low": 0.029766226512918215
            },
            "pu": {
                "high": 0.013975348383996278,
                "low": 0.011131319060617534
            },
            "l1PreFiring": {
                "high": 0.010686408379764681,
                "low": 0.012749461785953604
            },
            "psWeightIsr": {
                "high": 0.10516773430278205,
                "low": 0.08122510247601748
            },
            "psWeightFsr": {
                "high": 0.07907685420951426,
                "low": 0.05803413612522851
            },
            "stats": {
                "high": 0.14060897043116027,
                "low": 0.1519840038173318
            }
        },
        "ptbin2": {
            "QCDFlvCompos": {
                "high": 0.021367015308036228,
                "low": 0.032701969552574914
            },
            "tau21_uncertainty_max": {
                "high": 0.24659200402811104,
                "low": 0.24659200402811104
            },
            "reweighting_uncertainty": {
                "high": 0.04809146492713262,
                "low": 0.04809146492713262
            },
            "jer": {
                "high": 0.00489690130464514,
                "low": 0.0017614796963928776
            },
            "jes": {
                "high": 0.006141351382270034,
                "low": 0.0054436611514129905
            },
            "lumi_13TeV": {
                "high": 0.0,
                "low": 0.0012748431238321515
            },
            "final": {
                "high": 0.2761632533484502,
                "central": 0.39242619276046753,
                "low": 0.27655472735386505
            },
            "fracLight": {
                "high": 0.0360017986247444,
                "low": 0.024385738368039738
            },
            "fracBB": {
                "high": 0.014503316796124736,
                "low": 0.002480288867698564
            },
            "fracCC": {
                "high": 0.007981357238983341,
                "low": 0.0006757333682368424
            },
            "pu": {
                "high": 0.005255776376439821,
                "low": 0.003317293102697189
            },
            "l1PreFiring": {
                "high": 0.0,
                "low": 0.006070148874961396
            },
            "psWeightIsr": {
                "high": 0.0319827344926487,
                "low": 0.038192748535052744
            },
            "psWeightFsr": {
                "high": 0.00903719959484246,
                "low": 0.011353934150886934
            },
            "stats": {
                "high": 0.09979924325718059,
                "low": 0.10010799064414605
            }
        },
        "ptbin3": {
            "QCDFlvCompos": {
                "high": 0.0037464060045603784,
                "low": 0.0031074777751256455
            },
            "tau21_uncertainty_max": {
                "high": 0.0780018593113877,
                "low": 0.0780018593113877
            },
            "reweighting_uncertainty": {
                "high": 0.11846253383183225,
                "low": 0.11846253383183225
            },
            "jer": {
                "high": 0.0020629625519775663,
                "low": 0.001960412662539708
            },
            "jes": {
                "high": 0.004667072202815034,
                "low": 0.004841411656122618
            },
            "lumi_13TeV": {
                "high": 0.00789668875671289,
                "low": 0.007429226342398317
            },
            "final": {
                "high": 0.15554049342552284,
                "central": 0.5688518285751343,
                "low": 0.15214730367852053
            },
            "fracLight": {
                "high": 0.035324574843633674,
                "low": 0.028031968799403933
            },
            "fracBB": {
                "high": 0.024934812964170102,
                "low": 0.016668038544231687
            },
            "fracCC": {
                "high": 0.016984322891721505,
                "low": 0.013901301776921744
            },
            "pu": {
                "high": 0.005889997830822199,
                "low": 0.0044883966525866865
            },
            "l1PreFiring": {
                "high": 0.000680543664404466,
                "low": 0.0005882620694560364
            },
            "psWeightIsr": {
                "high": 0.012790356865678238,
                "low": 0.011485505432940456
            },
            "psWeightFsr": {
                "high": 0.008531276730483608,
                "low": 0.008464903067111871
            },
            "stats": {
                "high": 0.0392833762982947,
                "low": 0.03818486063110149
            }
        }
    },
    "medium": {
        "ptbin1": {
            "QCDFlvCompos": {
                "high": 0.003079064281255705,
                "low": 0.009213474125892178
            },
            "tau21_uncertainty_max": {
                "high": 0.12010374831847193,
                "low": 0.12010374831847193
            },
            "reweighting_uncertainty": {
                "high": 0.10351356345816853,
                "low": 0.10351356345816853
            },
            "jer": {
                "high": 0.010085290967274603,
                "low": 0.003727554498077106
            },
            "jes": {
                "high": 0.016357839611291093,
                "low": 0.014930596140702447
            },
            "lumi_13TeV": {
                "high": 0.0,
                "low": 0.00036212461160943884
            },
            "final": {
                "high": 0.1756248231283113,
                "central": 0.5296438932418823,
                "low": 0.17473807873133554
            },
            "fracLight": {
                "high": 0.032060817331005034,
                "low": 0.02570159785876384
            },
            "fracBB": {
                "high": 0.003076092403800737,
                "low": 0.009886867798083824
            },
            "fracCC": {
                "high": 0.004735990127391591,
                "low": 0.007756019057918074
            },
            "pu": {
                "high": 0.005103667819213837,
                "low": 0.004055099928862107
            },
            "l1PreFiring": {
                "high": 0.002062092606822951,
                "low": 0.0022945944745732657
            },
            "psWeightIsr": {
                "high": 0.013719766324163557,
                "low": 0.0155058138217765
            },
            "psWeightFsr": {
                "high": 0.007119233228900199,