{
    "tight": {
        "ptbin1": {
            "QCDFlvCompos": {
                "high": 0.009550217473681535,
                "low": 0.013103347284117607
            },
            "tau21_uncertainty_max": {
                "high": 0.3054508546722583,
                "low": 0.3054508546722583
            },
            "reweighting_uncertainty": {
                "high": 0.12135780522470307,
                "low": 0.12135780522470307
            },
            "jer": {
                "high": 0.01813626016550704,
                "low": 0.01845484743044598
            },
            "jes": {
                "high": 0.03684826050019382,
                "low": 0.024722545359211492
            },
            "lumi_13TeV": {
                "high": 0.001509006283310639,
                "low": 0.0006603198060510916
            },
            "final": {
                "high": 0.36493003405841284,
                "central": 0.5906422138214111,
                "low": 0.3584145828633654
            },
            "fracLight": {
                "high": 0.0574089068570533,
                "low": 0.039551936387301194
            },
            "fracBB": {
                "high": 0.017828793509501825,
                "low": 0.0025962059158370038
            },
            "fracCC": {
                "high": 0.010065721152343676,
                "low": 0.004023439034024294
            },
            "pu": {
                "high": 0.02182612894004742,
                "low": 0.02417016367980431
            },
            "l1PreFiring": {
                "high": 0.0020230184982512976,
                "low": 0.001721173162810583
            },
            "psWeightIsr": {
                "high": 0.026008719148776307,
                "low": 0.02895283096251795
            },
            "psWeightFsr": {
                "high": 0.03013442746418746,
                "low": 0.015217659689048564
            },
            "stats": {
                "high": 0.13261149782321435,
                "low": 0.12674725034418954
            }
        },
        "ptbin2": {
            "QCDFlvCompos": {
                "high": 0.02084560082576898,
                "low": 0.0017796089274632254
            },
            "tau21_uncertainty_max": {
                "high": 0.19032669155103787,
                "low": 0.19032669155103787
            },
            "reweighting_uncertainty": {
                "high": 0.07828322769503027,
                "low": 0.07828322769503027
            },
            "jer": {
                "high": 0.01358319949345291,
                "low": 0.011874628540475255
            },
            "jes": {
                "high": 0.015579163074540145,
                "low": 0.0
            },
            "lumi_13TeV": {
                "high": 0.0,
                "low": 0.0011235427472156487
            },
            "final": {
                "high": 0.3040063744968032,
                "central": 0.7086296081542969,
                "low": 0.2798683760603682
            },
            "fracLight": {
                "high": 0.08874166956453072,
                "low": 0.056708561792826996
            },
            "fracBB": {
                "high": 0.03581334387883506,
                "low": 0.009473849906292063
            },
            "fracCC": {
                "high": 0.014399890346068301,
                "low": 0.005317548452598406
            },
            "pu": {
                "high": 0.026288467775495875,
                "low": 0.013158099405914453
            },
            "l1PreFiring": {
                "high": 0.005550561275064142,
                "low": 0.0036168240366948293
            },
            "psWeightIsr": {
                "high": 0.0263896286437342,
                "low": 0.0024140201642186003
            },
            "psWeightFsr": {
                "high": 0.06815391739605328,
                "low": 0.04465344235700514
            },
            "stats": {
                "high": 0.18378632503883252,
                "low": 0.1741019367922293
            }
        },
        "ptbin3": {
            "QCDFlvCompos": {
                "high": 0.0081169866166938,
                "low": 0.0065243665861483445
            },
            "tau21_uncertainty_max": {
                "high": 0.03753713705121109,
                "low": 0.03753713705121109
            },
            "reweighting_uncertainty": {
                "high": 0.008874388686289092,
                "low": 0.008874388686289092
            },
            "jer": {
                "high": 0.007586790513272611,
                "low": 0.0
            },
            "jes": {
                "high": 0.10727810275029277,
                "low": 0.016683042425294746
            },
            "lumi_13TeV": {
                "high": 0.011851966573009928,
                "low": 0.01093977246552453
            },
            "final": {
                "high": 0.18299523008528495,
                "central": 0.9478604793548584,
                "low": 0.12262100794054683
            },
            "fracLight": {
                "high": 0.09738125654564118,
                "low": 0.0711867630335625
            },
            "fracBB": {
                "high": 0.046080954844840843,
                "low": 0.027420388669337464
            },
            "fracCC": {
                "high": 0.040462771513865604,
                "low": 0.03564410040483438
            },
            "pu": {
                "high": 0.003149302163026739,
                "low": 0.002411904936194716
            },
            "l1PreFiring": {
                "high": 0.0,
                "low": 0.0016357997586693698
            },
            "psWeightIsr": {
                "high": 0.0023410191049636755,
                "low": 0.008765749621399564
            },
            "psWeightFsr": {
                "high": 0.03214761396166376,
                "low": 0.02044117066965543
            },
            "stats": {
                "high": 0.07706619864694586,
                "low": 0.07425961298995276
            }
        }
    },
    "medium": {
        "ptbin1": {
            "QCDFlvCompos": {
                "high": 0.0014756792449265776,
                "low": 0.0015476969188769542
            },
            "tau21_uncertainty_max": {
                "high": 0.1581397989493234,
                "low": 0.1581397989493234
            },
            "reweighting_uncertainty": {
                "high": 0.15944071557399542,
                "low": 0.15944071557399542
            },
            "jer": {
                "high": 0.0,
                "low": 0.0010065107505538174
            },
            "jes": {
                "high": 0.00970765667517225,
                "low": 0.004085485824000958
            },
            "lumi_13TeV": {
                "high": 0.00029648361807774464,
                "low": 0.00081140326859217
            },
            "final": {
                "high": 0.24913885346721176,
                "central": 0.6027132868766785,
                "low": 0.2464728031206721
            },
            "fracLight": {
                "high": 0.054547652276852446,
                "low": 0.041373832828479666
            },
            "fracBB": {
                "high": 0.008718751397367639,
                "low": 0.018910019998033396
            },
            "fracCC": {
                "high": 0.0007844893422146578,
                "low": 0.004202387435431431
            },
            "pu": {
                "high": 0.0079291401864935,
                "low": 0.013909367581563702
            },
            "l1PreFiring": {
                "high": 0.0010304326436576733,
                "low": 0.000613434825106754
            },
            "psWeightIsr": {
                "high": 0.0,
                "low": 0.0006417375853233268
            },
            "psWeightFsr": {
                "high": 0.012167486883162154,
                "low": 0.007171919891806009
            },