{
    "tight": {
        "ptbin1": {
            "stats": {
                "high": 0.12467552230449874,
                "low": 0.12211188489908364
            },
            "QCDFlvCompos": {
                "high": 0.07320791511651291,
                "low": 0.0035750317240634253
            },
            "l1PreFiring": {
                "high": 0.006634505972855293,
                "low": 0.005411693615473968
            },
            "lumi_13TeV": {
                "high": 0.0031843949948667546,
                "low": 0.0
            },
            "extMutagVarRwgt": {
                "high": 0.05600000000000005,
                "low": 0.05600000000000005
            },
            "extMutagTau21Variation": {
                "high": 0.22599999999999998,
                "low": 0.22599999999999998
            },
            "jer": {
                "high": 0.0,
                "low": 0.007901262254248318
            },
            "jes": {
                "high": 0.007476357524838392,
                "low": 0.0053378281396551375
            },
            "final": {
                "high": 0.2671382028236111,
                "central": 0.6805150508880615,
                "low": 0.26549660309742346
            },
            "fracLight": {
                "high": 0.0,
                "low": 0.03366245084673234
            },
            "fracBB": {
                "high": 0.0650633621348692,
                "low": 0.007743329647737626
            },
            "fracCC": {
                "high": 0.01269564890208677,
                "low": 0.005749456776324587
            },
            "pu": {
                "high": 0.003351855857669106,
                "low": 0.0030207407124085285
            }
        },
        "ptbin2": {
            "stats": {
                "high": 0.11180465375781501,
                "low": 0.08597577655274669
            },
            "QCDFlvCompos": {
                "high": 0.0,
                "low": 0.03800322503322179
            },
            "l1PreFiring": {
                "high": 0.0,
                "low": 0.006890895689928324
            },
            "lumi_13TeV": {
                "high": 0.0011298930975198644,
                "low": 0.0
            },
            "extMutagVarRwgt": {
                "high": 0.09899999999999998,
                "low": 0.09899999999999998
            },
            "extMutagTau21Variation": {
                "high": 0.123,
                "low": 0.123
            },
            "jer": {
                "high": 0.003666492692927444,
                "low": 0.01595563956194324
            },
            "jes": {
                "high": 0.006551738924155932,
                "low": 0.0673878683367159
            },
            "final": {
                "high": 0.19493359363866683,
                "central": 0.48031044006347656,
                "low": 0.19752703444444067
            },
            "fracLight": {
                "high": 0.020721295359251275,
                "low": 0.014171603841310068
            },
            "fracBB": {
                "high": 0.0,
                "low": 0.0
            },
            "fracCC": {
                "high": 0.015544003502727556,
                "low": 0.028923651982293148
            },
            "pu": {
                "high": 0.0,
                "low": 0.0007254296146052607
            }
        },
        "ptbin3": {
            "stats": {
                "high": 0.14144923012440191,
                "low": 0.15725233911266856
            },
            "QCDFlvCompos": {
                "high": 0.003444604508402603,
                "low": 0.005489751953678246
            },
            "l1PreFiring": {
                "high": 0.0,
                "low": 0.002885111896641443
            },
            "lumi_13TeV": {
                "high": 0.0,
                "low": 0.0018468408850545034
            },
            "extMutagVarRwgt": {
                "high": 0.04700000000000004,
                "low": 0.04700000000000004
            },
            "extMutagTau21Variation": {
                "high": 0.196,
                "low": 0.196
            },
            "jer": {
                "high": 0.006425243161799293,
                "low": 0.007916028230719907
            },
            "jes": {
                "high": 0.014435591814063647,
                "low": 0.015858070299238084
            },
            "final": {
                "high": 0.24945296588206828,
                "central": 0.6586490869522095,
                "low": 0.2575952234769437
            },
            "fracLight": {
                "high": 0.032789191307458304,
                "low": 0.021889413449545835
            },
            "fracBB": {
                "high": 0.006116800917904091,
                "low": 0.0005363844856169777
            },
            "fracCC": {
                "high": 0.014745304109060517,
                "low": 0.013032213179059081
            },
            "pu": {
                "high": 0.002094949382893913,
                "low": 0.0
            }
        }
    },
    "medium": {
        "ptbin1": {
            "stats": {
                "high": 0.07018130656537813,
                "low": 0.06849119798232917
            },
            "QCDFlvCompos": {
                "high": 0.002904747084913616,
                "low": 0.00190545597873902
            },
            "l1PreFiring": {
                "high": 0.0,
                "low": 0.0
            },
            "lumi_13TeV": {
                "high": 0.0015745702951549371,
                "low": 0.00038956921837370154
            },
            "extMutagVarRwgt": {
                "high": 0.07500000000000007,
                "low": 0.07500000000000007
            },
            "extMutagTau21Variation": {
                "high": 0.21599999999999997,
                "low": 0.21599999999999997
            },
            "jer": {
                "high": 0.008337604008749264,
                "low": 0.006117293173525671
            },
            "jes": {
                "high": 0.009387105556082099,
                "low": 0.008675956885398408
            },
            "final": {
                "high": 0.24282832753834832,
                "central": 0.7872633337974548,
                "low": 0.24168016233011289
            },
            "fracLight": {
                "high": 0.03593264890573345,
                "low": 0.03432824382945695
            },
            "fracBB": {
                "high": 0.005714705280947616,
                "low": 0.007344955171911649
            },
            "fracCC": {
                "high": 0.015485866994258406,
                "low": 0.00807215289838345
            },
            "pu": {
                "high": 0.005196838798323909,
                "low": 0.004941875911927996
            }
        },
        "ptbin2": {
            "stats": {
                "high": 0.07547341522874607,
                "low": 0.07437572427230188
            },
            "QCDFlvCompos": {
                "high": 0.002848009170109101,
                "low": 0.003912032037855211
            },
            "l1PreFiring": {
                "high": 8.104891313004257e-05,
                "low": 0.0021313179457882313
            },
            "lumi_13TeV": {
                "high": 0.0011938366067249992,
                "low": 0.0010558840186561927
            },
            "extMutagVarRwgt": {
                "high": 0.119,
                "low": 0.119
            },
            "extMutagTau21Variation": {
                "high": 0.08299999999999996,
                "low": 0.08299999999999996
            },
            "jer": {
                "high": 0.0018430691236230399,
                "low": 0.0023241124563059884
            },
            "jes": {
                "high": 0.012641821612420414,
                "low": 0.01216046390838025
            },
            "final": {
                "high": 0.16809114835846123,