{
    "tight": {},
    "medium": {
        "ptbin1": {
            "stats": {
                "high": 0.3092119527507067,
                "low": 0.2723890080107725
            },
            "QCDFlvCompos": {
                "high": 0.051230016500137955,
                "low": 0.010001618381114553
            },
            "l1PreFiring": {
                "high": 0.006451043811402849,
                "low": 0.13292396976459417
            },
            "lumi_13TeV": {
                "high": 0.0010002988859712763,
                "low": 0.0005145861183953114
            },
            "extMutagVarRwgt": {
                "high": 0.0,
                "low": 0.0
            },
            "extMutagTau21Variation": {
                "high": 0.0,
                "low": 0.0
            },
            "jer": {
                "high": 0.018694521097572192,
                "low": 0.006215082524926821
            },
            "jes": {
                "high": 0.002510394698033241,
                "low": 0.0
            },
            "final": {
                "high": 0.3259897437218324,
                "central": 0.5229154229164124,
                "low": 0.3043649217820421
            },
            "fracLight": {
                "high": 0.08327039282013263,
                "low": 0.030705748315934138
            },
            "fracBB": {
                "high": 0.026048716528982777,
                "low": 0.03435459772741339
            },
            "fracCC": {
                "high": 0.0044735717916750415,
                "low": 0.03533889078785139
            },
            "pu": {
                "high": 0.0013624003777012352,
                "low": 0.0
            }
        },
        "ptbin2": {
            "stats": {
                "high": 0.2960179920733106,
                "low": 0.31777535006403923
            },
            "QCDFlvCompos": {
                "high": 0.005191069489473881,
                "low": 0.001416951022554008
            },
            "l1PreFiring": {
                "high": 0.022870446551179417,
                "low": 0.0
            },
            "lumi_13TeV": {
                "high": 0.0020654038470243226,
                "low": 0.0
            },
            "extMutagVarRwgt": {
                "high": 0.0,
                "low": 0.0
            },
            "extMutagTau21Variation": {
                "high": 0.0,
                "low": 0.0
            },
            "jer": {
                "high": 0.002651280332391903,
                "low": 0.0
            },
            "jes": {
                "high": 0.0,
                "low": 0.0
            },
            "final": {
                "high": 0.29804229385905756,
                "central": 0.3377794921398163,
                "low": 0.3177794925868511
            },
            "fracLight": {
                "high": 0.014362670371924683,
                "low": 0.0003371136913533561
            },
            "fracBB": {
                "high": 0.024197011412349353,
                "low": 0.0003077406320703479
            },
            "fracCC": {
                "high": 0.009058789251538475,
                "low": 0.000870422869493681
            },
            "pu": {
                "high": 0.0071036172861847656,
                "low": 0.0005149491140959122
            }
        },
        "ptbin3": {
            "stats": {
                "high": 0.5867347761713043,
                "low": 0.28443939057018763
            },
            "QCDFlvCompos": {
                "high": 0.013819379381515465,
                "low": 0.01032154562016824
            },
            "l1PreFiring": {
                "high": 0.023910246828235043,
                "low": 0.0026202777719643586
            },
            "lumi_13TeV": {
                "high": 0.022930883946871095,
                "low": 0.0015686283605168467
            },
            "extMutagVarRwgt": {
                "high": 0.0,
                "low": 0.0
            },
            "extMutagTau21Variation": {
                "high": 0.0,
                "low": 0.0
            },
            "jer": {
                "high": 0.027936996266729176,
                "low": 0.0005054861206639318
            },
            "jes": {
                "high": 0.07211566111304477,
                "low": 0.02754520618797904
            },
            "final": {
                "high": 0.6162252496450283,
                "central": 0.3059775233268738,
                "low": 0.2859775237739086
            },
            "fracLight": {
                "high": 0.1006794402589618,
                "low": 0.00013051621373282057
            },
            "fracBB": {
                "high": 0.07863717843580247,
                "low": 0.0006393956368549871
            },
            "fracCC": {
                "high": 0.10641534286569944,
                "low": 0.00031969806846368995
            },
            "pu": {
                "high": 0.023703060650882613,
                "low": 0.0014122581626335178
            }
        }
    },
    "loose": {
        "ptbin1": {
            "stats": {
                "high": 0.21095294034928658,
                "low": 0.2712894109307115
            },
            "QCDFlvCompos": {
                "high": 0.024019847924215052,
                "low": 0.05293789114197055
            },
            "l1PreFiring": {
                "high": 0.0007213769825192636,
                "low": 0.003993493761026464
            },
            "lumi_13TeV": {
                "high": 0.0016730552286815345,
                "low": 0.00040636301832244363
            },
            "extMutagVarRwgt": {
                "high": 0.0,
                "low": 0.0
            },
            "extMutagTau21Variation": {
                "high": 0.0,
                "low": 0.0
            },
            "jer": {
                "high": 0.027397901439954263,
                "low": 0.041259792295989604
            },
            "jes": {
                "high": 0.020890687452327625,
                "low": 0.059982466202250576
            },
            "final": {
                "high": 0.23311640143071666,
                "central": 0.48749274015426636,
                "low": 0.2987241018345639
            },
            "fracLight": {
                "high": 0.08265150350523015,
                "low": 0.03160121172428044
            },
            "fracBB": {
                "high": 0.0326556162334579,
                "low": 0.031776462866855586
            },
            "fracCC": {
                "high": 0.012854586882454961,
                "low": 0.06452187092422988
            },
            "pu": {
                "high": 0.0034459321556018266,
                "low": 0.036713653829420406
            }
        },
        "ptbin2": {
            "stats": {
                "high": 0.20192146521362797,
                "low": 0.2219061319604858
            },
            "QCDFlvCompos": {
                "high": 0.04515955949339791,
                "low": 0.018523601149043337
            },
            "l1PreFiring": {
                "high": 0.005499944887405982,
                "low": 0.002642160831961112
            },
            "lumi_13TeV": {
                "high": 0.0068667260556977494,
                "low": 0.004242507552372382
            },
            "extMutagVarRwgt": {
                "high": 0.0,
                "low": 0.0
            },
            "extMutagTau21Variation": {
                "high": 0.0,
                "low": 0.0
            },
            "jer": {
                "high": 0.0,
                "low": 0.010788664876863092
            },
            "jes": {
                "high": 0.03951653774598051,
                "low": 0.027696610968649987
            },
            "final": {
                "high": 0.23575167612963188,
                "central": 0.7589837312698364,
                "low": 0.23124099948770704
            },