{
    "tight": {
        "ptbin1": {
            "stats": {
                "high": 0.13389198580976336,
                "low": 0.13249124349510066
            },
            "QCDFlvCompos": {
                "high": 0.0,
                "low": 0.013002692113113475
            },
            "l1PreFiring": {
                "high": 0.007711204211710693,
                "low": 0.00748283888487181
            },
            "lumi_13TeV": {
                "high": 0.0,
                "low": 0.002001065969629838
            },
            "extMutagVarRwgt": {
                "high": 0.031000000000000028,
                "low": 0.031000000000000028
            },
            "extMutagTau21Variation": {
                "high": 0.20199999999999996,
                "low": 0.20199999999999996
            },
            "jer": {
                "high": 0.01685802078873839,
                "low": 0.005981301904516729
            },
            "jes": {
                "high": 0.004422101120671339,
                "low": 0.001654782853611914
            },
            "final": {
                "high": 0.25078632661573,
                "central": 0.8382886648178101,
                "low": 0.2524324309802222
            },
            "fracLight": {
                "high": 0.0307378975066829,
                "low": 0.014860923421916956
            },
            "fracBB": {
                "high": 0.021078358986180434,
                "low": 0.01099348996527712
            },
            "fracCC": {
                "high": 0.03228493348200138,
                "low": 0.06072276326408673
            },
            "pu": {
                "high": 0.02204102055303788,
                "low": 0.010327794487004294
            }
        },
        "ptbin2": {
            "stats": {
                "high": 0.13556580377285532,
                "low": 0.14164356817279566
            },
            "QCDFlvCompos": {
                "high": 0.003262099153305212,
                "low": 0.00875741332393065
            },
            "l1PreFiring": {
                "high": 0.0022299555084187416,
                "low": 0.011721945940379582
            },
            "lumi_13TeV": {
                "high": 0.0,
                "low": 0.0014019008342383563
            },
            "extMutagVarRwgt": {
                "high": 0.027999999999999914,
                "low": 0.027999999999999914
            },
            "extMutagTau21Variation": {
                "high": 0.125,
                "low": 0.125
            },
            "jer": {
                "high": 0.004646747364805973,
                "low": 0.007741589686800214
            },
            "jes": {
                "high": 0.010313191388018122,
                "low": 0.007326878871401256
            },
            "final": {
                "high": 0.1942662777057997,
                "central": 1.0072091817855835,
                "low": 0.19626576351804922
            },
            "fracLight": {
                "high": 0.04632641687338196,
                "low": 0.012004170657158678
            },
            "fracBB": {
                "high": 0.0024624105959242986,
                "low": 0.009480670016656059
            },
            "fracCC": {
                "high": 0.02500801196550102,
                "low": 0.03848034602952559
            },
            "pu": {
                "high": 0.005701634465380122,
                "low": 0.0019880345417373903
            }
        },
        "ptbin3": {
            "stats": {
                "high": 0.16964683480782305,
                "low": 0.16298220182986856
            },
            "QCDFlvCompos": {
                "high": 0.02267108220718257,
                "low": 0.017625633483531484
            },
            "l1PreFiring": {
                "high": 0.0020622418233123357,
                "low": 0.002090792592168722
            },
            "lumi_13TeV": {
                "high": 0.002195378363967903,
                "low": 0.0
            },
            "extMutagVarRwgt": {
                "high": 0.06399999999999995,
                "low": 0.06399999999999995
            },
            "extMutagTau21Variation": {
                "high": 0.18499999999999994,
                "low": 0.18499999999999994
            },
            "jer": {
                "high": 0.0,
                "low": 0.0006558119431551774
            },
            "jes": {
                "high": 0.020283793215283213,
                "low": 0.01667265976773292
            },
            "final": {
                "high": 0.26405841131798874,
                "central": 0.6284140348434448,
                "low": 0.25853837417536724
            },
            "fracLight": {
                "high": 0.03159267177256972,
                "low": 0.007708667592227659
            },
            "fracBB": {
                "high": 0.014652397574944877,
                "low": 0.01765081309939536
            },
            "fracCC": {
                "high": 0.016345623447822418,
                "low": 0.028071744478545303
            },
            "pu": {
                "high": 0.014628416076661563,
                "low": 0.0145880223057939
            }
        }
    },
    "medium": {
        "ptbin1": {
            "stats": {
                "high": 0.07866602055551986,
                "low": 0.07754724254887024
            },
            "QCDFlvCompos": {
                "high": 0.010664505613286582,
                "low": 0.00847513669595505
            },
            "l1PreFiring": {
                "high": 0.003927806099440244,
                "low": 0.004294363342614321
            },
            "lumi_13TeV": {
                "high": 0.0005094583047614131,
                "low": 0.0012286892813220388
            },
            "extMutagVarRwgt": {
                "high": 0.08099999999999996,
                "low": 0.08099999999999996
            },
            "extMutagTau21Variation": {
                "high": 0.247,
                "low": 0.247
            },
            "jer": {
                "high": 0.0026714301125092574,
                "low": 0.003105533657214164
            },
            "jes": {
                "high": 0.007987037454775945,
                "low": 0.007866627043918127
            },
            "final": {
                "high": 0.2793194261718136,
                "central": 0.8871330618858337,
                "low": 0.27775425905951573
            },
            "fracLight": {
                "high": 0.0023091821136584944,
                "low": 0.016980458013146172
            },
            "fracBB": {
                "high": 0.009764477073883735,
                "low": 0.009016678560640791
            },
            "fracCC": {
                "high": 0.06063114852543173,
                "low": 0.05302563165674083
            },
            "pu": {
                "high": 0.016847472991265912,
                "low": 0.014805141111824583
            }
        },
        "ptbin2": {
            "stats": {
                "high": 0.0844461778968848,
                "low": 0.08434916297998818
            },
            "QCDFlvCompos": {
                "high": 0.00306154354042656,
                "low": 0.003476858715887563
            },
            "l1PreFiring": {
                "high": 0.0026343008866771354,
                "low": 0.0
            },
            "lumi_13TeV": {
                "high": 0.0002703793471690771,
                "low": 0.0
            },
            "extMutagVarRwgt": {
                "high": 0.01100000000000001,
                "low": 0.01100000000000001
            },
            "extMutagTau21Variation": {
                "high": 0.18999999999999995,
                "low": 0.18999999999999995
            },
            "jer": {
                "high": 0.0016772153272635955,
                "low": 0.002924047997786859
            },
            "jes": {
                "high": 0.010032136752312796,