{
    "tight": {
        "ptbin1": {
            "QCDFlvCompos": {
                "high": 0.048230069655285146,
                "low": 0.04453901671834905
            },
            "tau21_uncertainty_max": {
                "high": 0.2876852791938979,
                "low": 0.2876852791938979
            },
            "reweighting_uncertainty": {
                "high": 0.12019560971783061,
                "low": 0.12019560971783061
            },
            "jer": {
                "high": 0.034691382898730146,
                "low": 0.05101846813383245
            },
            "jes": {
                "high": 0.017959833705708205,
                "low": 0.015666046963242572
            },
            "lumi_13TeV": {
                "high": 0.0013908746396824774,
                "low": 0.0016237582834835588
            },
            "final": {
                "high": 0.3487627765323027,
                "central": 0.32404136657714844,
                "low": 0.35398829818031685
            },
            "fracLight": {
                "high": 0.04337853732485659,
                "low": 0.033595410614564065
            },
            "fracBB": {
                "high": 0.012791021213471698,
                "low": 0.03215348839292573
            },
            "fracCC": {
                "high": 0.013485543001421036,
                "low": 0.027342879868533405
            },
            "pu": {
                "high": 0.03729290977936628,
                "low": 0.04946401830019923
            },
            "psWeightIsr": {
                "high": 0.012215644866890238,
                "low": 0.02217923262290709
            },
            "psWeightFsr": {
                "high": 0.03623832279656413,
                "low": 0.006522696534357706
            },
            "stats": {
                "high": 0.12446357409388631,
                "low": 0.13180271819269845
            },
            "l1PreFiring": {
                "high": 0.0,
                "low": 0.0
            }
        },
        "ptbin2": {
            "QCDFlvCompos": {
                "high": 0.045414905986889985,
                "low": 0.04285742445256223
            },
            "tau21_uncertainty_max": {
                "high": 0.049282666051362334,
                "low": 0.049282666051362334
            },
            "reweighting_uncertainty": {
                "high": 0.0432572085836902,
                "low": 0.0432572085836902
            },
            "jer": {
                "high": 0.001742925929541728,
                "low": 0.003823651666352559
            },
            "jes": {
                "high": 0.009908008200480366,
                "low": 0.008573194977182992
            },
            "lumi_13TeV": {
                "high": 0.00043712500804407513,
                "low": 0.0
            },
            "final": {
                "high": 0.13804057059025587,
                "central": 0.7014352083206177,
                "low": 0.13196890401505257
            },
            "fracLight": {
                "high": 0.0496317355725567,
                "low": 0.03858186175560616
            },
            "fracBB": {
                "high": 0.02690704934330487,
                "low": 0.017812664931658954
            },
            "fracCC": {
                "high": 0.015842777514163603,
                "low": 0.01093059752434785
            },
            "pu": {
                "high": 0.013296706169579396,
                "low": 0.01483862832511652
            },
            "psWeightIsr": {
                "high": 0.009081478905788422,
                "low": 0.010603135629554967
            },
            "psWeightFsr": {
                "high": 0.022755489852656616,
                "low": 0.03361853946414483
            },
            "stats": {
                "high": 0.09152016514272565,
                "low": 0.08833437160923441
            },
            "l1PreFiring": {
                "high": 0.0,
                "low": 0.0
            }
        },
        "ptbin3": {
            "QCDFlvCompos": {
                "high": 0.00916531595828599,
                "low": 0.0013958613725301972
            },
            "tau21_uncertainty_max": {
                "high": 0.15543173495503054,
                "low": 0.15543173495503054
            },
            "reweighting_uncertainty": {
                "high": 0.062372912642357836,
                "low": 0.062372912642357836
            },
            "jer": {
                "high": 0.022906333464431324,
                "low": 0.01372006814667904
            },
            "jes": {
                "high": 0.010965803107874136,
                "low": 0.012008847394313451
            },
            "lumi_13TeV": {
                "high": 0.0,
                "low": 0.002816031190051316
            },
            "final": {
                "high": 0.23528929078897018,
                "central": 0.47673290967941284,
                "low": 0.22313202950296382
            },
            "fracLight": {
                "high": 0.046256058064236265,
                "low": 0.027446467010677388
            },
            "fracBB": {
                "high": 0.023225790208182513,
                "low": 0.003216036450584836
            },
            "fracCC": {
                "high": 0.012898910292676515,
                "low": 0.001626690793468285
            },
            "pu": {
                "high": 0.008451110427031075,
                "low": 0.00678591156192087
            },
            "psWeightIsr": {
                "high": 0.013328047247995297,
                "low": 0.009846393352427698
            },
            "psWeightFsr": {
                "high": 0.056200689520333615,
                "low": 0.03161165982453034
            },
            "stats": {
                "high": 0.14258217629281145,
                "low": 0.1395978951194084
            },
            "l1PreFiring": {
                "high": 0.0,
                "low": 0.0
            }
        }
    },
    "medium": {
        "ptbin1": {
            "QCDFlvCompos": {
                "high": 0.01325911176868808,
                "low": 0.010245658151566514
            },
            "tau21_uncertainty_max": {
                "high": 0.0417567005166235,
                "low": 0.0417567005166235
            },
            "reweighting_uncertainty": {
                "high": 0.10790203313149493,
                "low": 0.10790203313149493
            },
            "jer": {
                "high": 0.002715426697308084,
                "low": 0.004769217654632121
            },
            "jes": {
                "high": 0.005105363140496579,
                "low": 0.0031327337838151655
            },
            "lumi_13TeV": {
                "high": 0.001275409011868471,
                "low": 0.0012321640310984925
            },
            "final": {
                "high": 0.13259407849363436,
                "central": 0.507620632648468,
                "low": 0.13097885930063335
            },
            "fracLight": {
                "high": 0.03481153630915691,
                "low": 0.02889013571381997
            },
            "fracBB": {
                "high": 0.00027788590000371756,
                "low": 0.004264883069349089
            },
            "fracCC": {
                "high": 0.002802285703029379,
                "low": 0.0055081868557294005
            },
            "pu": {
                "high": 0.003974893182054146,
                "low": 0.002935243793790746
            },
            "psWeightIsr": {
                "high": 0.0029930974362803783,
                "low": 0.004559885291939983
            },
            "psWeightFsr": {
                "high": 0.006955717076941157,
                "low": 0.007569616102225142
            },
            "stats": {
                "high": 0.05187423616381359,
                "low": 0.051575798637137904
            },