{
    "tight": {
        "ptbin1": {
            "QCDFlvCompos": {
                "high": 0.054771483750903176,
                "low": 0.008375458857822964
            },
            "tau21_uncertainty_max": {
                "high": 0.20777125689674625,
                "low": 0.20777125689674625
            },
            "reweighting_uncertainty": {
                "high": 0.028071244887654223,
                "low": 0.028071244887654223
            },
            "jer": {
                "high": 0.009037698796926275,
                "low": 0.0045498161142312745
            },
            "jes": {
                "high": 0.03523287100268133,
                "low": 0.035717378212009404
            },
            "lumi_13TeV": {
                "high": 0.0005751130898049554,
                "low": 0.0015126708180572045
            },
            "final": {
                "high": 0.31711583127175547,
                "central": 0.9556888937950134,
                "low": 0.28090356014205276
            },
            "fracLight": {
                "high": 0.11326801935363735,
                "low": 0.07673671050758553
            },
            "fracBB": {
                "high": 0.005075699550900871,
                "low": 0.0031923587779015545
            },
            "fracCC": {
                "high": 0.0054966589411925455,
                "low": 0.00649690205660066
            },
            "pu": {
                "high": 0.008473816815237723,
                "low": 0.002528579170802552
            },
            "l1PreFiring": {
                "high": 0.0027121857286529637,
                "low": 0.000250260689197388
            },
            "psWeightIsr": {
                "high": 0.04396773662295356,
                "low": 0.042488895565110776
            },
            "psWeightFsr": {
                "high": 0.04188353030196942,
                "low": 0.0046345843271829714
            },
            "stats": {
                "high": 0.1887593848906961,
                "low": 0.1606452181351764
            }
        },
        "ptbin2": {
            "QCDFlvCompos": {
                "high": 0.006645256485315259,
                "low": 0.0038174510374299696
            },
            "tau21_uncertainty_max": {
                "high": 0.08680583402053066,
                "low": 0.08680583402053066
            },
            "reweighting_uncertainty": {
                "high": 0.13864597707905046,
                "low": 0.13864597707905046
            },
            "jer": {
                "high": 0.0015034496135700045,
                "low": 0.001421286592582821
            },
            "jes": {
                "high": 0.006674786409056731,
                "low": 0.004938382999361114
            },
            "lumi_13TeV": {
                "high": 0.006898548541584544,
                "low": 0.006469871334792026
            },
            "final": {
                "high": 0.1838271209505713,
                "central": 0.7359049320220947,
                "low": 0.1785232705171714
            },
            "fracLight": {
                "high": 0.05184786626186255,
                "low": 0.041074845099449885
            },
            "fracBB": {
                "high": 0.03189721739180977,
                "low": 0.021633370043302107
            },
            "fracCC": {
                "high": 0.02136794674604561,
                "low": 0.018329721857331355
            },
            "pu": {
                "high": 0.010134571969718858,
                "low": 0.009503377445964516
            },
            "l1PreFiring": {
                "high": 0.00206867555360806,
                "low": 0.0018277160610687439
            },
            "psWeightIsr": {
                "high": 0.0007471829035644283,
                "low": 0.0
            },
            "psWeightFsr": {
                "high": 0.014249978372310864,
                "low": 0.013453493579749577
            },
            "stats": {
                "high": 0.049224547553428644,
                "low": 0.047582495898149335
            }
        },
        "ptbin3": {
            "QCDFlvCompos": {
                "high": 0.006627075815693204,
                "low": 0.009178455198991176
            },
            "tau21_uncertainty_max": {
                "high": 0.0922907116255921,
                "low": 0.0922907116255921
            },
            "reweighting_uncertainty": {
                "high": 0.07935539087507437,
                "low": 0.07935539087507437
            },
            "jer": {
                "high": 0.0025685083854787467,
                "low": 0.0022270426056992757
            },
            "jes": {
                "high": 0.016487206058610232,
                "low": 0.01506057811412408
            },
            "lumi_13TeV": {
                "high": 0.009647372773817718,
                "low": 0.009083052771107271
            },
            "final": {
                "high": 0.16440795224065022,
                "central": 0.7356004118919373,
                "low": 0.1541273879620263
            },
            "fracLight": {
                "high": 0.06574608203357077,
                "low": 0.04925024077808503
            },
            "fracBB": {
                "high": 0.02848871038541824,
                "low": 0.013869652073851945
            },
            "fracCC": {
                "high": 0.030113666173888737,
                "low": 0.02416421051647397
            },
            "pu": {
                "high": 0.010313297747656968,
                "low": 0.007787347893219842
            },
            "l1PreFiring": {
                "high": 0.0,
                "low": 0.0
            },
            "psWeightIsr": {
                "high": 0.012785519781169593,
                "low": 0.01112048092844816
            },
            "psWeightFsr": {
                "high": 0.02734347193711708,
                "low": 0.027768704619683404
            },
            "stats": {
                "high": 0.06885944616870854,
                "low": 0.06621818076852504
            }
        }
    },
    "medium": {
        "ptbin1": {
            "QCDFlvCompos": {
                "high": 0.0030007954271714507,
                "low": 0.003955862790724116
            },
            "tau21_uncertainty_max": {
                "high": 0.06273466287211138,
                "low": 0.06273466287211138
            },
            "reweighting_uncertainty": {
                "high": 0.00043003268792696225,
                "low": 0.00043003268792696225
            },
            "jer": {
                "high": 0.004529881644176934,
                "low": 0.003981863013008842
            },
            "jes": {
                "high": 0.014558467434968133,
                "low": 0.010810928252747955
            },
            "lumi_13TeV": {
                "high": 0.0,
                "low": 0.001069941890050805
            },
            "final": {
                "high": 0.1363970584675525,
                "central": 0.6846120953559875,
                "low": 0.12825924373258837
            },
            "fracLight": {
                "high": 0.06822087618817305,
                "low": 0.050670547792411764
            },
            "fracBB": {
                "high": 0.01376550562725611,
                "low": 0.025108439486574978
            },
            "fracCC": {
                "high": 0.0027118671709264407,
                "low": 0.006160477354272826
            },
            "pu": {
                "high": 0.005750584527902841,
                "low": 0.0025610888533142647
            },
            "l1PreFiring": {
                "high": 0.000539188379272721,
                "low": 0.0005816410966560901
            },
            "psWeightIsr": {
                "high": 0.003339044662667718,
                "low": 0.001303806143758714
            },
            "psWeightFsr": {
                "high": 0.009138776446797241,