{
    "tight": {},
    "medium": {
        "ptbin1": {
            "stats": {
                "high": 0.37247282916822977,
                "low": 0.4277017933853483
            },
            "QCDFlvCompos": {
                "high": 0.08397410677670378,
                "low": 0.038058463724246185
            },
            "l1PreFiring": {
                "high": 0.002244978861603333,
                "low": 0.0
            },
            "lumi_13TeV": {
                "high": 0.0015442828875822854,
                "low": 0.004055278320551889
            },
            "extMutagVarRwgt": {
                "high": 0.0,
                "low": 0.0
            },
            "extMutagTau21Variation": {
                "high": 0.0,
                "low": 0.0
            },
            "jer": {
                "high": 0.07477799047976363,
                "low": 0.05555909647581737
            },
            "jes": {
                "high": 0.031071008646931828,
                "low": 0.031221212634860086
            },
            "final": {
                "high": 0.4385462130193687,
                "central": 1.2482162714004517,
                "low": 0.444912673220615
            },
            "fracLight": {
                "high": 0.18665855038272605,
                "low": 0.09613238882304365
            },
            "fracBB": {
                "high": 0.01145223253719701,
                "low": 0.0115290435019101
            },
            "fracCC": {
                "high": 0.041776793387523624,
                "low": 0.009827027840747854
            },
            "pu": {
                "high": 0.05703221169683998,
                "low": 0.005591352412537786
            }
        },
        "ptbin2": {
            "stats": {
                "high": 0.5235618729150875,
                "low": 0.42196655770837166
            },
            "QCDFlvCompos": {
                "high": 0.19861698653524915,
                "low": 0.09011774189852963
            },
            "l1PreFiring": {
                "high": 0.0,
                "low": 0.0
            },
            "lumi_13TeV": {
                "high": 0.008930778892311966,
                "low": 0.00907719904837152
            },
            "extMutagVarRwgt": {
                "high": 0.0,
                "low": 0.0
            },
            "extMutagTau21Variation": {
                "high": 0.0,
                "low": 0.0
            },
            "jer": {
                "high": 0.01058648094033247,
                "low": 0.015166084811341154
            },
            "jes": {
                "high": 0.013194661113795534,
                "low": 0.018900526054261527
            },
            "final": {
                "high": 0.5959583078410253,
                "central": 1.2868554592132568,
                "low": 0.4460491903170717
            },
            "fracLight": {
                "high": 0.17812957826148731,
                "low": 0.0901694005525414
            },
            "fracBB": {
                "high": 0.06960694006653464,
                "low": 0.04493079104133603
            },
            "fracCC": {
                "high": 0.03721142121443698,
                "low": 0.00959867909714213
            },
            "pu": {
                "high": 0.057357313677985994,
                "low": 0.04351442541818569
            }
        },
        "ptbin3": {
            "stats": {
                "high": 0.4750966835313292,
                "low": 0.0
            },
            "QCDFlvCompos": {
                "high": 0.024594459402237173,
                "low": 0.0
            },
            "l1PreFiring": {
                "high": 0.02860300913631572,
                "low": 0.0
            },
            "lumi_13TeV": {
                "high": 0.004862020918301475,
                "low": 0.0
            },
            "extMutagVarRwgt": {
                "high": 0.0,
                "low": 0.0
            },
            "extMutagTau21Variation": {
                "high": 0.0,
                "low": 0.0
            },
            "jer": {
                "high": 0.0,
                "low": 0.0
            },
            "jes": {
                "high": 0.0,
                "low": 0.0
            },
            "final": {
                "high": 0.5292465692763798,
                "central": 2.139512673693389e-07,
                "low": 0.0
            },
            "fracLight": {
                "high": 0.08180509918392155,
                "low": 0.0
            },
            "fracBB": {
                "high": 0.22147335561273188,
                "low": 0.0
            },
            "fracCC": {
                "high": 0.0,
                "low": 0.0
            },
            "pu": {
                "high": 0.04086944049891033,
                "low": 0.0
            }
        }
    },
    "loose": {
        "ptbin1": {
            "stats": {
                "high": 0.26712859665726363,
                "low": 0.2474030806572629
            },
            "QCDFlvCompos": {
                "high": 0.06375251886936673,
                "low": 0.034540949538395406
            },
            "l1PreFiring": {
                "high": 0.006512364181664422,
                "low": 0.0
            },
            "lumi_13TeV": {
                "high": 0.004389440709023668,
                "low": 0.0
            },
            "extMutagVarRwgt": {
                "high": 0.0,
                "low": 0.0
            },
            "extMutagTau21Variation": {
                "high": 0.0,
                "low": 0.0
            },
            "jer": {
                "high": 0.00881064094975018,
                "low": 0.0028063003114332063
            },
            "jes": {
                "high": 0.08002806444955106,
                "low": 0.07054646200789767
            },
            "final": {
                "high": 0.3344163443226964,
                "central": 1.380355954170227,
                "low": 0.27994831174492374
            },
            "fracLight": {
                "high": 0.1710258179670111,
                "low": 0.10370411386774832
            },
            "fracBB": {
                "high": 0.004408909278780773,
                "low": 0.0
            },
            "fracCC": {
                "high": 0.006114192702640617,
                "low": 0.0159620295319133
            },
            "pu": {
                "high": 0.02370172400290559,
                "low": 0.0030739992487017957
            }
        },
        "ptbin2": {
            "stats": {
                "high": 0.26712942123413086,
                "low": 0.36103017353280387
            },
            "QCDFlvCompos": {
                "high": 0.002634899597743449,
                "low": 0.06804023407216181
            },
            "l1PreFiring": {
                "high": 0.0011000438237559816,
                "low": 0.0
            },
            "lumi_13TeV": {
                "high": 0.0008742227696219367,
                "low": 0.0
            },
            "extMutagVarRwgt": {
                "high": 0.0,
                "low": 0.0
            },
            "extMutagTau21Variation": {
                "high": 0.0,
                "low": 0.0
            },
            "jer": {
                "high": 0.0007980637702891602,
                "low": 0.052818689507261936
            },
            "jes": {
                "high": 0.0014051298375925693,
                "low": 0.040219384956449916
            },
            "final": {
                "high": 0.26716041564941406,
                "central": 1.7128396034240723,
                "low": 0.4116464371659907
            },
            "fracLight": {
                "high": 0.000837030630539558,
                "low": 0.14344504570407324
            },
            "fracBB": {
                "high": 0.0014930480960654614,
                "low": 0.07388988402868638
            },