{
    "tight": {
        "ptbin1": {
            "QCDFlvCompos": {
                "high": 0.008099802664911764,
                "low": 0.008287040626170078
            },
            "tau21_uncertainty_max": {
                "high": 0.1988332549163896,
                "low": 0.1988332549163896
            },
            "reweighting_uncertainty": {
                "high": 8.779091450694665e-06,
                "low": 8.779091450694665e-06
            },
            "jer": {
                "high": 0.003901009895874093,
                "low": 0.0
            },
            "jes": {
                "high": 0.010550816761182504,
                "low": 0.007706131820326349
            },
            "lumi_13TeV": {
                "high": 0.001758320042954418,
                "low": 0.0008045391553407967
            },
            "final": {
                "high": 0.20958786593606396,
                "central": 0.7350908517837524,
                "low": 0.20805273792144285
            },
            "fracLight": {
                "high": 0.003911407905086009,
                "low": 0.003845514404562603
            },
            "fracBB": {
                "high": 0.03467401039125974,
                "low": 0.027209627872838746
            },
            "fracCC": {
                "high": 0.00939003351978795,
                "low": 0.007751493246133112
            },
            "pu": {
                "high": 0.011025552929390342,
                "low": 0.010227047268244763
            },
            "l1PreFiring": {
                "high": 0.0,
                "low": 0.001194604874106425
            },
            "psWeightIsr": {
                "high": 0.015832850706643795,
                "low": 0.015687301691225723
            },
            "psWeightFsr": {
                "high": 0.012547985021144183,
                "low": 0.009514276613589726
            },
            "stats": {
                "high": 0.04881079547328282,
                "low": 0.04897912153203998
            }
        },
        "ptbin2": {
            "QCDFlvCompos": {
                "high": 0.006066192597673456,
                "low": 0.006970015706735129
            },
            "tau21_uncertainty_max": {
                "high": 0.07715192224985357,
                "low": 0.07715192224985357
            },
            "reweighting_uncertainty": {
                "high": 0.0052571720820474566,
                "low": 0.0052571720820474566
            },
            "jer": {
                "high": 0.006104693853791385,
                "low": 0.005613211631766103
            },
            "jes": {
                "high": 0.024791409205826162,
                "low": 0.01614817861597791
            },
            "lumi_13TeV": {
                "high": 0.002476236275407436,
                "low": 0.0019651924836775877
            },
            "final": {
                "high": 0.10984845905397013,
                "central": 0.7701860666275024,
                "low": 0.10548793842329003
            },
            "fracLight": {
                "high": 0.004367456309159155,
                "low": 0.0043085039492855625
            },
            "fracBB": {
                "high": 0.04401750271875698,
                "low": 0.03562409660687253
            },
            "fracCC": {
                "high": 0.010148397860911096,
                "low": 0.008695347613892193
            },
            "pu": {
                "high": 0.012366811662332246,
                "low": 0.011600850551824365
            },
            "l1PreFiring": {
                "high": 0.0006405447446620644,
                "low": 0.00037142717161300237
            },
            "psWeightIsr": {
                "high": 0.009454537959011012,
                "low": 0.012747447508332708
            },
            "psWeightFsr": {
                "high": 0.009238765000792189,
                "low": 0.012666856958897818
            },
            "stats": {
                "high": 0.05480984127718125,
                "low": 0.05460787818102708
            }
        },
        "ptbin3": {
            "QCDFlvCompos": {
                "high": 0.02638501409638371,
                "low": 0.027574902731333017
            },
            "tau21_uncertainty_max": {
                "high": 0.3527888371605649,
                "low": 0.3527888371605649
            },
            "reweighting_uncertainty": {
                "high": 0.013608101248285265,
                "low": 0.013608101248285265
            },
            "jer": {
                "high": 0.014357407784286052,
                "low": 0.011817255031043814
            },
            "jes": {
                "high": 0.029924635539021437,
                "low": 0.028159691837552056
            },
            "lumi_13TeV": {
                "high": 0.005018660621211831,
                "low": 0.004428129836167217
            },
            "final": {
                "high": 0.36729761613869266,
                "central": 0.6858490705490112,
                "low": 0.36517790387102533
            },
            "fracLight": {
                "high": 0.0020073619477686145,
                "low": 0.0021556511773836765
            },
            "fracBB": {
                "high": 0.052098447684252036,
                "low": 0.039900170206543
            },
            "fracCC": {
                "high": 0.007017480330387469,
                "low": 0.0052635913595868045
            },
            "pu": {
                "high": 0.012463762192079293,
                "low": 0.010770678854168571
            },
            "l1PreFiring": {
                "high": 0.0001324842500552536,
                "low": 0.00015843730526358943
            },
            "psWeightIsr": {
                "high": 0.014452558056353587,
                "low": 0.012076976199883797
            },
            "psWeightFsr": {
                "high": 0.02845345568824322,
                "low": 0.024326606516798455
            },
            "stats": {
                "high": 0.06706756745578779,
                "low": 0.0672243445708488
            }
        }
    },
    "medium": {
        "ptbin1": {
            "QCDFlvCompos": {
                "high": 0.005180683445559797,
                "low": 0.004286826573186456
            },
            "tau21_uncertainty_max": {
                "high": 0.14106477999353073,
                "low": 0.14106477999353073
            },
            "reweighting_uncertainty": {
                "high": 0.014687258162915495,
                "low": 0.014687258162915495
            },
            "jer": {
                "high": 0.0,
                "low": 0.001070017090583178
            },
            "jes": {
                "high": 0.017654702351248823,
                "low": 0.013209899551281618
            },
            "lumi_13TeV": {
                "high": 0.0004749027944027258,
                "low": 0.0007474043759683008
            },
            "final": {
                "high": 0.1568706489903859,
                "central": 0.8619877696037292,
                "low": 0.15552895317302734
            },
            "fracLight": {
                "high": 0.006375914308708375,
                "low": 0.006271961214259912
            },
            "fracBB": {
                "high": 0.033491025636497286,
                "low": 0.026363614501604068
            },
            "fracCC": {
                "high": 0.011899637873809588,
                "low": 0.01000220820417984
            },
            "pu": {
                "high": 0.009125544666139527,
                "low": 0.009776683654373806
            },
            "l1PreFiring": {
                "high": 0.00012111225599055092,
                "low": 0.0
            },
            "psWeightIsr": {
                "high": 0.01236938984508692,
                "low": 0.01597964097205908
            },
            "psWeightFsr": {
                "high": 0.009655600804487258,