{
    "tight": {
        "ptbin1": {
            "stats": {
                "high": 0.04255490946700413,
                "low": 0.06652706056888091
            },
            "QCDFlvCompos": {
                "high": 0.0020104639057854563,
                "low": 0.00165039430006036
            },
            "l1PreFiring": {
                "high": 0.0007664176205356043,
                "low": 0.0036072653425130753
            },
            "lumi_13TeV": {
                "high": 0.0010521049536043124,
                "low": 0.0013137789095998957
            },
            "extMutagVarRwgt": {
                "high": 0.11099999999999999,
                "low": 0.11099999999999999
            },
            "extMutagTau21Variation": {
                "high": 0.15400000000000003,
                "low": 0.15400000000000003
            },
            "jer": {
                "high": 0.006646801488256143,
                "low": 0.001763853427023469
            },
            "jes": {
                "high": 0.005267137093349267,
                "low": 0.011612992730771458
            },
            "final": {
                "high": 0.19692492796229308,
                "central": 0.7962994575500488,
                "low": 0.20307917461333258
            },
            "fracLight": {
                "high": 0.005122985509276122,
                "low": 0.005649608097400903
            },
            "fracBB": {
                "high": 0.01464579731088646,
                "low": 0.006489153446834448
            },
            "fracCC": {
                "high": 0.024075790476271643,
                "low": 0.01397619548749835
            },
            "pu": {
                "high": 0.00578445309851268,
                "low": 0.018801733712188892
            }
        },
        "ptbin2": {
            "stats": {
                "high": 0.0726909780450622,
                "low": 0.043776665584156826
            },
            "QCDFlvCompos": {
                "high": 0.021186575799483433,
                "low": 0.0
            },
            "l1PreFiring": {
                "high": 0.0008110042804068386,
                "low": 0.0
            },
            "lumi_13TeV": {
                "high": 0.0006410836880021013,
                "low": 0.00048001216126317993
            },
            "extMutagVarRwgt": {
                "high": 0.06300000000000006,
                "low": 0.06300000000000006
            },
            "extMutagTau21Variation": {
                "high": 0.266,
                "low": 0.266
            },
            "jer": {
                "high": 0.002632589793548152,
                "low": 0.00152000187174596
            },
            "jes": {
                "high": 0.0018542320236803857,
                "low": 0.0022511570167126718
            },
            "final": {
                "high": 0.2846861298882256,
                "central": 0.7479326128959656,
                "low": 0.2770291084911838
            },
            "fracLight": {
                "high": 0.0085121032482665,
                "low": 0.0009930648668613857
            },
            "fracBB": {
                "high": 0.00978904282591666,
                "low": 0.008406429454651906
            },
            "fracCC": {
                "high": 0.018999651557318753,
                "low": 0.015940506717029564
            },
            "pu": {
                "high": 0.006902016036475511,
                "low": 0.0018019417252719712
            }
        },
        "ptbin3": {
            "stats": {
                "high": 0.05568418843771017,
                "low": 0.06339448528252278
            },
            "QCDFlvCompos": {
                "high": 0.008903570844956528,
                "low": 0.008840006824304993
            },
            "l1PreFiring": {
                "high": 0.00035041334061667646,
                "low": 0.00040799441604649463
            },
            "lumi_13TeV": {
                "high": 4.2666709444092e-05,
                "low": 0.0003688411794559316
            },
            "extMutagVarRwgt": {
                "high": 0.04299999999999993,
                "low": 0.04299999999999993
            },
            "extMutagTau21Variation": {
                "high": 0.10999999999999999,
                "low": 0.10999999999999999
            },
            "jer": {
                "high": 0.0006610749373840479,
                "low": 0.00096245446289781
            },
            "jes": {
                "high": 0.0012218420775191134,
                "low": 5.6542694955127464e-05
            },
            "final": {
                "high": 0.13608474204654275,
                "central": 0.7959997057914734,
                "low": 0.13665135074878984
            },
            "fracLight": {
                "high": 0.0010644779150288724,
                "low": 0.002687665549015458
            },
            "fracBB": {
                "high": 0.018926937844878308,
                "low": 0.009773191466393482
            },
            "fracCC": {
                "high": 0.03207359708800552,
                "low": 0.022637631609798783
            },
            "pu": {
                "high": 0.0,
                "low": 0.0033394573222662875
            }
        }
    },
    "medium": {
        "ptbin1": {
            "stats": {
                "high": 0.052775476175274116,
                "low": 0.030192022836464716
            },
            "QCDFlvCompos": {
                "high": 0.009077059391708856,
                "low": 0.0073784774604645515
            },
            "l1PreFiring": {
                "high": 0.0008688292192222961,
                "low": 0.00043955808431864185
            },
            "lumi_13TeV": {
                "high": 0.0012449790875182062,
                "low": 0.0007791304170166564
            },
            "extMutagVarRwgt": {
                "high": 0.1120000000000001,
                "low": 0.1120000000000001
            },
            "extMutagTau21Variation": {
                "high": 0.18100000000000005,
                "low": 0.18100000000000005
            },
            "jer": {
                "high": 0.005278496751684068,
                "low": 0.0001339254430879057
            },
            "jes": {
                "high": 0.00895678037193272,
                "low": 0.004621853950208367
            },
            "final": {
                "high": 0.2201442330235418,
                "central": 0.814028263092041,
                "low": 0.2160023526097554
            },
            "fracLight": {
                "high": 0.006603934860286169,
                "low": 0.0025720363147836876
            },
            "fracBB": {
                "high": 0.0,
                "low": 0.012088083169173777
            },
            "fracCC": {
                "high": 0.009740621872468175,
                "low": 0.014529732687697833
            },
            "pu": {
                "high": 0.006504991937036065,
                "low": 0.0
            }
        },
        "ptbin2": {
            "stats": {
                "high": 0.029755109757080178,
                "low": 0.03695199492825607
            },
            "QCDFlvCompos": {
                "high": 0.006044017443488691,
                "low": 0.0019226861193984437
            },
            "l1PreFiring": {
                "high": 0.0005368021793592761,
                "low": 0.00022906266503531893
            },
            "lumi_13TeV": {
                "high": 0.00027342846983742665,
                "low": 0.0002943453298594569
            },
            "extMutagVarRwgt": {
                "high": 0.09799999999999998,
                "low": 0.09799999999999998
            },
            "extMutagTau21Variation": {
                "high": 0.19299999999999995,
                "low": 0.19299999999999995
            },
            "jer": {
                "high": 0.0,
                "low": 0.002081735771330126
            },