{
    "tight": {},
    "medium": {
        "ptbin1": {
            "stats": {
                "high": 0.2908377535824369,
                "low": 0.246623209344476
            },
            "QCDFlvCompos": {
                "high": 0.08636933894676443,
                "low": 0.03895312178644198
            },
            "l1PreFiring": {
                "high": 0.0005459523390520794,
                "low": 0.0016570614163030374
            },
            "lumi_13TeV": {
                "high": 0.004363170658187338,
                "low": 0.005355551890677942
            },
            "extMutagVarRwgt": {
                "high": 0.0,
                "low": 0.0
            },
            "extMutagTau21Variation": {
                "high": 0.0,
                "low": 0.0
            },
            "jer": {
                "high": 0.018630212482862448,
                "low": 0.0
            },
            "jes": {
                "high": 0.004673876571989558,
                "low": 0.015415024396011638
            },
            "final": {
                "high": 0.33815086559820307,
                "central": 1.120399832725525,
                "low": 0.26749977251105306
            },
            "fracLight": {
                "high": 0.1426037190451867,
                "low": 0.07178525123403985
            },
            "fracBB": {
                "high": 0.01346372386691565,
                "low": 0.0
            },
            "fracCC": {
                "high": 0.0353733400914694,
                "low": 0.022235084132826544
            },
            "pu": {
                "high": 0.011963080255894609,
                "low": 0.05745969688884396
            }
        },
        "ptbin2": {
            "stats": {
                "high": 0.0,
                "low": 0.36303994861008393
            },
            "QCDFlvCompos": {
                "high": 0.0,
                "low": 0.08548943210817334
            },
            "l1PreFiring": {
                "high": 0.0,
                "low": 0.006299753124209575
            },
            "lumi_13TeV": {
                "high": 0.0,
                "low": 0.007432748947022299
            },
            "extMutagVarRwgt": {
                "high": 0.0,
                "low": 0.0
            },
            "extMutagTau21Variation": {
                "high": 0.0,
                "low": 0.0
            },
            "jer": {
                "high": 0.0,
                "low": 0.0029077760490739697
            },
            "jes": {
                "high": 0.0,
                "low": 0.0
            },
            "final": {
                "high": 0.0,
                "central": 1.9999890327453613,
                "low": 0.3836557963407874
            },
            "fracLight": {
                "high": 0.0,
                "low": 0.09423499536831345
            },
            "fracBB": {
                "high": 0.0,
                "low": 0.08534047524280247
            },
            "fracCC": {
                "high": 0.0,
                "low": 0.05940755934649352
            },
            "pu": {
                "high": 0.0,
                "low": 0.03122954249014837
            }
        },
        "ptbin3": {
            "stats": {
                "high": 0.40800800081705035,
                "low": 0.4651896350418435
            },
            "QCDFlvCompos": {
                "high": 0.13889541252517862,
                "low": 0.09433797075679033
            },
            "l1PreFiring": {
                "high": 0.025034233405177533,
                "low": 0.011988960275586425
            },
            "lumi_13TeV": {
                "high": 0.002774025330831825,
                "low": 0.011543269443363695
            },
            "extMutagVarRwgt": {
                "high": 0.0,
                "low": 0.0
            },
            "extMutagTau21Variation": {
                "high": 0.0,
                "low": 0.0
            },
            "jer": {
                "high": 0.17137850850166905,
                "low": 0.019293394336128557
            },
            "jes": {
                "high": 0.0,
                "low": 0.023030528057552655
            },
            "final": {
                "high": 0.5427516366466825,
                "central": 0.865597665309906,
                "low": 0.48862346934614487
            },
            "fracLight": {
                "high": 0.16351259503585056,
                "low": 0.07081972211806231
            },
            "fracBB": {
                "high": 0.22936805829322207,
                "low": 0.05549967463999311
            },
            "fracCC": {
                "high": 0.003191581520798178,
                "low": 0.06251683319581987
            },
            "pu": {
                "high": 0.006495064057168264,
                "low": 0.01637747338819428
            }
        }
    },
    "loose": {
        "ptbin1": {
            "stats": {
                "high": 0.33743429140230763,
                "low": 0.20933860770243973
            },
            "QCDFlvCompos": {
                "high": 0.02888392837059453,
                "low": 0.026195821919143592
            },
            "l1PreFiring": {
                "high": 0.022071144356560535,
                "low": 0.006568153005715824
            },
            "lumi_13TeV": {
                "high": 0.01729752023884639,
                "low": 0.011648277282275056
            },
            "extMutagVarRwgt": {
                "high": 0.0,
                "low": 0.0
            },
            "extMutagTau21Variation": {
                "high": 0.0,
                "low": 0.0
            },
            "jer": {
                "high": 0.024759566909217212,
                "low": 0.009135160180162177
            },
            "jes": {
                "high": 0.14759575397130334,
                "low": 0.03724151083756245
            },
            "final": {
                "high": 0.42761509459153646,
                "central": 1.2876880168914795,
                "low": 0.2343965035735458
            },
            "fracLight": {
                "high": 0.20115757532893686,
                "low": 0.08744655411098032
            },
            "fracBB": {
                "high": 0.016460723010420623,
                "low": 0.020857033241122057
            },
            "fracCC": {
                "high": 0.00925816781714669,
                "low": 0.010382988773316263
            },
            "pu": {
                "high": 0.06444815933096529,
                "low": 0.02437048893195163
            }
        },
        "ptbin2": {
            "stats": {
                "high": 0.21999899214533047,
                "low": 0.2235214576335729
            },
            "QCDFlvCompos": {
                "high": 0.09462648083873523,
                "low": 0.07288032808539549
            },
            "l1PreFiring": {
                "high": 0.0013166262889677748,
                "low": 0.0033940142222062468
            },
            "lumi_13TeV": {
                "high": 0.001866839379327637,
                "low": 0.0020288794753545517
            },
            "extMutagVarRwgt": {
                "high": 0.0,
                "low": 0.0
            },
            "extMutagTau21Variation": {
                "high": 0.0,
                "low": 0.0
            },
            "jer": {
                "high": 0.025771784764259904,
                "low": 0.021273709881779845
            },
            "jes": {
                "high": 0.010923539840862606,
                "low": 0.014276798899691008
            },
            "final": {
                "high": 0.30806033069956085,
                "central": 1.6277121305465698,
                "low": 0.27257042718487634
            },
            "fracLight": {
                "high": 0.18512748878923568,
                "low": 0.1262294917203782
            },