{
    "tight": {
        "ptbin1": {
            "stats": {
                "high": 0.024565291438327863,
                "low": 0.02387381677761824
            },
            "QCDFlvCompos": {
                "high": 0.0018090411391691054,
                "low": 0.0031757904127529477
            },
            "l1PreFiring": {
                "high": 0.0,
                "low": 0.0004616237045848126
            },
            "lumi_13TeV": {
                "high": 0.0006922020920208394,
                "low": 0.0007410019560539452
            },
            "extMutagVarRwgt": {
                "high": 0.09099999999999997,
                "low": 0.09099999999999997
            },
            "extMutagTau21Variation": {
                "high": 0.135,
                "low": 0.135
            },
            "jer": {
                "high": 0.001437783921970607,
                "low": 0.0010615834409429669
            },
            "jes": {
                "high": 0.00033582751349924396,
                "low": 0.0005224798037915588
            },
            "final": {
                "high": 0.1655030898733547,
                "central": 0.6687642335891724,
                "low": 0.16531523897230085
            },
            "fracLight": {
                "high": 0.006055743174686909,
                "low": 0.005028185169861705
            },
            "fracBB": {
                "high": 0.008517085706320336,
                "low": 0.008359048525102792
            },
            "fracCC": {
                "high": 0.012726409172669487,
                "low": 0.011910779386054638
            },
            "pu": {
                "high": 0.0021962707020186083,
                "low": 0.001974420261812453
            }
        },
        "ptbin2": {
            "stats": {
                "high": 0.02263681461755951,
                "low": 0.02204028885548659
            },
            "QCDFlvCompos": {
                "high": 0.002170227242633319,
                "low": 0.0020930810566805887
            },
            "l1PreFiring": {
                "high": 0.0006447703913488615,
                "low": 0.0005207133664957477
            },
            "lumi_13TeV": {
                "high": 0.0003917263009764259,
                "low": 0.0004459734961988785
            },
            "extMutagVarRwgt": {
                "high": 0.08699999999999997,
                "low": 0.08699999999999997
            },
            "extMutagTau21Variation": {
                "high": 0.03599999999999992,
                "low": 0.03599999999999992
            },
            "jer": {
                "high": 0.001026690434948995,
                "low": 0.0010329437499407583
            },
            "jes": {
                "high": 0.0,
                "low": 0.0
            },
            "final": {
                "high": 0.09828601814131603,
                "central": 0.6847715973854065,
                "low": 0.0980076633508332
            },
            "fracLight": {
                "high": 0.0057044489603692095,
                "low": 0.0051923891693404535
            },
            "fracBB": {
                "high": 0.00785498622037069,
                "low": 0.007820245310744591
            },
            "fracCC": {
                "high": 0.011942891075484815,
                "low": 0.011125386294806687
            },
            "pu": {
                "high": 0.006308703073076178,
                "low": 0.006095904861506573
            }
        },
        "ptbin3": {
            "stats": {
                "high": 0.026084504026227195,
                "low": 0.026825553566183213
            },
            "QCDFlvCompos": {
                "high": 0.0,
                "low": 0.0011692170223339396
            },
            "l1PreFiring": {
                "high": 0.000394838000819229,
                "low": 0.0
            },
            "lumi_13TeV": {
                "high": 0.00028150177067173517,
                "low": 0.00021868702821098302
            },
            "extMutagVarRwgt": {
                "high": 0.09599999999999997,
                "low": 0.09599999999999997
            },
            "extMutagTau21Variation": {
                "high": 0.23500000000000004,
                "low": 0.23500000000000004
            },
            "jer": {
                "high": 0.0013770506762336562,
                "low": 0.0008380550703238695
            },
            "jes": {
                "high": 0.0,
                "low": 0.0003682210037781847
            },
            "final": {
                "high": 0.25566553396287905,
                "central": 0.6522650122642517,
                "low": 0.2555846207487434
            },
            "fracLight": {
                "high": 0.005418218911952078,
                "low": 0.004583353704279265
            },
            "fracBB": {
                "high": 0.006821236528187154,
                "low": 0.00508225667343001
            },
            "fracCC": {
                "high": 0.012733160397293103,
                "low": 0.01044519929837824
            },
            "pu": {
                "high": 0.00218564378940492,
                "low": 0.002168267032105328
            }
        }
    },
    "medium": {
        "ptbin1": {
            "stats": {
                "high": 0.018704631784847048,
                "low": 0.02244299048145748
            },
            "QCDFlvCompos": {
                "high": 0.0029099094393341116,
                "low": 0.002268100801178391
            },
            "l1PreFiring": {
                "high": 0.0006564337462946571,
                "low": 0.0
            },
            "lumi_13TeV": {
                "high": 0.0005938422690821366,
                "low": 0.000978022265343242
            },
            "extMutagVarRwgt": {
                "high": 0.07999999999999996,
                "low": 0.07999999999999996
            },
            "extMutagTau21Variation": {
                "high": 0.127,
                "low": 0.127
            },
            "jer": {
                "high": 0.0028447482037774487,
                "low": 0.002354790364768847
            },
            "jes": {
                "high": 0.0007580002195191955,
                "low": 0.0014785529267777426
            },
            "final": {
                "high": 0.1522442700017149,
                "central": 0.7383212447166443,
                "low": 0.15239902421357468
            },
            "fracLight": {
                "high": 0.006138311109266385,
                "low": 0.005411524305498184
            },
            "fracBB": {
                "high": 0.008481163090942592,
                "low": 0.006677740635701533
            },
            "fracCC": {
                "high": 0.01279857872092194,
                "low": 0.009865783194460681
            },
            "pu": {
                "high": 0.002850194151067834,
                "low": 0.002870584996350946
            }
        },
        "ptbin2": {
            "stats": {
                "high": 0.016086094240649884,
                "low": 0.016046471898105374
            },
            "QCDFlvCompos": {
                "high": 0.0031198099732436496,
                "low": 0.0038691080835372496
            },
            "l1PreFiring": {
                "high": 0.0003054200591168108,
                "low": 0.0
            },
            "lumi_13TeV": {
                "high": 0.00026842458893506415,
                "low": 0.0002761659189759959
            },
            "extMutagVarRwgt": {
                "high": 0.08299999999999996,
                "low": 0.08299999999999996
            },
            "extMutagTau21Variation": {
                "high": 0.05699999999999994,
                "low": 0.05699999999999994
            },
            "jer": {
                "high": 0.00042336118810001893,
                "low": 0.00011101505625625965
            },