{
    "tight": {},
    "medium": {
        "ptbin1": {
            "stats": {
                "high": 0.5990146470786064,
                "low": 0.0
            },
            "QCDFlvCompos": {
                "high": 0.30740444182005844,
                "low": 0.0
            },
            "l1PreFiring": {
                "high": 0.017653673749749015,
                "low": 0.0
            },
            "lumi_13TeV": {
                "high": 0.002443675604540517,
                "low": 0.0
            },
            "extMutagVarRwgt": {
                "high": 0.0,
                "low": 0.0
            },
            "extMutagTau21Variation": {
                "high": 0.0,
                "low": 0.0
            },
            "jer": {
                "high": 0.09665813493311373,
                "low": 0.0
            },
            "jes": {
                "high": 0.0707750006211785,
                "low": 0.0
            },
            "final": {
                "high": 0.713264815533175,
                "central": 0.0007947085541673005,
                "low": 0.0
            },
            "fracLight": {
                "high": 0.1678122824937468,
                "low": 0.0
            },
            "fracBB": {
                "high": 0.06601925397551386,
                "low": 0.0
            },
            "fracCC": {
                "high": 0.09084058797392934,
                "low": 0.0
            },
            "pu": {
                "high": 0.0,
                "low": 0.0
            }
        },
        "ptbin2": {
            "stats": {
                "high": 0.5897121258053295,
                "low": 0.2198033444583416
            },
            "QCDFlvCompos": {
                "high": 0.22348817371125862,
                "low": 0.0
            },
            "l1PreFiring": {
                "high": 0.0,
                "low": 0.003075862351286825
            },
            "lumi_13TeV": {
                "high": 0.00379612131957165,
                "low": 0.0021777940873884782
            },
            "extMutagVarRwgt": {
                "high": 0.0,
                "low": 0.0
            },
            "extMutagTau21Variation": {
                "high": 0.0,
                "low": 0.0
            },
            "jer": {
                "high": 0.0,
                "low": 0.0021064341185454962
            },
            "jes": {
                "high": 0.0329137207687377,
                "low": 0.00493268885906022
            },
            "final": {
                "high": 0.6351525025575219,
                "central": 0.23929418623447418,
                "low": 0.21929418668150902
            },
            "fracLight": {
                "high": 0.052514331697019696,
                "low": 0.0031144318691916587
            },
            "fracBB": {
                "high": 0.012897850246122956,
                "low": 0.0
            },
            "fracCC": {
                "high": 0.03549881794869402,
                "low": 0.0
            },
            "pu": {
                "high": 0.02137334501894325,
                "low": 0.0029695134497231333
            }
        },
        "ptbin3": {
            "stats": {
                "high": 0.0,
                "low": 0.37829844553879854
            },
            "QCDFlvCompos": {
                "high": 0.0,
                "low": 0.05111943047768706
            },
            "l1PreFiring": {
                "high": 0.0,
                "low": 0.0026577656565378196
            },
            "lumi_13TeV": {
                "high": 0.0,
                "low": 0.0011711782181312918
            },
            "extMutagVarRwgt": {
                "high": 0.0,
                "low": 0.0
            },
            "extMutagTau21Variation": {
                "high": 0.0,
                "low": 0.0
            },
            "jer": {
                "high": 0.0,
                "low": 0.004531760814922147
            },
            "jes": {
                "high": 0.0,
                "low": 0.0006673618383056386
            },
            "final": {
                "high": 0.0,
                "central": 1.9999996423721313,
                "low": 0.38783240009926234
            },
            "fracLight": {
                "high": 0.0,
                "low": 0.08091183404973609
            },
            "fracBB": {
                "high": 0.0,
                "low": 0.0
            },
            "fracCC": {
                "high": 0.0,
                "low": 0.0
            },
            "pu": {
                "high": 0.0,
                "low": 0.0018263044350142518
            }
        }
    },
    "loose": {
        "ptbin1": {
            "stats": {
                "high": 0.35324100804818825,
                "low": 0.34542941437977437
            },
            "QCDFlvCompos": {
                "high": 0.12719279284469462,
                "low": 0.11055646378020591
            },
            "l1PreFiring": {
                "high": 0.0028528773308145435,
                "low": 0.007133339126579187
            },
            "lumi_13TeV": {
                "high": 0.009651127235965973,
                "low": 0.009124975307653448
            },
            "extMutagVarRwgt": {
                "high": 0.0,
                "low": 0.0
            },
            "extMutagTau21Variation": {
                "high": 0.0,
                "low": 0.0
            },
            "jer": {
                "high": 0.01298125716694989,
                "low": 0.022436056483423734
            },
            "jes": {
                "high": 0.04590267232927613,
                "low": 0.032135556780108814
            },
            "final": {
                "high": 0.42414520991253757,
                "central": 0.7393043041229248,
                "low": 0.4103439795262153
            },
            "fracLight": {
                "high": 0.1566893245738132,
                "low": 0.08118759180912509
            },
            "fracBB": {
                "high": 0.06887900805164485,
                "low": 0.08705110257912917
            },
            "fracCC": {
                "high": 0.0819567168260693,
                "low": 0.14216564443265028
            },
            "pu": {
                "high": 0.023501608969158826,
                "low": 0.02805992174900323
            }
        },
        "ptbin2": {
            "stats": {
                "high": 0.43357451859549134,
                "low": 0.3432318847907885
            },
            "QCDFlvCompos": {
                "high": 0.16661404418940523,
                "low": 0.004851890638152994
            },
            "l1PreFiring": {
                "high": 0.0,
                "low": 0.004511042555217757
            },
            "lumi_13TeV": {
                "high": 0.006609502574513006,
                "low": 0.007582748969234299
            },
            "extMutagVarRwgt": {
                "high": 0.0,
                "low": 0.0
            },
            "extMutagTau21Variation": {
                "high": 0.0,
                "low": 0.0
            },
            "jer": {
                "high": 0.001184248082450257,
                "low": 0.004247898930928511
            },
            "jes": {
                "high": 0.06129644304092513,
                "low": 0.027994880575657625
            },
            "final": {
                "high": 0.4682050640585902,
                "central": 0.5342938899993896,
                "low": 0.3794657671666216
            },
            "fracLight": {
                "high": 0.0,
                "low": 0.041961456823209335
            },
            "fracBB": {
                "high": 0.04632047812163609,
                "low": 0.06396067157887489
            },
            "fracCC": {
                "high": 0.10564503603232596,
                "low": 0.13873246729777888
            },
            "pu": {
                "high": 0.05341316416988563,