{
    "tight": {
        "ptbin1": {
            "stats": {
                "high": 0.01033658118796732,
                "low": 0.013599740955763773
            },
            "QCDFlvCompos": {
                "high": 0.013233489917235506,
                "low": 0.01400865955215681
            },
            "l1PreFiring": {
                "high": 0.0,
                "low": 0.00014134870466899553
            },
            "lumi_13TeV": {
                "high": 0.00032945784451957896,
                "low": 0.0002060324700298309
            },
            "extMutagVarRwgt": {
                "high": 0.08899999999999997,
                "low": 0.08899999999999997
            },
            "extMutagTau21Variation": {
                "high": 0.15200000000000002,
                "low": 0.15200000000000002
            },
            "jer": {
                "high": 0.0013216159204055,
                "low": 0.0
            },
            "jes": {
                "high": 0.006673947417848245,
                "low": 0.0
            },
            "final": {
                "high": 0.18052706272365562,
                "central": 0.715238094329834,
                "low": 0.18156971721000656
            },
            "fracLight": {
                "high": 0.02786930923027697,
                "low": 0.03369458560302584
            },
            "fracBB": {
                "high": 0.01378370621198819,
                "low": 0.018603017628211732
            },
            "fracCC": {
                "high": 0.00535945066276803,
                "low": 0.005724160537065949
            },
            "pu": {
                "high": 0.015738840845091244,
                "low": 0.006865923440100453
            }
        },
        "ptbin2": {
            "stats": {
                "high": 0.0,
                "low": 0.009063673455118049
            },
            "QCDFlvCompos": {
                "high": 0.010364817371381532,
                "low": 0.012852899584550045
            },
            "l1PreFiring": {
                "high": 0.0,
                "low": 0.0022264753885105344
            },
            "lumi_13TeV": {
                "high": 0.0,
                "low": 5.4361939988177393e-05
            },
            "extMutagVarRwgt": {
                "high": 0.132,
                "low": 0.132
            },
            "extMutagTau21Variation": {
                "high": 0.062000000000000055,
                "low": 0.062000000000000055
            },
            "jer": {
                "high": 0.0007261567271435915,
                "low": 0.0
            },
            "jes": {
                "high": 0.0005665259448061755,
                "low": 0.0035929999230192955
            },
            "final": {
                "high": 0.14757781168035142,
                "central": 0.755858302116394,
                "low": 0.14945057752842342
            },
            "fracLight": {
                "high": 0.012276840876666284,
                "low": 0.025510008105285937
            },
            "fracBB": {
                "high": 0.009122375287594083,
                "low": 0.004797317903306105
            },
            "fracCC": {
                "high": 0.009563705526318798,
                "low": 0.0
            },
            "pu": {
                "high": 0.00884461034489692,
                "low": 0.011385796276234192
            }
        },
        "ptbin3": {
            "stats": {
                "high": 0.015313332690529147,
                "low": 0.009392797946929932
            },
            "QCDFlvCompos": {
                "high": 0.008627975826801379,
                "low": 0.00876748198473991
            },
            "l1PreFiring": {
                "high": 0.0,
                "low": 8.199484962948629e-05
            },
            "lumi_13TeV": {
                "high": 0.0,
                "low": 0.00027999468246264053
            },
            "extMutagVarRwgt": {
                "high": 0.10799999999999998,
                "low": 0.10799999999999998
            },
            "extMutagTau21Variation": {
                "high": 0.030000000000000027,
                "low": 0.030000000000000027
            },
            "jer": {
                "high": 0.003083658334336587,
                "low": 0.0
            },
            "jes": {
                "high": 0.0,
                "low": 0.0
            },
            "final": {
                "high": 0.11499482108774028,
                "central": 0.7494022250175476,
                "low": 0.11522286377339808
            },
            "fracLight": {
                "high": 0.011052402057381502,
                "low": 0.013247855694398946
            },
            "fracBB": {
                "high": 0.010587225142370567,
                "low": 0.017074953153168187
            },
            "fracCC": {
                "high": 0.010354554155308794,
                "low": 0.00894556100717514
            },
            "pu": {
                "high": 0.0004744040875291918,
                "low": 0.00021692147263366532
            }
        }
    },
    "medium": {
        "ptbin1": {
            "stats": {
                "high": 0.0,
                "low": 0.0027161836624145508
            },
            "QCDFlvCompos": {
                "high": 0.02346802858639854,
                "low": 0.017190026972650714
            },
            "l1PreFiring": {
                "high": 0.0015087180439870196,
                "low": 0.0
            },
            "lumi_13TeV": {
                "high": 0.0,
                "low": 0.0
            },
            "extMutagVarRwgt": {
                "high": 0.08300000000000007,
                "low": 0.08300000000000007
            },
            "extMutagTau21Variation": {
                "high": 0.1100000000000001,
                "low": 0.1100000000000001
            },
            "jer": {
                "high": 0.002391970644165173,
                "low": 0.0
            },
            "jes": {
                "high": 0.004567207145554746,
                "low": 0.0
            },
            "final": {
                "high": 0.14467146548810214,
                "central": 0.7827159762382507,
                "low": 0.14396788555031462
            },
            "fracLight": {
                "high": 0.029085587352268818,
                "low": 0.030066243804093624
            },
            "fracBB": {
                "high": 0.016263166849047928,
                "low": 0.023464382159603277
            },
            "fracCC": {
                "high": 0.0045113231699511515,
                "low": 0.0
            },
            "pu": {
                "high": 0.015179374216472197,
                "low": 0.0
            }
        },
        "ptbin2": {
            "stats": {
                "high": 0.0029098987579345703,
                "low": 0.0
            },
            "QCDFlvCompos": {
                "high": 0.006044966990495814,
                "low": 0.00897409107637404
            },
            "l1PreFiring": {
                "high": 1.862461557877221e-05,
                "low": 0.0
            },
            "lumi_13TeV": {
                "high": 0.00014669917646143186,
                "low": 0.0
            },
            "extMutagVarRwgt": {
                "high": 0.129,
                "low": 0.129
            },
            "extMutagTau21Variation": {
                "high": 0.050000000000000044,
                "low": 0.050000000000000044
            },
            "jer": {
                "high": 0.0,
                "low": 0.0
            },
            "jes": {
                "high": 0.0,
                "low": 0.0
            },
            "final": {
                "high": 0.13998148918463754,
                "central": 0.8170962333679199,
                "low": 0.14157209799956258
            },
            "fracLight": {
                "high": 0.011180708789216683,