{
    "tight": {},
    "medium": {
        "ptbin1": {
            "stats": {
                "high": 0.2993177706258826,
                "low": 0.2382373708316592
            },
            "QCDFlvCompos": {
                "high": 0.06391189697212728,
                "low": 0.0
            },
            "l1PreFiring": {
                "high": 0.005032814575311657,
                "low": 0.0037787085026748024
            },
            "lumi_13TeV": {
                "high": 0.002032421945598343,
                "low": 0.005495018352859981
            },
            "extMutagVarRwgt": {
                "high": 0.0,
                "low": 0.0
            },
            "extMutagTau21Variation": {
                "high": 0.0,
                "low": 0.0
            },
            "jer": {
                "high": 0.09584775295841048,
                "low": 0.04948671020633715
            },
            "jes": {
                "high": 0.001558075759423273,
                "low": 0.025087460907939743
            },
            "final": {
                "high": 0.334854300829975,
                "central": 0.44490280747413635,
                "low": 0.24858568369208944
            },
            "fracLight": {
                "high": 0.0700740304961477,
                "low": 0.01922528788736006
            },
            "fracBB": {
                "high": 0.05070576721963739,
                "low": 0.026122684249661597
            },
            "fracCC": {
                "high": 0.0030910740880095897,
                "low": 0.02542655868134537
            },
            "pu": {
                "high": 0.04173566544598836,
                "low": 0.015410465244805585
            }
        },
        "ptbin2": {
            "stats": {
                "high": 0.2902003243318496,
                "low": 0.2752573292464479
            },
            "QCDFlvCompos": {
                "high": 0.06318305095484578,
                "low": 0.03452961782555169
            },
            "l1PreFiring": {
                "high": 0.002377864237323131,
                "low": 0.003385061943043183
            },
            "lumi_13TeV": {
                "high": 0.007015566084364526,
                "low": 0.006874535812158086
            },
            "extMutagVarRwgt": {
                "high": 0.0,
                "low": 0.0
            },
            "extMutagTau21Variation": {
                "high": 0.0,
                "low": 0.0
            },
            "jer": {
                "high": 0.0055452971297042415,
                "low": 0.011032447186447258
            },
            "jes": {
                "high": 0.02880997197398026,
                "low": 0.013497464041926444
            },
            "final": {
                "high": 0.3177955837128399,
                "central": 0.7133223414421082,
                "low": 0.2908676564414479
            },
            "fracLight": {
                "high": 0.09586073702047518,
                "low": 0.042278052530610385
            },
            "fracBB": {
                "high": 0.04127752182885009,
                "low": 0.05063481574091241
            },
            "fracCC": {
                "high": 0.02903002039783258,
                "low": 0.054107301893441366
            },
            "pu": {
                "high": 0.011585027024541629,
                "low": 0.0018891876860553118
            }
        },
        "ptbin3": {
            "stats": {
                "high": 0.34990189143966854,
                "low": 0.33834533566760744
            },
            "QCDFlvCompos": {
                "high": 0.017891477576892252,
                "low": 0.029015246011486574
            },
            "l1PreFiring": {
                "high": 0.004216227435470218,
                "low": 0.0
            },
            "lumi_13TeV": {
                "high": 0.016717493443374642,
                "low": 0.012577958614178916
            },
            "extMutagVarRwgt": {
                "high": 0.0,
                "low": 0.0
            },
            "extMutagTau21Variation": {
                "high": 0.0,
                "low": 0.0
            },
            "jer": {
                "high": 0.009229255116160271,
                "low": 0.023012337071986664
            },
            "jes": {
                "high": 0.04705947029337353,
                "low": 0.0432676044437774
            },
            "final": {
                "high": 0.3732684810379716,
                "central": 0.8019624352455139,
                "low": 0.349415896634813
            },
            "fracLight": {
                "high": 0.11001146724555089,
                "low": 0.03578753086659431
            },
            "fracBB": {
                "high": 0.028949709231722024,
                "low": 0.022498101785219167
            },
            "fracCC": {
                "high": 0.024552581658687078,
                "low": 0.045176864463432505
            },
            "pu": {
                "high": 0.020915506738228902,
                "low": 0.019731924679260167
            }
        }
    },
    "loose": {
        "ptbin1": {
            "stats": {
                "high": 0.16993635585615985,
                "low": 0.26399591615825213
            },
            "QCDFlvCompos": {
                "high": 0.08376711574725955,
                "low": 0.03606152535618726
            },
            "l1PreFiring": {
                "high": 0.0,
                "low": 0.004156115051100903
            },
            "lumi_13TeV": {
                "high": 0.0,
                "low": 0.001551756142250851
            },
            "extMutagVarRwgt": {
                "high": 0.0,
                "low": 0.0
            },
            "extMutagTau21Variation": {
                "high": 0.0,
                "low": 0.0
            },
            "jer": {
                "high": 0.0051432143557527945,
                "low": 0.04811527238514839
            },
            "jes": {
                "high": 0.039289494268645316,
                "low": 0.11297051730309896
            },
            "final": {
                "high": 0.22065186984250518,
                "central": 0.7747588753700256,
                "low": 0.299211142314846
            },
            "fracLight": {
                "high": 0.10414576795388686,
                "low": 0.03584881872715461
            },
            "fracBB": {
                "high": 0.015375012459434909,
                "low": 0.0041494504386081505
            },
            "fracCC": {
                "high": 0.004498269835860128,
                "low": 0.04559417591018395
            },
            "pu": {
                "high": 0.0115535054586029,
                "low": 0.007399138479023065
            }
        },
        "ptbin2": {
            "stats": {
                "high": 0.15392772535120025,
                "low": 0.14399104343529834
            },
            "QCDFlvCompos": {
                "high": 0.03960312744082452,
                "low": 0.018994973994560967
            },
            "l1PreFiring": {
                "high": 0.0021809858333146064,
                "low": 0.0018235648566449281
            },
            "lumi_13TeV": {
                "high": 0.006532926251713036,
                "low": 0.003225946246820408
            },
            "extMutagVarRwgt": {
                "high": 0.0,
                "low": 0.0
            },
            "extMutagTau21Variation": {
                "high": 0.0,
                "low": 0.0
            },
            "jer": {
                "high": 0.02469094123607542,
                "low": 0.023089445794648365
            },
            "jes": {
                "high": 0.0160910438417753,
                "low": 0.04940832362734301
            },
            "final": {
                "high": 0.18261470722577722,
                "central": 0.6800968050956726,
                "low": 0.1687401304051911
            },