{
    "tight": {
        "ptbin1": {
            "QCDFlvCompos": {
                "high": 0.024574058178671643,
                "low": 0.000783139683835076
            },
            "tau21_uncertainty_max": {
                "high": 0.08687132700037425,
                "low": 0.08687132700037425
            },
            "reweighting_uncertainty": {
                "high": 0.04546897171477804,
                "low": 0.04546897171477804
            },
            "jer": {
                "high": 0.016350294142366176,
                "low": 0.011816074010396926
            },
            "jes": {
                "high": 0.0037698001512093504,
                "low": 0.0026758880799717982
            },
            "lumi_13TeV": {
                "high": 0.0018489739876395828,
                "low": 0.0018139042613436877
            },
            "final": {
                "high": 0.19419012090143287,
                "central": 0.7809406518936157,
                "low": 0.17628815183410332
            },
            "fracLight": {
                "high": 0.06855828941575505,
                "low": 0.04916504138665969
            },
            "fracBB": {
                "high": 0.02697728059868167,
                "low": 0.011897772754361822
            },
            "fracCC": {
                "high": 0.013205077529175761,
                "low": 0.008290372729619095
            },
            "pu": {
                "high": 0.032856935308773365,
                "low": 0.026387698984238834
            },
            "l1PreFiring": {
                "high": 0.003071707270476121,
                "low": 0.0021599579542205473
            },
            "psWeightIsr": {
                "high": 0.010891298079435247,
                "low": 0.011897352921176104
            },
            "psWeightFsr": {
                "high": 0.019720240418312353,
                "low": 0.005840582492880509
            },
            "stats": {
                "high": 0.1414496130503462,
                "low": 0.13344905408998908
            }
        },
        "ptbin2": {
            "QCDFlvCompos": {
                "high": 0.0016885941470368639,
                "low": 0.012260999337221912
            },
            "tau21_uncertainty_max": {
                "high": 0.21591916129894473,
                "low": 0.21591916129894473
            },
            "reweighting_uncertainty": {
                "high": 0.10589761870592418,
                "low": 0.10589761870592418
            },
            "jer": {
                "high": 0.02369158317580306,
                "low": 0.01047145423187348
            },
            "jes": {
                "high": 0.02419881706103039,
                "low": 0.01915055613966532
            },
            "lumi_13TeV": {
                "high": 0.0038756928257041657,
                "low": 0.0022978685474469795
            },
            "final": {
                "high": 0.35643324548512095,
                "central": 0.5934948325157166,
                "low": 0.304390700392954
            },
            "fracLight": {
                "high": 0.07129430395347425,
                "low": 0.04173579805313091
            },
            "fracBB": {
                "high": 0.03208294208330963,
                "low": 0.00822040665931239
            },
            "fracCC": {
                "high": 0.016185547560814913,
                "low": 0.00685168036091158
            },
            "pu": {
                "high": 0.0030709967632323748,
                "low": 0.003254552720778219
            },
            "l1PreFiring": {
                "high": 0.0,
                "low": 0.0017245943465874708
            },
            "psWeightIsr": {
                "high": 0.10730211748488017,
                "low": 0.05795038122743091
            },
            "psWeightFsr": {
                "high": 0.14064879655075946,
                "low": 0.048362104419487996
            },
            "stats": {
                "high": 0.17426153334309868,
                "low": 0.16315390754556797
            }
        },
        "ptbin3": {
            "QCDFlvCompos": {
                "high": 0.0009916241413735706,
                "low": 0.002245496658901493
            },
            "tau21_uncertainty_max": {
                "high": 0.2970251697723506,
                "low": 0.2970251697723506
            },
            "reweighting_uncertainty": {
                "high": 0.06679437796535848,
                "low": 0.06679437796535848
            },
            "jer": {
                "high": 0.0033947641748092454,
                "low": 0.003756477728168275
            },
            "jes": {
                "high": 0.048924208436477476,
                "low": 0.014076274725245303
            },
            "lumi_13TeV": {
                "high": 0.011196919691682586,
                "low": 0.010584924939838997
            },
            "final": {
                "high": 0.33745608190157117,
                "central": 0.8300514221191406,
                "low": 0.3254268613329463
            },
            "fracLight": {
                "high": 0.08619937679993117,
                "low": 0.06175457897618782
            },
            "fracBB": {
                "high": 0.034585697181964296,
                "low": 0.01709613661604896
            },
            "fracCC": {
                "high": 0.03739403952037044,
                "low": 0.02933368073531845
            },
            "pu": {
                "high": 0.0052203254424705095,
                "low": 0.006054300463465283
            },
            "l1PreFiring": {
                "high": 0.0,
                "low": 0.0013319554176655635
            },
            "psWeightIsr": {
                "high": 0.015870815144127984,
                "low": 0.008166538747543443
            },
            "psWeightFsr": {
                "high": 0.02418407224609931,
                "low": 0.02592290790022645
            },
            "stats": {
                "high": 0.08816763097029612,
                "low": 0.08452441800445643
            }
        }
    },
    "medium": {
        "ptbin1": {
            "QCDFlvCompos": {
                "high": 0.007178945347216413,
                "low": 0.011140627163719613
            },
            "tau21_uncertainty_max": {
                "high": 0.1317042444606028,
                "low": 0.1317042444606028
            },
            "reweighting_uncertainty": {
                "high": 0.04938954119744732,
                "low": 0.04938954119744732
            },
            "jer": {
                "high": 0.0023097961751461374,
                "low": 0.00022511500010023134
            },
            "jes": {
                "high": 0.007327580424403822,
                "low": 0.007372473364766939
            },
            "lumi_13TeV": {
                "high": 0.0,
                "low": 0.0008499765103121759
            },
            "final": {
                "high": 0.1803510100303648,
                "central": 0.7455661296844482,
                "low": 0.17366429406585773
            },
            "fracLight": {
                "high": 0.059085696788757636,
                "low": 0.045386857127882214
            },
            "fracBB": {
                "high": 0.01616100998586444,
                "low": 0.004452473823559627
            },
            "fracCC": {
                "high": 0.006262871592530155,
                "low": 0.003162211333088803
            },
            "pu": {
                "high": 0.005905690178034195,
                "low": 0.0037118938107130804
            },
            "l1PreFiring": {
                "high": 0.0015598003814174654,
                "low": 0.0020556656120137677
            },
            "psWeightIsr": {
                "high": 0.002505547969188047,
                "low": 0.001867090302038441
            },
            "psWeightFsr": {
                "high": 0.011648468358409153,