{
    "tight": {
        "ptbin1": {
            "QCDFlvCompos": {
                "high": 0.0006788552750924241,
                "low": 0.0023761756006109307
            },
            "tau21_uncertainty_max": {
                "high": 0.13813682254735637,
                "low": 0.13813682254735637
            },
            "reweighting_uncertainty": {
                "high": 0.019593147019597135,
                "low": 0.019593147019597135
            },
            "jer": {
                "high": 0.0016001485651981288,
                "low": 0.0028539123035691617
            },
            "jes": {
                "high": 0.020085859177641736,
                "low": 0.016111862885179403
            },
            "lumi_13TeV": {
                "high": 0.0016024959838786563,
                "low": 0.001444022207399405
            },
            "final": {
                "high": 0.15268121260550774,
                "central": 0.7640542984008789,
                "low": 0.150818653882433
            },
            "fracLight": {
                "high": 0.0028285412317998406,
                "low": 0.002895640592322943
            },
            "fracBB": {
                "high": 0.032089587862749694,
                "low": 0.027184369838381094
            },
            "fracCC": {
                "high": 0.009768860649090582,
                "low": 0.008360525545186941
            },
            "pu": {
                "high": 0.014959401354739036,
                "low": 0.01334615299462415
            },
            "l1PreFiring": {
                "high": 0.0009921147861581023,
                "low": 0.0008690031933952707
            },
            "psWeightIsr": {
                "high": 0.004754438375587127,
                "low": 0.003756783590873647
            },
            "psWeightFsr": {
                "high": 0.015152796497747744,
                "low": 0.014331270850484502
            },
            "stats": {
                "high": 0.04273986005108443,
                "low": 0.042302222811855916
            }
        },
        "ptbin2": {
            "QCDFlvCompos": {
                "high": 0.0015304967357239456,
                "low": 0.0
            },
            "tau21_uncertainty_max": {
                "high": 0.06833408250112483,
                "low": 0.06833408250112483
            },
            "reweighting_uncertainty": {
                "high": 0.046547186058016776,
                "low": 0.046547186058016776
            },
            "jer": {
                "high": 0.0019058235458387757,
                "low": 0.0017728283666282988
            },
            "jes": {
                "high": 0.03363584304973235,
                "low": 0.02386543652186966
            },
            "lumi_13TeV": {
                "high": 0.0034865057542165356,
                "low": 0.0031909299537080053
            },
            "final": {
                "high": 0.11032132382264243,
                "central": 0.747671902179718,
                "low": 0.10502338336191443
            },
            "fracLight": {
                "high": 0.002688949254837146,
                "low": 0.0025392494789263273
            },
            "fracBB": {
                "high": 0.040818233577955235,
                "low": 0.0342077589572672
            },
            "fracCC": {
                "high": 0.008662925622427188,
                "low": 0.007493555116483415
            },
            "pu": {
                "high": 0.013116060300322925,
                "low": 0.011783290668163684
            },
            "l1PreFiring": {
                "high": 0.0007681200911998836,
                "low": 0.0007358888426949533
            },
            "psWeightIsr": {
                "high": 0.0023704483245029074,
                "low": 0.002218046980369291
            },
            "psWeightFsr": {
                "high": 0.012303853191678161,
                "low": 0.01249442563142607
            },
            "stats": {
                "high": 0.04590290937780295,
                "low": 0.04558197210107984
            }
        },
        "ptbin3": {
            "QCDFlvCompos": {
                "high": 0.022543420429539884,
                "low": 0.02154815778364208
            },
            "tau21_uncertainty_max": {
                "high": 0.241559983074639,
                "low": 0.241559983074639
            },
            "reweighting_uncertainty": {
                "high": 0.07824602742853914,
                "low": 0.07824602742853914
            },
            "jer": {
                "high": 0.003330841887271408,
                "low": 0.005182011626650837
            },
            "jes": {
                "high": 0.04190183270987012,
                "low": 0.025053732445832266
            },
            "lumi_13TeV": {
                "high": 0.005971749387775659,
                "low": 0.005066708271460441
            },
            "final": {
                "high": 0.2750064017856986,
                "central": 0.8744014501571655,
                "low": 0.2728940774826212
            },
            "fracLight": {
                "high": 0.0009366689423013918,
                "low": 0.002336710886378307
            },
            "fracBB": {
                "high": 0.06542323883950245,
                "low": 0.051079305957861955
            },
            "fracCC": {
                "high": 0.009838578167953886,
                "low": 0.007983543294547113
            },
            "pu": {
                "high": 0.014287957064467664,
                "low": 0.016372835074041813
            },
            "l1PreFiring": {
                "high": 0.0,
                "low": 0.0008449117699717152
            },
            "psWeightIsr": {
                "high": 0.005115183863897834,
                "low": 0.00871528759486494
            },
            "psWeightFsr": {
                "high": 0.04496631879639087,
                "low": 0.03891797859841699
            },
            "stats": {
                "high": 0.04705290692932729,
                "low": 0.0656911890928471
            }
        }
    },
    "medium": {
        "ptbin1": {
            "QCDFlvCompos": {
                "high": 0.0008016112759372243,
                "low": 0.002722094003633866
            },
            "tau21_uncertainty_max": {
                "high": 0.09808196873050157,
                "low": 0.09808196873050157
            },
            "reweighting_uncertainty": {
                "high": 0.004991113986110851,
                "low": 0.004991113986110851
            },
            "jer": {
                "high": 0.0007200601703327968,
                "low": 0.008477479363408022
            },
            "jes": {
                "high": 0.033133181021455425,
                "low": 0.010851520002372309
            },
            "lumi_13TeV": {
                "high": 0.00039026205248568447,
                "low": 0.0003192829500459787
            },
            "final": {
                "high": 0.11795090658323762,
                "central": 0.7947956323623657,
                "low": 0.1108196441374889
            },
            "fracLight": {
                "high": 0.00468074209660265,
                "low": 0.004564089920543948
            },
            "fracBB": {
                "high": 0.030331424051825723,
                "low": 0.025350275539336588
            },
            "fracCC": {
                "high": 0.010233200408581304,
                "low": 0.009062405934749199
            },
            "pu": {
                "high": 0.007973049323320101,
                "low": 0.006044454761568766
            },
            "l1PreFiring": {
                "high": 0.0015375659273385084,
                "low": 0.0010769994939198303
            },
            "psWeightIsr": {
                "high": 0.0011779065139910323,
                "low": 0.0016289302138160007
            },