{
    "tight": {
        "ptbin1": {
            "QCDFlvCompos": {
                "high": 0.01315761236425796,
                "low": 0.009540762625749124
            },
            "tau21_uncertainty_max": {
                "high": 0.1255079329501495,
                "low": 0.1255079329501495
            },
            "reweighting_uncertainty": {
                "high": 0.018822617301166855,
                "low": 0.018822617301166855
            },
            "jer": {
                "high": 0.011598335030206472,
                "low": 0.011992155492720202
            },
            "jes": {
                "high": 0.011839921480705397,
                "low": 0.07062053637381475
            },
            "lumi_13TeV": {
                "high": 0.0022964412187073094,
                "low": 0.0018310719024776983
            },
            "final": {
                "high": 0.13385204043339702,
                "central": 0.7614068388938904,
                "low": 0.15245375084552967
            },
            "fracLight": {
                "high": 0.0025343982400007725,
                "low": 0.0030368485147043117
            },
            "fracBB": {
                "high": 0.024674140039307606,
                "low": 0.02054045420932015
            },
            "fracCC": {
                "high": 0.014768903597662031,
                "low": 0.012881820560789356
            },
            "pu": {
                "high": 0.0006126935793395658,
                "low": 0.0025541584669892766
            },
            "l1PreFiring": {
                "high": 0.00040315310567680043,
                "low": 0.00015426402957854896
            },
            "psWeightIsr": {
                "high": 0.003289483514311504,
                "low": 0.0008625741283811908
            },
            "psWeightFsr": {
                "high": 0.010014183332005005,
                "low": 0.025157404326549487
            },
            "stats": {
                "high": 0.020291271057158333,
                "low": 0.0259403644168128
            }
        },
        "ptbin2": {
            "QCDFlvCompos": {
                "high": 0.0022274248372333274,
                "low": 0.001982742288466709
            },
            "tau21_uncertainty_max": {
                "high": 0.13989692251697594,
                "low": 0.13989692251697594
            },
            "reweighting_uncertainty": {
                "high": 0.01537654446471104,
                "low": 0.01537654446471104
            },
            "jer": {
                "high": 0.0037358405689376676,
                "low": 0.0037013302532495364
            },
            "jes": {
                "high": 0.012515219155212377,
                "low": 0.011649540753018021
            },
            "lumi_13TeV": {
                "high": 0.0031033615974994893,
                "low": 0.0030959157124403397
            },
            "final": {
                "high": 0.1456757366581411,
                "central": 0.6761786341667175,
                "low": 0.14504771687302392
            },
            "fracLight": {
                "high": 0.0010472004319513856,
                "low": 0.000631016516383428
            },
            "fracBB": {
                "high": 0.02186765700565557,
                "low": 0.01979275404982143
            },
            "fracCC": {
                "high": 0.01229271568657968,
                "low": 0.011383602533031115
            },
            "pu": {
                "high": 0.0070416695398513125,
                "low": 0.007388647997872164
            },
            "l1PreFiring": {
                "high": 0.0006828259306005246,
                "low": 0.0006391642885499692
            },
            "psWeightIsr": {
                "high": 0.0012453177128429762,
                "low": 0.0016697050609807721
            },
            "psWeightFsr": {
                "high": 0.014804162054618967,
                "low": 0.01304193151869686
            },
            "stats": {
                "high": 0.018096585575962165,
                "low": 0.017852374348979017
            }
        },
        "ptbin3": {
            "QCDFlvCompos": {
                "high": 0.004323420965583941,
                "low": 0.004162986435931688
            },
            "tau21_uncertainty_max": {
                "high": 0.06171308167584877,
                "low": 0.06171308167584877
            },
            "reweighting_uncertainty": {
                "high": 0.009620960710298498,
                "low": 0.009620960710298498
            },
            "jer": {
                "high": 0.00582555308186728,
                "low": 0.00505323616988145
            },
            "jes": {
                "high": 0.014740311481696852,
                "low": 0.012732335448035675
            },
            "lumi_13TeV": {
                "high": 0.00501519330502682,
                "low": 0.004388203108799423
            },
            "final": {
                "high": 0.08127753549363821,
                "central": 0.5975027084350586,
                "low": 0.07853284061197548
            },
            "fracLight": {
                "high": 0.0009807728897879861,
                "low": 0.0010089530890427499
            },
            "fracBB": {
                "high": 0.030917170517503808,
                "low": 0.02457828450209742
            },
            "fracCC": {
                "high": 0.01204743319188885,
                "low": 0.00977285503478851
            },
            "pu": {
                "high": 0.008678911704020135,
                "low": 0.0081780083330419
            },
            "l1PreFiring": {
                "high": 0.0005797508401475134,
                "low": 0.0003960795624618178
            },
            "psWeightIsr": {
                "high": 0.007951449693824724,
                "low": 0.007078430886107826
            },
            "psWeightFsr": {
                "high": 0.013967990680653117,
                "low": 0.011874759663226904
            },
            "stats": {
                "high": 0.03120814840561925,
                "low": 0.03291406726933477
            }
        }
    },
    "medium": {
        "ptbin1": {
            "QCDFlvCompos": {
                "high": 0.004807892999020791,
                "low": 0.00337356603989621
            },
            "tau21_uncertainty_max": {
                "high": 0.12640162040382086,
                "low": 0.12640162040382086
            },
            "reweighting_uncertainty": {
                "high": 0.07384235608545253,
                "low": 0.07384235608545253
            },
            "jer": {
                "high": 0.005403284389643076,
                "low": 0.004078758951261982
            },
            "jes": {
                "high": 0.012043214855402783,
                "low": 0.010589832208910514
            },
            "lumi_13TeV": {
                "high": 0.0005341335253159458,
                "low": 0.0002796837683143516
            },
            "final": {
                "high": 0.15127989918285417,
                "central": 0.7804099917411804,
                "low": 0.1505775681325748
            },
            "fracLight": {
                "high": 0.0032740021621115636,
                "low": 0.0030258986619124137
            },
            "fracBB": {
                "high": 0.020603213796863244,
                "low": 0.018154219148749224
            },
            "fracCC": {
                "high": 0.014196443401202151,
                "low": 0.012418255430376595
            },
            "pu": {
                "high": 0.0008882794151926394,
                "low": 0.001153594322989679
            },
            "l1PreFiring": {
                "high": 0.00018720641574386567,
                "low": 4.101529195397807e-05
            },
            "psWeightIsr": {
                "high": 0.0007069936219199422,
                "low": 0.0011940166776893888
            },