{
    "tight": {
        "ptbin1": {
            "QCDFlvCompos": {
                "high": 0.013582695399573031,
                "low": 0.005401481680922296
            },
            "tau21_uncertainty_max": {
                "high": 0.10476580475235775,
                "low": 0.10476580475235775
            },
            "reweighting_uncertainty": {
                "high": 0.0654938546868018,
                "low": 0.0654938546868018
            },
            "jer": {
                "high": 0.029350424755204947,
                "low": 0.02549172165637674
            },
            "jes": {
                "high": 0.011324688157204253,
                "low": 0.013711167323432917
            },
            "lumi_13TeV": {
                "high": 0.0040615048931555734,
                "low": 0.003270593903690606
            },
            "final": {
                "high": 0.19619087999255783,
                "central": 0.6548560857772827,
                "low": 0.18382056980804615
            },
            "fracLight": {
                "high": 0.05823989885780274,
                "low": 0.04004833628650798
            },
            "fracBB": {
                "high": 0.02244968601672349,
                "low": 0.008857827248788436
            },
            "fracCC": {
                "high": 0.014679550039293509,
                "low": 0.008593534341836651
            },
            "pu": {
                "high": 0.032793597434968506,
                "low": 0.029054969881990047
            },
            "l1PreFiring": {
                "high": 0.0020806486814528187,
                "low": 0.001247932493402313
            },
            "psWeightIsr": {
                "high": 0.0059106141474113425,
                "low": 0.01097869010399028
            },
            "psWeightFsr": {
                "high": 0.04561547319833073,
                "low": 0.038960984327612726
            },
            "stats": {
                "high": 0.12135914393519465,
                "low": 0.11578673734198508
            }
        },
        "ptbin2": {
            "QCDFlvCompos": {
                "high": 0.0019819082468594774,
                "low": 0.006950107867631759
            },
            "tau21_uncertainty_max": {
                "high": 0.04566424519944756,
                "low": 0.04566424519944756
            },
            "reweighting_uncertainty": {
                "high": 0.06639208068558844,
                "low": 0.06639208068558844
            },
            "jer": {
                "high": 0.012005316480497746,
                "low": 0.012052625392204107
            },
            "jes": {
                "high": 0.01727885303545171,
                "low": 0.01651418624178031
            },
            "lumi_13TeV": {
                "high": 0.004061485067953062,
                "low": 0.002869703619664737
            },
            "final": {
                "high": 0.1634569897741732,
                "central": 0.6203926205635071,
                "low": 0.1498414115546008
            },
            "fracLight": {
                "high": 0.05245213062268066,
                "low": 0.03660122118863609
            },
            "fracBB": {
                "high": 0.029702560828876543,
                "low": 0.01739869803146453
            },
            "fracCC": {
                "high": 0.01702792699023367,
                "low": 0.011403759351109091
            },
            "pu": {
                "high": 0.034676256224603935,
                "low": 0.030854802600681634
            },
            "l1PreFiring": {
                "high": 0.0038094757099190277,
                "low": 0.002155359023724257
            },
            "psWeightIsr": {
                "high": 0.003832453499101064,
                "low": 0.005548623775276215
            },
            "psWeightFsr": {
                "high": 0.019895389702391932,
                "low": 0.01248676387336018
            },
            "stats": {
                "high": 0.11921014354892423,
                "low": 0.11211160911370643
            }
        },
        "ptbin3": {
            "QCDFlvCompos": {
                "high": 0.007918073606366613,
                "low": 0.011777917164918923
            },
            "tau21_uncertainty_max": {
                "high": 0.16102355362028797,
                "low": 0.16102355362028797
            },
            "reweighting_uncertainty": {
                "high": 0.023422275411197013,
                "low": 0.023422275411197013
            },
            "jer": {
                "high": 0.0008793682756650949,
                "low": 0.000375909813049673
            },
            "jes": {
                "high": 0.00870265797025479,
                "low": 0.008556428521613138
            },
            "lumi_13TeV": {
                "high": 0.007519931670446152,
                "low": 0.006998045646052448
            },
            "final": {
                "high": 0.18596472125288455,
                "central": 0.4614131450653076,
                "low": 0.18104436182023279
            },
            "fracLight": {
                "high": 0.042282664886446775,
                "low": 0.0283835154740944
            },
            "fracBB": {
                "high": 0.009695965246786837,
                "low": 0.002258068596876167
            },
            "fracCC": {
                "high": 0.019245505697570442,
                "low": 0.013331618996766692
            },
            "pu": {
                "high": 0.01675382511656507,
                "low": 0.01532159094332821
            },
            "l1PreFiring": {
                "high": 0.0004912462165393176,
                "low": 0.0004802141068307353
            },
            "psWeightIsr": {
                "high": 0.002215950194757328,
                "low": 0.00254004145800898
            },
            "psWeightFsr": {
                "high": 0.020221378514954737,
                "low": 0.01766300795463736
            },
            "stats": {
                "high": 0.07044830298686922,
                "low": 0.06705935492787213
            }
        }
    },
    "medium": {
        "ptbin1": {
            "QCDFlvCompos": {
                "high": 0.01069186412872178,
                "low": 0.006884199884028516
            },
            "tau21_uncertainty_max": {
                "high": 0.16434073916408354,
                "low": 0.16434073916408354
            },
            "reweighting_uncertainty": {
                "high": 0.07483269459342701,
                "low": 0.07483269459342701
            },
            "jer": {
                "high": 0.008465486258942268,
                "low": 0.005999595725971461
            },
            "jes": {
                "high": 0.002766366622858837,
                "low": 0.000494177846154108
            },
            "lumi_13TeV": {
                "high": 0.0016192116866046394,
                "low": 0.001990168870724694
            },
            "final": {
                "high": 0.21694359317004022,
                "central": 0.7514851093292236,
                "low": 0.2095712935617366
            },
            "fracLight": {
                "high": 0.0665171106557616,
                "low": 0.04993924540553774
            },
            "fracBB": {
                "high": 0.009396859245552842,
                "low": 0.0007142469050272434
            },
            "fracCC": {
                "high": 0.006804751892748583,
                "low": 0.004124895531367338
            },
            "pu": {
                "high": 0.021724169136501992,
                "low": 0.018822162762831808
            },
            "l1PreFiring": {
                "high": 0.0,
                "low": 0.0
            },
            "psWeightIsr": {
                "high": 0.014480892269374953,
                "low": 0.008850600281242503
            },
            "psWeightFsr": {
                "high": 0.022526702932905037,