{
    "tight": {
        "ptbin1": {
            "stats": {
                "high": 0.11447221788292783,
                "low": 0.11386114161107297
            },
            "QCDFlvCompos": {
                "high": 0.013677657837092542,
                "low": 0.010136274475611034
            },
            "l1PreFiring": {
                "high": 3.134964127454279e-05,
                "low": 0.0
            },
            "lumi_13TeV": {
                "high": 0.0022025666166816593,
                "low": 0.0
            },
            "extMutagVarRwgt": {
                "high": 0.11099999999999999,
                "low": 0.11099999999999999
            },
            "extMutagTau21Variation": {
                "high": 0.10299999999999998,
                "low": 0.10299999999999998
            },
            "jer": {
                "high": 0.006894891846457321,
                "low": 0.0060248111588495235
            },
            "jes": {
                "high": 0.008058643666421521,
                "low": 0.00897255123403528
            },
            "final": {
                "high": 0.19518444667800827,
                "central": 0.8219542503356934,
                "low": 0.1927294926543701
            },
            "fracLight": {
                "high": 0.0296641434276305,
                "low": 0.022232391584253886
            },
            "fracBB": {
                "high": 0.0028275504868810293,
                "low": 0.0028350026922810256
            },
            "fracCC": {
                "high": 0.029172527619941786,
                "low": 0.022854022923892298
            },
            "pu": {
                "high": 0.004435635856378145,
                "low": 0.0036469494877333147
            }
        },
        "ptbin2": {
            "stats": {
                "high": 0.105486092564129,
                "low": 0.10153093490652876
            },
            "QCDFlvCompos": {
                "high": 0.0037824573876617863,
                "low": 0.005561780671668579
            },
            "l1PreFiring": {
                "high": 0.0002753749345737434,
                "low": 0.0
            },
            "lumi_13TeV": {
                "high": 0.0008376035414773559,
                "low": 0.001030133083968606
            },
            "extMutagVarRwgt": {
                "high": 0.04800000000000004,
                "low": 0.04800000000000004
            },
            "extMutagTau21Variation": {
                "high": 0.17700000000000005,
                "low": 0.17700000000000005
            },
            "jer": {
                "high": 0.008169603967737254,
                "low": 0.0055614403599089125
            },
            "jes": {
                "high": 0.00815638118318378,
                "low": 0.007155923351783416
            },
            "final": {
                "high": 0.2150332756965563,
                "central": 0.8009096384048462,
                "low": 0.21184084918426757
            },
            "fracLight": {
                "high": 0.02281150508774943,
                "low": 0.020251402361218786
            },
            "fracBB": {
                "high": 0.008120101990227422,
                "low": 0.008751079942491378
            },
            "fracCC": {
                "high": 0.027258603026294837,
                "low": 0.018308606228599172
            },
            "pu": {
                "high": 0.001143807136761949,
                "low": 0.0
            }
        },
        "ptbin3": {
            "stats": {
                "high": 0.1567408545050909,
                "low": 0.13135092226497547
            },
            "QCDFlvCompos": {
                "high": 0.010780774050325946,
                "low": 0.0
            },
            "l1PreFiring": {
                "high": 0.01181372997007745,
                "low": 0.0
            },
            "lumi_13TeV": {
                "high": 0.002478381804962865,
                "low": 0.0
            },
            "extMutagVarRwgt": {
                "high": 0.10499999999999998,
                "low": 0.10499999999999998
            },
            "extMutagTau21Variation": {
                "high": 0.29100000000000004,
                "low": 0.29100000000000004
            },
            "jer": {
                "high": 0.00608523193797395,
                "low": 0.0
            },
            "jes": {
                "high": 0.012623585488955851,
                "low": 0.014434156898749276
            },
            "final": {
                "high": 0.35033785794339445,
                "central": 0.6591079831123352,
                "low": 0.3372584272575914
            },
            "fracLight": {
                "high": 0.013740979388911442,
                "low": 0.01982660369663722
            },
            "fracBB": {
                "high": 0.0,
                "low": 0.011693778483901568
            },
            "fracCC": {
                "high": 0.04284227999751381,
                "low": 0.01342273153425235
            },
            "pu": {
                "high": 0.002373322276047247,
                "low": 0.0028072182712865963
            }
        }
    },
    "medium": {
        "ptbin1": {
            "stats": {
                "high": 0.05895199442936527,
                "low": 0.05713331321853932
            },
            "QCDFlvCompos": {
                "high": 0.009796930086568833,
                "low": 0.011627657242096046
            },
            "l1PreFiring": {
                "high": 0.0,
                "low": 0.0
            },
            "lumi_13TeV": {
                "high": 0.000931359804878451,
                "low": 0.0009489137979603777
            },
            "extMutagVarRwgt": {
                "high": 0.02100000000000002,
                "low": 0.02100000000000002
            },
            "extMutagTau21Variation": {
                "high": 0.22499999999999998,
                "low": 0.22499999999999998
            },
            "jer": {
                "high": 0.002283056042106207,
                "low": 0.00321560972438253
            },
            "jes": {
                "high": 0.007562422291149309,
                "low": 0.00736002556152206
            },
            "final": {
                "high": 0.2371690035646701,
                "central": 0.8406069874763489,
                "low": 0.2356207245616491
            },
            "fracLight": {
                "high": 0.029245092509190822,
                "low": 0.0239540166954452
            },
            "fracBB": {
                "high": 0.0052192079307293296,
                "low": 0.006926695188196931
            },
            "fracCC": {
                "high": 0.025573969763981987,
                "low": 0.018937969222290216
            },
            "pu": {
                "high": 0.0034675062508075067,
                "low": 0.0025111028038093167
            }
        },
        "ptbin2": {
            "stats": {
                "high": 0.062158420651825974,
                "low": 0.06088002900938916
            },
            "QCDFlvCompos": {
                "high": 0.0,
                "low": 0.011500067744636754
            },
            "l1PreFiring": {
                "high": 0.0,
                "low": 0.012466006982509758
            },
            "lumi_13TeV": {
                "high": 0.0013274819273507992,
                "low": 0.0005510216855827244
            },
            "extMutagVarRwgt": {
                "high": 0.06399999999999995,
                "low": 0.06399999999999995
            },
            "extMutagTau21Variation": {
                "high": 0.11499999999999999,
                "low": 0.11499999999999999
            },
            "jer": {
                "high": 0.005492026565754647,
                "low": 0.0
            },
            "jes": {
                "high": 0.010041910625490787,
                "low": 0.009238632978006383
            },