{
    "tight": {
        "ptbin1": {
            "QCDFlvCompos": {
                "high": 0.010609460782019216,
                "low": 0.006758032332592325
            },
            "tau21_uncertainty_max": {
                "high": 0.12201842213706227,
                "low": 0.12201842213706227
            },
            "reweighting_uncertainty": {
                "high": 0.12877707788254444,
                "low": 0.12877707788254444
            },
            "jer": {
                "high": 0.0034023473783280273,
                "low": 0.00498204332960325
            },
            "jes": {
                "high": 0.027062231222992627,
                "low": 0.025200773549961777
            },
            "lumi_13TeV": {
                "high": 0.0026680166470891696,
                "low": 0.0025911146834401884
            },
            "final": {
                "high": 0.2015305094762261,
                "central": 0.6266365647315979,
                "low": 0.19689300603632978
            },
            "fracLight": {
                "high": 0.036857697814548285,
                "low": 0.02860801526675106
            },
            "fracBB": {
                "high": 0.021070944637504724,
                "low": 0.013796027824297938
            },
            "fracCC": {
                "high": 0.012676945140488066,
                "low": 0.009161034637457202
            },
            "pu": {
                "high": 0.007586664161993944,
                "low": 0.0038824050361560406
            },
            "l1PreFiring": {
                "high": 0.004878069049948502,
                "low": 0.004869261671963117
            },
            "psWeightIsr": {
                "high": 0.01929360621677588,
                "low": 0.013242928182247636
            },
            "psWeightFsr": {
                "high": 0.012810887529175701,
                "low": 0.00276101697259038
            },
            "stats": {
                "high": 0.07548510567324984,
                "low": 0.07258157797370679
            }
        },
        "ptbin2": {
            "QCDFlvCompos": {
                "high": 0.02249500582534567,
                "low": 0.026343882835250913
            },
            "tau21_uncertainty_max": {
                "high": 0.06756143453274233,
                "low": 0.06756143453274233
            },
            "reweighting_uncertainty": {
                "high": 0.05933257325226837,
                "low": 0.05933257325226837
            },
            "jer": {
                "high": 0.010041365273409765,
                "low": 0.004039408813214643
            },
            "jes": {
                "high": 0.005451124247966402,
                "low": 0.0029814896350736212
            },
            "lumi_13TeV": {
                "high": 0.001804358806506391,
                "low": 0.000984553002451947
            },
            "final": {
                "high": 0.14332471130448562,
                "central": 0.5100297331809998,
                "low": 0.13696872843351326
            },
            "fracLight": {
                "high": 0.04118250637016306,
                "low": 0.029302960661095556
            },
            "fracBB": {
                "high": 0.022427839864359114,
                "low": 0.011742310396643411
            },
            "fracCC": {
                "high": 0.014647684845163478,
                "low": 0.007911694654677944
            },
            "pu": {
                "high": 0.01689694945685664,
                "low": 0.01404025632335711
            },
            "l1PreFiring": {
                "high": 0.0003704191954174268,
                "low": 0.0003502375631847436
            },
            "psWeightIsr": {
                "high": 0.0033295509040913826,
                "low": 0.0028478555124986124
            },
            "psWeightFsr": {
                "high": 0.015211098362643637,
                "low": 0.013859677876400512
            },
            "stats": {
                "high": 0.09421028276450838,
                "low": 0.0921887335159764
            }
        },
        "ptbin3": {
            "QCDFlvCompos": {
                "high": 0.009596107064237592,
                "low": 0.007903114851755223
            },
            "tau21_uncertainty_max": {
                "high": 0.15311177807168563,
                "low": 0.15311177807168563
            },
            "reweighting_uncertainty": {
                "high": 0.0321040892357623,
                "low": 0.0321040892357623
            },
            "jer": {
                "high": 0.002633555586351397,
                "low": 0.002601191047077534
            },
            "jes": {
                "high": 0.007302806551673578,
                "low": 0.008573040473075152
            },
            "lumi_13TeV": {
                "high": 0.007174914506678162,
                "low": 0.006619292417389245
            },
            "final": {
                "high": 0.16707969235820383,
                "central": 0.4502023160457611,
                "low": 0.16477941120968445
            },
            "fracLight": {
                "high": 0.028978601814662074,
                "low": 0.022222784426205847
            },
            "fracBB": {
                "high": 0.01536000065487196,
                "low": 0.008181028025406536
            },
            "fracCC": {
                "high": 0.012084373402795168,
                "low": 0.008888205613974508
            },
            "pu": {
                "high": 0.006595806132482807,
                "low": 0.0054389143830246185
            },
            "l1PreFiring": {
                "high": 0.0004618636966946712,
                "low": 0.0004103258760859739
            },
            "psWeightIsr": {
                "high": 0.008492143661894365,
                "low": 0.007311143207052595
            },
            "psWeightFsr": {
                "high": 0.011416716515387627,
                "low": 0.010905964707500677
            },
            "stats": {
                "high": 0.042071442103758794,
                "low": 0.04061899986420059
            }
        }
    },
    "medium": {
        "ptbin1": {
            "QCDFlvCompos": {
                "high": 0.004530878903100493,
                "low": 0.010089055901581611
            },
            "tau21_uncertainty_max": {
                "high": 0.05937634908037315,
                "low": 0.05937634908037315
            },
            "reweighting_uncertainty": {
                "high": 0.057424274226865246,
                "low": 0.057424274226865246
            },
            "jer": {
                "high": 0.0025998526773585925,
                "low": 0.0033756579528800156
            },
            "jes": {
                "high": 0.005246473816349958,
                "low": 0.004638860808801641
            },
            "lumi_13TeV": {
                "high": 0.0006727075190085458,
                "low": 0.0006089001368401903
            },
            "final": {
                "high": 0.10459303162273813,
                "central": 0.6037743091583252,
                "low": 0.10321702941492965
            },
            "fracLight": {
                "high": 0.030837605998133556,
                "low": 0.025346075696899995
            },
            "fracBB": {
                "high": 0.009442725504169346,
                "low": 0.004399881670034417
            },
            "fracCC": {
                "high": 0.005198757482443069,
                "low": 0.0024421702817108695
            },
            "pu": {
                "high": 0.0018474919808776223,
                "low": 0.0005683863862771556
            },
            "l1PreFiring": {
                "high": 0.002471538500066021,
                "low": 0.002127935711536295
            },
            "psWeightIsr": {
                "high": 0.00339425267638592,
                "low": 0.004465316893782289
            },