{
    "tight": {
        "ptbin1": {
            "stats": {
                "high": 0.16470742671924254,
                "low": 0.15568756212310464
            },
            "QCDFlvCompos": {
                "high": 0.01753978858446487,
                "low": 0.01482449315947544
            },
            "l1PreFiring": {
                "high": 0.003208755437567182,
                "low": 0.0028017711742229956
            },
            "lumi_13TeV": {
                "high": 0.0007429589360246417,
                "low": 0.0
            },
            "extMutagVarRwgt": {
                "high": 0.018000000000000016,
                "low": 0.018000000000000016
            },
            "extMutagTau21Variation": {
                "high": 0.17199999999999993,
                "low": 0.17199999999999993
            },
            "jer": {
                "high": 0.006370487821333108,
                "low": 0.011574343591544713
            },
            "jes": {
                "high": 0.015710081024271242,
                "low": 0.010409820510138938
            },
            "final": {
                "high": 0.248224618858586,
                "central": 0.8396106958389282,
                "low": 0.2372398284136328
            },
            "fracLight": {
                "high": 0.047865985618221925,
                "low": 0.03686733545116908
            },
            "fracBB": {
                "high": 0.012237183974757737,
                "low": 0.011861910459232516
            },
            "fracCC": {
                "high": 0.036345929847716306,
                "low": 0.011352898676302814
            },
            "pu": {
                "high": 0.014529799716006939,
                "low": 0.006211666452911262
            }
        },
        "ptbin2": {
            "stats": {
                "high": 0.1390285735966068,
                "low": 0.1366593447593612
            },
            "QCDFlvCompos": {
                "high": 0.01041981950214084,
                "low": 0.009331156174324408
            },
            "l1PreFiring": {
                "high": 0.006436217957222356,
                "low": 0.004902296969795381
            },
            "lumi_13TeV": {
                "high": 0.0007629556079672919,
                "low": 0.0006815887679118979
            },
            "extMutagVarRwgt": {
                "high": 0.0050000000000000044,
                "low": 0.0050000000000000044
            },
            "extMutagTau21Variation": {
                "high": 0.19399999999999995,
                "low": 0.19399999999999995
            },
            "jer": {
                "high": 0.004292352934126002,
                "low": 0.0035330032879656815
            },
            "jes": {
                "high": 0.01412512694170451,
                "low": 0.016332353614132423
            },
            "final": {
                "high": 0.24228631582536192,
                "central": 0.5501421689987183,
                "low": 0.2390588418196653
            },
            "fracLight": {
                "high": 0.02446448001084483,
                "low": 0.014409134834860636
            },
            "fracBB": {
                "high": 0.01315351832702005,
                "low": 0.011735634868780109
            },
            "fracCC": {
                "high": 0.024051079150152636,
                "low": 0.008618568016661816
            },
            "pu": {
                "high": 0.0,
                "low": 0.0013892061738279204
            }
        },
        "ptbin3": {
            "stats": {
                "high": 0.26285533286490836,
                "low": 0.26376482842952886
            },
            "QCDFlvCompos": {
                "high": 0.01805506187979733,
                "low": 0.008937382466055011
            },
            "l1PreFiring": {
                "high": 0.010489111668058717,
                "low": 0.0066948379781731635
            },
            "lumi_13TeV": {
                "high": 0.0,
                "low": 0.0029226419125792874
            },
            "extMutagVarRwgt": {
                "high": 0.10199999999999998,
                "low": 0.10199999999999998
            },
            "extMutagTau21Variation": {
                "high": 0.477,
                "low": 0.477
            },
            "jer": {
                "high": 0.0,
                "low": 0.004641277754580943
            },
            "jes": {
                "high": 0.025251542490585914,
                "low": 0.02425015790918293
            },
            "final": {
                "high": 0.5614215113755049,
                "central": 0.8569033741950989,
                "low": 0.5567191336948907
            },
            "fracLight": {
                "high": 0.05603405281339437,
                "low": 0.02779316495043832
            },
            "fracBB": {
                "high": 0.02528620012149782,
                "low": 0.023826574505246105
            },
            "fracCC": {
                "high": 0.05890915626445203,
                "low": 0.018772471601999192
            },
            "pu": {
                "high": 0.0008100242480876581,
                "low": 0.0
            }
        }
    },
    "medium": {
        "ptbin1": {
            "stats": {
                "high": 0.09745924611062295,
                "low": 0.07631108863895408
            },
            "QCDFlvCompos": {
                "high": 0.023944711370824108,
                "low": 0.012521455853772782
            },
            "l1PreFiring": {
                "high": 0.0024975353264889443,
                "low": 0.0015291613232765197
            },
            "lumi_13TeV": {
                "high": 0.002143721841520794,
                "low": 0.0
            },
            "extMutagVarRwgt": {
                "high": 0.008000000000000007,
                "low": 0.008000000000000007
            },
            "extMutagTau21Variation": {
                "high": 0.04899999999999993,
                "low": 0.04899999999999993
            },
            "jer": {
                "high": 0.0034952197808989223,
                "low": 0.004186102428875431
            },
            "jes": {
                "high": 0.011595489378919598,
                "low": 0.009874501757413138
            },
            "final": {
                "high": 0.12408918161371645,
                "central": 0.8274620175361633,
                "low": 0.10210050725558009
            },
            "fracLight": {
                "high": 0.036518577933580855,
                "low": 0.039369350096426885
            },
            "fracBB": {
                "high": 0.0035632789642616874,
                "low": 0.011417498777779153
            },
            "fracCC": {
                "high": 0.03681715434332705,
                "low": 0.012410938268087746
            },
            "pu": {
                "high": 0.0014695686360381088,
                "low": 0.0055653726496249206
            }
        },
        "ptbin2": {
            "stats": {
                "high": 0.10967117205830335,
                "low": 0.08604935436012373
            },
            "QCDFlvCompos": {
                "high": 0.026983704275359552,
                "low": 0.008197816580908781
            },
            "l1PreFiring": {
                "high": 0.0006721385739308573,
                "low": 0.0
            },
            "lumi_13TeV": {
                "high": 0.0,
                "low": 0.0021075386847120873
            },
            "extMutagVarRwgt": {
                "high": 0.07999999999999996,
                "low": 0.07999999999999996
            },
            "extMutagTau21Variation": {
                "high": 0.271,
                "low": 0.271
            },
            "jer": {
                "high": 0.0010111808185405806,
                "low": 0.0025950986982950846
            },
            "jes": {
                "high": 0.021965484384521575,