{
    "tight": {
        "ptbin1": {
            "stats": {
                "high": 0.018844243080287093,
                "low": 0.018655547496172153
            },
            "QCDFlvCompos": {
                "high": 0.006903198674256257,
                "low": 0.009154042109613457
            },
            "l1PreFiring": {
                "high": 0.005130328059709003,
                "low": 0.003654360947847013
            },
            "lumi_13TeV": {
                "high": 0.00016932056399216483,
                "low": 0.0004946485041238862
            },
            "extMutagVarRwgt": {
                "high": 0.07499999999999996,
                "low": 0.07499999999999996
            },
            "extMutagTau21Variation": {
                "high": 0.08399999999999996,
                "low": 0.08399999999999996
            },
            "jer": {
                "high": 0.0,
                "low": 0.0013128523492767037
            },
            "jes": {
                "high": 0.0014885738629975822,
                "low": 0.0
            },
            "final": {
                "high": 0.12015901161581806,
                "central": 0.7406354546546936,
                "low": 0.12196348284939926
            },
            "fracLight": {
                "high": 0.0309968451414788,
                "low": 0.03825104148133897
            },
            "fracBB": {
                "high": 0.016560602367051733,
                "low": 0.01390606005241917
            },
            "fracCC": {
                "high": 0.0028105860258054696,
                "low": 0.0037169098941554554
            },
            "pu": {
                "high": 0.009201372016691004,
                "low": 0.008851037308364347
            }
        },
        "ptbin2": {
            "stats": {
                "high": 0.017918646335601807,
                "low": 0.019689136007431274
            },
            "QCDFlvCompos": {
                "high": 0.0,
                "low": 0.012374660902079351
            },
            "l1PreFiring": {
                "high": 0.0,
                "low": 0.0008390880219888675
            },
            "lumi_13TeV": {
                "high": 0.00020146115113796822,
                "low": 0.00015431210298071847
            },
            "extMutagVarRwgt": {
                "high": 0.052000000000000046,
                "low": 0.052000000000000046
            },
            "extMutagTau21Variation": {
                "high": 0.10000000000000009,
                "low": 0.10000000000000009
            },
            "jer": {
                "high": 0.0,
                "low": 0.0015707729476132008
            },
            "jes": {
                "high": 0.0007625540559931065,
                "low": 0.0
            },
            "final": {
                "high": 0.11633707172325948,
                "central": 0.762088418006897,
                "low": 0.12153990501893881
            },
            "fracLight": {
                "high": 0.015118709003641132,
                "low": 0.035889824361089125
            },
            "fracBB": {
                "high": 0.002104228284504866,
                "low": 0.013410919694112131
            },
            "fracCC": {
                "high": 0.017527158248448096,
                "low": 0.0
            },
            "pu": {
                "high": 0.0018702660992135887,
                "low": 0.008093923849191411
            }
        },
        "ptbin3": {
            "stats": {
                "high": 0.030336272593187608,
                "low": 0.03017999756227252
            },
            "QCDFlvCompos": {
                "high": 0.009634982216213015,
                "low": 0.004997594562470191
            },
            "l1PreFiring": {
                "high": 0.000513961298104521,
                "low": 0.0014941634166595228
            },
            "lumi_13TeV": {
                "high": 0.0,
                "low": 0.0
            },
            "extMutagVarRwgt": {
                "high": 0.08199999999999996,
                "low": 0.08199999999999996
            },
            "extMutagTau21Variation": {
                "high": 0.08499999999999996,
                "low": 0.08499999999999996
            },
            "jer": {
                "high": 0.001804931851799139,
                "low": 0.0016153191496676767
            },
            "jes": {
                "high": 0.0005159913817012129,
                "low": 0.0007343482649514104
            },
            "final": {
                "high": 0.12462582318319124,
                "central": 0.7620956897735596,
                "low": 0.1252096921454878
            },
            "fracLight": {
                "high": 0.015590734872558337,
                "low": 0.024054260884170325
            },
            "fracBB": {
                "high": 0.011052177125839275,
                "low": 0.012250248898482882
            },
            "fracCC": {
                "high": 0.013580886245355984,
                "low": 0.005470349931170684
            },
            "pu": {
                "high": 0.004006285384976499,
                "low": 0.005355359057248671
            }
        }
    },
    "medium": {
        "ptbin1": {
            "stats": {
                "high": 0.00019663572311401367,
                "low": 0.014957567623492762
            },
            "QCDFlvCompos": {
                "high": 0.019239981005657335,
                "low": 0.019181633349158428
            },
            "l1PreFiring": {
                "high": 0.002506226264748591,
                "low": 0.0026257730914963475
            },
            "lumi_13TeV": {
                "high": 0.0,
                "low": 0.00031913371619977476
            },
            "extMutagVarRwgt": {
                "high": 0.08399999999999996,
                "low": 0.08399999999999996
            },
            "extMutagTau21Variation": {
                "high": 0.07100000000000006,
                "low": 0.07100000000000006
            },
            "jer": {
                "high": 0.00534154991140436,
                "low": 0.0
            },
            "jes": {
                "high": 0.0,
                "low": 0.004737653278935473
            },
            "final": {
                "high": 0.11839689678814154,
                "central": 0.8175066113471985,
                "low": 0.12169263212560974
            },
            "fracLight": {
                "high": 0.032582985189891445,
                "low": 0.04159713518726123
            },
            "fracBB": {
                "high": 0.01560297168050533,
                "low": 0.015757202917851244
            },
            "fracCC": {
                "high": 0.0,
                "low": 0.008692847937042015
            },
            "pu": {
                "high": 0.016864516999496218,
                "low": 0.008158777881937435
            }
        },
        "ptbin2": {
            "stats": {
                "high": 0.013964919097587236,
                "low": 0.016778126735276566
            },
            "QCDFlvCompos": {
                "high": 0.013650628424453404,
                "low": 0.016055228401360627
            },
            "l1PreFiring": {
                "high": 0.0006709167554101556,
                "low": 0.004064046013050172
            },
            "lumi_13TeV": {
                "high": 0.00015822942745533303,
                "low": 0.0001447489779553491
            },
            "extMutagVarRwgt": {
                "high": 0.04899999999999993,
                "low": 0.04899999999999993
            },
            "extMutagTau21Variation": {
                "high": 0.026999999999999913,
                "low": 0.026999999999999913
            },
            "jer": {
                "high": 0.0026945086507813927,
                "low": 0.0
            },
            "jes": {
                "high": 0.0006309697806307458,