{
    "tight": {
        "ptbin1": {
            "QCDFlvCompos": {
                "high": 0.0019178804114408782,
                "low": 0.0008834348934539046
            },
            "tau21_uncertainty_max": {
                "high": 0.03489354046353288,
                "low": 0.03489354046353288
            },
            "reweighting_uncertainty": {
                "high": 0.019728241109901345,
                "low": 0.019728241109901345
            },
            "jer": {
                "high": 0.007530395459859097,
                "low": 0.011881117922833665
            },
            "jes": {
                "high": 0.016417505224866742,
                "low": 0.05772160529808716
            },
            "lumi_13TeV": {
                "high": 0.0016097136360947084,
                "low": 0.001550390813019018
            },
            "final": {
                "high": 0.053243958045098155,
                "central": 0.6799550652503967,
                "low": 0.07725449625532126
            },
            "fracLight": {
                "high": 0.0019473411322513086,
                "low": 0.001818770878773648
            },
            "fracBB": {
                "high": 0.015735106269111152,
                "low": 0.0139598548786339
            },
            "fracCC": {
                "high": 0.012138718145258943,
                "low": 0.010815021752567423
            },
            "pu": {
                "high": 0.00560140565070302,
                "low": 0.0046202683034935205
            },
            "psWeightIsr": {
                "high": 0.0036598352222607642,
                "low": 0.0029818675717677777
            },
            "psWeightFsr": {
                "high": 0.003687418930512454,
                "low": 0.008770851643359676
            },
            "stats": {
                "high": 0.0209414480302057,
                "low": 0.021518579295859097
            },
            "l1PreFiring": {
                "high": 0.0,
                "low": 0.0
            }
        },
        "ptbin2": {
            "QCDFlvCompos": {
                "high": 0.0018714293027905346,
                "low": 0.0014765452326849704
            },
            "tau21_uncertainty_max": {
                "high": 0.048191567402546265,
                "low": 0.048191567402546265
            },
            "reweighting_uncertainty": {
                "high": 0.009258178799627759,
                "low": 0.009258178799627759
            },
            "jer": {
                "high": 0.006299111766854401,
                "low": 0.004965857384336914
            },
            "jes": {
                "high": 0.013575538910839416,
                "low": 0.010832471892015215
            },
            "lumi_13TeV": {
                "high": 0.0023695605693084647,
                "low": 0.0023362763035106675
            },
            "final": {
                "high": 0.061971326933984605,
                "central": 0.6807722449302673,
                "low": 0.060390928590906515
            },
            "fracLight": {
                "high": 0.0023276644490454624,
                "low": 0.002055805182252129
            },
            "fracBB": {
                "high": 0.018787929855517055,
                "low": 0.016614340922420374
            },
            "fracCC": {
                "high": 0.011981099749594996,
                "low": 0.01153887658719054
            },
            "pu": {
                "high": 0.003283635008130795,
                "low": 0.0033114484615285123
            },
            "psWeightIsr": {
                "high": 0.00454426319279298,
                "low": 0.004755122849249239
            },
            "psWeightFsr": {
                "high": 0.011801644704467281,
                "low": 0.011657984971839392
            },
            "stats": {
                "high": 0.022946692616701125,
                "low": 0.0225030847456944
            },
            "l1PreFiring": {
                "high": 0.0,
                "low": 0.0
            }
        },
        "ptbin3": {
            "QCDFlvCompos": {
                "high": 0.010599862832063123,
                "low": 0.0011634528502938752
            },
            "tau21_uncertainty_max": {
                "high": 0.07268995216310858,
                "low": 0.07268995216310858
            },
            "reweighting_uncertainty": {
                "high": 0.01605404640305108,
                "low": 0.01605404640305108
            },
            "jer": {
                "high": 0.0028349847708860616,
                "low": 0.0019732637413270053
            },
            "jes": {
                "high": 0.019026027361008356,
                "low": 0.01688456662513475
            },
            "lumi_13TeV": {
                "high": 0.004653760353390658,
                "low": 0.004212989400097485
            },
            "final": {
                "high": 0.0922429431521749,
                "central": 0.7053899168968201,
                "low": 0.0911696000058377
            },
            "fracLight": {
                "high": 0.0005032203857853228,
                "low": 0.0009372948371941002
            },
            "fracBB": {
                "high": 0.03232954748650063,
                "low": 0.02681171140651034
            },
            "fracCC": {
                "high": 0.014752362228949874,
                "low": 0.013024506849859119
            },
            "pu": {
                "high": 0.007517527140867208,
                "low": 0.006300454198650033
            },
            "psWeightIsr": {
                "high": 0.010218486618334962,
                "low": 0.006581808789707909
            },
            "psWeightFsr": {
                "high": 0.024092269616728435,
                "low": 0.025139018999888643
            },
            "stats": {
                "high": 0.021417384891019853,
                "low": 0.029289567708252195
            },
            "l1PreFiring": {
                "high": 0.0,
                "low": 0.0
            }
        }
    },
    "medium": {
        "ptbin1": {
            "QCDFlvCompos": {
                "high": 0.004404259116363024,
                "low": 0.0037870904458798616
            },
            "tau21_uncertainty_max": {
                "high": 0.028517174273555712,
                "low": 0.028517174273555712
            },
            "reweighting_uncertainty": {
                "high": 0.0750459531212131,
                "low": 0.0750459531212131
            },
            "jer": {
                "high": 0.0039004759485353215,
                "low": 0.0042604672957816565
            },
            "jes": {
                "high": 0.009301473356612574,
                "low": 0.007061694326634089
            },
            "lumi_13TeV": {
                "high": 0.0003414619425244092,
                "low": 0.0002639647045413382
            },
            "final": {
                "high": 0.08562293077276707,
                "central": 0.7015093564987183,
                "low": 0.08529735662389136
            },
            "fracLight": {
                "high": 0.0018160617806540283,
                "low": 0.0016357998899008623
            },
            "fracBB": {
                "high": 0.013995016248540928,
                "low": 0.012384110160438628
            },
            "fracCC": {
                "high": 0.011593708767079812,
                "low": 0.010687808841782418
            },
            "pu": {
                "high": 0.004019909501213185,
                "low": 0.0034782432446738448
            },
            "psWeightIsr": {
                "high": 0.0,
                "low": 0.0060855746072743366
            },
            "psWeightFsr": {
                "high": 0.006777905471317663,
                "low": 0.0068064826736535765
            },
            "stats": {
                "high": 0.019470816465611884,