{
    "tight": {
        "ptbin1": {
            "stats": {
                "high": 0.027301221809869824,
                "low": 0.02777620638920253
            },
            "QCDFlvCompos": {
                "high": 0.005971818738782126,
                "low": 0.0026064183751219874
            },
            "l1PreFiring": {
                "high": 0.0,
                "low": 0.0
            },
            "lumi_13TeV": {
                "high": 0.0001440626618188732,
                "low": 8.235021949646923e-05
            },
            "extMutagVarRwgt": {
                "high": 0.08500000000000008,
                "low": 0.08500000000000008
            },
            "extMutagTau21Variation": {
                "high": 0.03200000000000003,
                "low": 0.03200000000000003
            },
            "jer": {
                "high": 0.0009516688201197805,
                "low": 0.0018046047589862382
            },
            "jes": {
                "high": 0.0007797248917267403,
                "low": 0.0008997425743868576
            },
            "final": {
                "high": 0.09767559535515749,
                "central": 0.8094582557678223,
                "low": 0.09794600916845045
            },
            "fracLight": {
                "high": 0.013175292130488748,
                "low": 0.002720218591189207
            },
            "fracBB": {
                "high": 0.009863283918211462,
                "low": 0.007961727000927636
            },
            "fracCC": {
                "high": 0.014863405836822288,
                "low": 0.021567640918096057
            },
            "pu": {
                "high": 0.0041776975748944725,
                "low": 0.005115792923655788
            }
        },
        "ptbin2": {
            "stats": {
                "high": 0.02695727512789603,
                "low": 0.027222866776487553
            },
            "QCDFlvCompos": {
                "high": 0.007900123718903614,
                "low": 0.005777813756058241
            },
            "l1PreFiring": {
                "high": 0.0018745425012781885,
                "low": 0.0066670757854692
            },
            "lumi_13TeV": {
                "high": 3.624079822041426e-05,
                "low": 0.0
            },
            "extMutagVarRwgt": {
                "high": 0.06900000000000006,
                "low": 0.06900000000000006
            },
            "extMutagTau21Variation": {
                "high": 0.08300000000000007,
                "low": 0.08300000000000007
            },
            "jer": {
                "high": 0.0,
                "low": 0.0
            },
            "jes": {
                "high": 0.0006614439663918837,
                "low": 0.0005273247388550375
            },
            "final": {
                "high": 0.11354073604431122,
                "central": 0.7589922547340393,
                "low": 0.11366291892757792
            },
            "fracLight": {
                "high": 0.013637425367531087,
                "low": 0.00435279135714454
            },
            "fracBB": {
                "high": 0.008520427779281027,
                "low": 0.007056224456438014
            },
            "fracCC": {
                "high": 0.013779785999778466,
                "low": 0.019543544865071625
            },
            "pu": {
                "high": 0.0,
                "low": 0.0003007941306739795
            }
        },
        "ptbin3": {
            "stats": {
                "high": 0.032617245277662965,
                "low": 0.03293303969392258
            },
            "QCDFlvCompos": {
                "high": 0.012089462718259749,
                "low": 0.008950599644712991
            },
            "l1PreFiring": {
                "high": 0.0024820046798303083,
                "low": 0.00042998079920049387
            },
            "lumi_13TeV": {
                "high": 0.0,
                "low": 0.00020690239315190713
            },
            "extMutagVarRwgt": {
                "high": 0.07800000000000007,
                "low": 0.07800000000000007
            },
            "extMutagTau21Variation": {
                "high": 0.028000000000000025,
                "low": 0.028000000000000025
            },
            "jer": {
                "high": 0.0007476215362578933,
                "low": 0.0012521728906216341
            },
            "jes": {
                "high": 0.0,
                "low": 0.0008534135919524467
            },
            "final": {
                "high": 0.09459210152179968,
                "central": 0.785183846950531,
                "low": 0.09349732558036909
            },
            "fracLight": {
                "high": 0.019390425796646946,
                "low": 0.005649769241739515
            },
            "fracBB": {
                "high": 0.011182783216176533,
                "low": 0.009211348506188629
            },
            "fracCC": {
                "high": 0.019067104117312734,
                "low": 0.02420264146533706
            },
            "pu": {
                "high": 0.001710337637702052,
                "low": 0.0019977291403440018
            }
        }
    },
    "medium": {
        "ptbin1": {
            "stats": {
                "high": 0.021279488106460298,
                "low": 0.021548730404604366
            },
            "QCDFlvCompos": {
                "high": 0.0017012134672846847,
                "low": 0.0027691377511837286
            },
            "l1PreFiring": {
                "high": 0.0036135270677765097,
                "low": 0.006594757894171158
            },
            "lumi_13TeV": {
                "high": 0.0,
                "low": 0.0003270861629987599
            },
            "extMutagVarRwgt": {
                "high": 0.07899999999999996,
                "low": 0.07899999999999996
            },
            "extMutagTau21Variation": {
                "high": 0.124,
                "low": 0.124
            },
            "jer": {
                "high": 0.0,
                "low": 0.0013430728541716395
            },
            "jes": {
                "high": 0.0015482992383304356,
                "low": 0.0
            },
            "final": {
                "high": 0.15118719023199714,
                "central": 0.8380908370018005,
                "low": 0.15081852549593824
            },
            "fracLight": {
                "high": 0.005386942988686005,
                "low": 0.0028932880555195303
            },
            "fracBB": {
                "high": 0.012261406923014183,
                "low": 0.007516943667551519
            },
            "fracCC": {
                "high": 0.023992154801543188,
                "low": 0.023115547473778832
            },
            "pu": {
                "high": 0.003870985641167678,
                "low": 0.0037083374354791644
            }
        },
        "ptbin2": {
            "stats": {
                "high": 0.020445781183862755,
                "low": 0.020640596256908283
            },
            "QCDFlvCompos": {
                "high": 0.009161276140555022,
                "low": 0.0054201698137181864
            },
            "l1PreFiring": {
                "high": 0.00016994458503746332,
                "low": 0.0
            },
            "lumi_13TeV": {
                "high": 0.0,
                "low": 0.00012976239969944846
            },
            "extMutagVarRwgt": {
                "high": 0.07299999999999995,
                "low": 0.07299999999999995
            },
            "extMutagTau21Variation": {
                "high": 0.04399999999999993,
                "low": 0.04399999999999993
            },
            "jer": {
                "high": 0.0024262736989392104,
                "low": 0.001940759110139
            },
            "jes": {
                "high": 0.0005862255698012884,