{
    "tight": {},
    "medium": {
        "ptbin1": {
            "stats": {
                "high": 0.36732469071928886,
                "low": 0.35788603309698064
            },
            "QCDFlvCompos": {
                "high": 0.06899035573942923,
                "low": 0.007129237745093632
            },
            "l1PreFiring": {
                "high": 7.466085885044644e-06,
                "low": 0.0
            },
            "lumi_13TeV": {
                "high": 0.019745076119498797,
                "low": 0.014388529760434421
            },
            "extMutagVarRwgt": {
                "high": 0.0,
                "low": 0.0
            },
            "extMutagTau21Variation": {
                "high": 0.0,
                "low": 0.0
            },
            "jer": {
                "high": 0.0,
                "low": 0.0027382293870027996
            },
            "jes": {
                "high": 0.011500775371080737,
                "low": 0.006942533589436274
            },
            "final": {
                "high": 0.3921882523605985,
                "central": 0.40950825810432434,
                "low": 0.37559523419777496
            },
            "fracLight": {
                "high": 0.0780177020644146,
                "low": 0.020999240401389556
            },
            "fracBB": {
                "high": 0.06167814295428834,
                "low": 0.06587305271487498
            },
            "fracCC": {
                "high": 0.023195940091743552,
                "low": 0.07817661566970559
            },
            "pu": {
                "high": 0.05643091102665586,
                "low": 0.042237475834833185
            }
        },
        "ptbin2": {
            "stats": {
                "high": 0.40643803263808853,
                "low": 0.3122194254358138
            },
            "QCDFlvCompos": {
                "high": 0.0,
                "low": 0.01773631274964827
            },
            "l1PreFiring": {
                "high": 0.0,
                "low": 0.0
            },
            "lumi_13TeV": {
                "high": 0.013912005717737853,
                "low": 0.006707038313963738
            },
            "extMutagVarRwgt": {
                "high": 0.0,
                "low": 0.0
            },
            "extMutagTau21Variation": {
                "high": 0.0,
                "low": 0.0
            },
            "jer": {
                "high": 0.0,
                "low": 0.008281746063134981
            },
            "jes": {
                "high": 0.06329105024820086,
                "low": 0.0209020906978065
            },
            "final": {
                "high": 0.4522456733260638,
                "central": 1.1073625087738037,
                "low": 0.31549518952323385
            },
            "fracLight": {
                "high": 0.18023603988345274,
                "low": 0.029256346427377792
            },
            "fracBB": {
                "high": 0.0384886853971997,
                "low": 0.005591589783133093
            },
            "fracCC": {
                "high": 0.015625386860791297,
                "low": 0.011061364709144251
            },
            "pu": {
                "high": 0.03399658375043579,
                "low": 0.013477598255229383
            }
        },
        "ptbin3": {
            "stats": {
                "high": 0.4853119861498385,
                "low": 0.5879277927377979
            },
            "QCDFlvCompos": {
                "high": 0.05388441464565377,
                "low": 0.06500752164796926
            },
            "l1PreFiring": {
                "high": 0.0,
                "low": 0.0
            },
            "lumi_13TeV": {
                "high": 0.012956792728321885,
                "low": 0.018153557060536472
            },
            "extMutagVarRwgt": {
                "high": 0.0,
                "low": 0.0
            },
            "extMutagTau21Variation": {
                "high": 0.0,
                "low": 0.0
            },
            "jer": {
                "high": 0.009568291111284698,
                "low": 0.12279222865841065
            },
            "jes": {
                "high": 0.006743019434239766,
                "low": 0.055666281119764544
            },
            "final": {
                "high": 0.5275971064587772,
                "central": 1.3592963218688965,
                "low": 0.6330328984968416
            },
            "fracLight": {
                "high": 0.18387861060285582,
                "low": 0.048915670470675514
            },
            "fracBB": {
                "high": 0.05807651479572084,
                "low": 0.12914435517039782
            },
            "fracCC": {
                "high": 0.01270567954822907,
                "low": 0.06407741240400824
            },
            "pu": {
                "high": 0.047716814821888984,
                "low": 0.09572066462973401
            }
        }
    },
    "loose": {
        "ptbin1": {
            "stats": {
                "high": 0.23205577484075435,
                "low": 0.22710605344661267
            },
            "QCDFlvCompos": {
                "high": 0.08492840484385338,
                "low": 0.03749376416164215
            },
            "l1PreFiring": {
                "high": 0.0,
                "low": 0.0
            },
            "lumi_13TeV": {
                "high": 0.01585049749959518,
                "low": 0.015737853728796863
            },
            "extMutagVarRwgt": {
                "high": 0.0,
                "low": 0.0
            },
            "extMutagTau21Variation": {
                "high": 0.0,
                "low": 0.0
            },
            "jer": {
                "high": 0.02310487660821806,
                "low": 0.03569019779704005
            },
            "jes": {
                "high": 0.026898847531406946,
                "low": 0.012572827762536699
            },
            "final": {
                "high": 0.2806403866259227,
                "central": 0.7132201194763184,
                "low": 0.2626080487404688
            },
            "fracLight": {
                "high": 0.07728631702050208,
                "low": 0.04149083324245187
            },
            "fracBB": {
                "high": 0.07774456616951611,
                "low": 0.07167140890479595
            },
            "fracCC": {
                "high": 0.04209431952212682,
                "low": 0.07002623041742714
            },
            "pu": {
                "high": 0.04897309795376228,
                "low": 0.05038398653757589
            }
        },
        "ptbin2": {
            "stats": {
                "high": 0.2264294159436081,
                "low": 0.21710541653533727
            },
            "QCDFlvCompos": {
                "high": 0.014117435817512645,
                "low": 0.010884814528575232
            },
            "l1PreFiring": {
                "high": 0.0,
                "low": 0.0
            },
            "lumi_13TeV": {
                "high": 0.008812027498092038,
                "low": 0.008327483047199909
            },
            "extMutagVarRwgt": {
                "high": 0.0,
                "low": 0.0
            },
            "extMutagTau21Variation": {
                "high": 0.0,
                "low": 0.0
            },
            "jer": {
                "high": 0.0023151307478880994,
                "low": 0.002883438068773095
            },
            "jes": {
                "high": 0.020080813499340603,
                "low": 0.02315345466986121
            },
            "final": {
                "high": 0.2497057912495675,
                "central": 0.5625784397125244,
                "low": 0.24166100897500076
            },
            "fracLight": {
                "high": 0.07024257060433506,
                "low": 0.03463733204038688
            },