{
    "tight": {
        "ptbin1": {
            "stats": {
                "high": 0.10061466766936156,
                "low": 0.10487311385303522
            },
            "QCDFlvCompos": {
                "high": 0.015507313584636754,
                "low": 0.0071875944569084
            },
            "l1PreFiring": {
                "high": 0.0024499090694561207,
                "low": 0.0040175562819659075
            },
            "lumi_13TeV": {
                "high": 0.0007721381200437133,
                "low": 0.0
            },
            "extMutagVarRwgt": {
                "high": 0.09699999999999998,
                "low": 0.09699999999999998
            },
            "extMutagTau21Variation": {
                "high": 0.2290000000000001,
                "low": 0.2290000000000001
            },
            "jer": {
                "high": 0.020276937855383953,
                "low": 0.013417782643592002
            },
            "jes": {
                "high": 0.0010317958736943249,
                "low": 0.0015662995367285617
            },
            "final": {
                "high": 0.2728410042126704,
                "central": 0.7739492058753967,
                "low": 0.27111213327442535
            },
            "fracLight": {
                "high": 0.036100317857936284,
                "low": 0.003493786968851592
            },
            "fracBB": {
                "high": 0.014985214782325978,
                "low": 0.020613531285036617
            },
            "fracCC": {
                "high": 0.014797391440852134,
                "low": 0.029745349918113274
            },
            "pu": {
                "high": 0.00792817676005486,
                "low": 0.0
            }
        },
        "ptbin2": {
            "stats": {
                "high": 0.09779567440492754,
                "low": 0.09483903282513928
            },
            "QCDFlvCompos": {
                "high": 0.003274325763372222,
                "low": 0.00473132480520149
            },
            "l1PreFiring": {
                "high": 0.0025639904072589483,
                "low": 0.002874650998664313
            },
            "lumi_13TeV": {
                "high": 0.0,
                "low": 0.0007715134177645531
            },
            "extMutagVarRwgt": {
                "high": 0.03300000000000003,
                "low": 0.03300000000000003
            },
            "extMutagTau21Variation": {
                "high": 0.18500000000000005,
                "low": 0.18500000000000005
            },
            "jer": {
                "high": 0.0015638462154065115,
                "low": 0.0023351173590919687
            },
            "jes": {
                "high": 0.004608177205148773,
                "low": 0.004613725950295257
            },
            "final": {
                "high": 0.21820238293863203,
                "central": 0.729152262210846,
                "low": 0.2146840298254203
            },
            "fracLight": {
                "high": 0.0052418248879981125,
                "low": 0.012095806342551052
            },
            "fracBB": {
                "high": 0.015599218470178897,
                "low": 0.014003437108348225
            },
            "fracCC": {
                "high": 0.04785627939254895,
                "low": 0.03609979769853517
            },
            "pu": {
                "high": 0.01154995283628829,
                "low": 0.00878674075636572
            }
        },
        "ptbin3": {
            "stats": {
                "high": 0.18031955493246354,
                "low": 0.17852024614184403
            },
            "QCDFlvCompos": {
                "high": 0.00771809801766556,
                "low": 0.005362507243541413
            },
            "l1PreFiring": {
                "high": 0.002124044714059108,
                "low": 0.0011076088911279294
            },
            "lumi_13TeV": {
                "high": 0.0012783909826899254,
                "low": 0.0
            },
            "extMutagVarRwgt": {
                "high": 0.11299999999999999,
                "low": 0.11299999999999999
            },
            "extMutagTau21Variation": {
                "high": 0.466,
                "low": 0.466
            },
            "jer": {
                "high": 0.008939381982137045,
                "low": 0.013204199805338202
            },
            "jes": {
                "high": 0.019961302879661975,
                "low": 0.019903681802994098
            },
            "final": {
                "high": 0.5166085159953495,
                "central": 0.8020052909851074,
                "low": 0.5136955832167251
            },
            "fracLight": {
                "high": 0.056195118018122055,
                "low": 0.02983137046166251
            },
            "fracBB": {
                "high": 0.0047153696567814336,
                "low": 0.006283931190890287
            },
            "fracCC": {
                "high": 0.0267131302026458,
                "low": 0.023524873575836696
            },
            "pu": {
                "high": 0.0025334824338948438,
                "low": 0.002517784211972894
            }
        }
    },
    "medium": {
        "ptbin1": {
            "stats": {
                "high": 0.07365990272879219,
                "low": 0.07331820797006494
            },
            "QCDFlvCompos": {
                "high": 0.0,
                "low": 0.003721567424105137
            },
            "l1PreFiring": {
                "high": 0.002205285268859916,
                "low": 0.008967404743546856
            },
            "lumi_13TeV": {
                "high": 0.0,
                "low": 0.0009094627249094795
            },
            "extMutagVarRwgt": {
                "high": 0.07300000000000006,
                "low": 0.07300000000000006
            },
            "extMutagTau21Variation": {
                "high": 0.22999999999999998,
                "low": 0.22999999999999998
            },
            "jer": {
                "high": 0.0005358150526501381,
                "low": 0.0003192650989262036
            },
            "jes": {
                "high": 0.008383108920269446,
                "low": 0.005612213485541875
            },
            "final": {
                "high": 0.25686728614743054,
                "central": 0.842668354511261,
                "low": 0.25608236181993316
            },
            "fracLight": {
                "high": 0.04313512982660296,
                "low": 0.004047151096552643
            },
            "fracBB": {
                "high": 0.005611482048875617,
                "low": 0.013460195832377803
            },
            "fracCC": {
                "high": 0.01894149506845016,
                "low": 0.03993141141434209
            },
            "pu": {
                "high": 0.0006887530172576098,
                "low": 0.007406219626928095
            }
        },
        "ptbin2": {
            "stats": {
                "high": 0.06917922775738505,
                "low": 0.06961447282135924
            },
            "QCDFlvCompos": {
                "high": 0.00449783927160714,
                "low": 0.005184093992988286
            },
            "l1PreFiring": {
                "high": 0.0016999369443014625,
                "low": 0.004876805340141803
            },
            "lumi_13TeV": {
                "high": 0.0,
                "low": 0.0010022609659887524
            },
            "extMutagVarRwgt": {
                "high": 0.0040000000000000036,
                "low": 0.0040000000000000036
            },
            "extMutagTau21Variation": {
                "high": 0.14600000000000002,
                "low": 0.14600000000000002
            },
            "jer": {
                "high": 0.0025112888289697145,
                "low": 0.005189377121645451
            },