{
    "tight": {
        "ptbin1": {
            "stats": {
                "high": 0.04143286345113639,
                "low": 0.04931691261105953
            },
            "QCDFlvCompos": {
                "high": 0.002625303578198132,
                "low": 0.005278103882530251
            },
            "l1PreFiring": {
                "high": 0.000787665748815179,
                "low": 0.0015340614452498149
            },
            "lumi_13TeV": {
                "high": 0.0015263126582091414,
                "low": 0.0013327042257055889
            },
            "extMutagVarRwgt": {
                "high": 0.04799999999999993,
                "low": 0.04799999999999993
            },
            "extMutagTau21Variation": {
                "high": 0.09399999999999997,
                "low": 0.09399999999999997
            },
            "jer": {
                "high": 0.001066276533887546,
                "low": 0.004294751227287039
            },
            "jes": {
                "high": 0.0016419388285265593,
                "low": 0.0013309306638354637
            },
            "final": {
                "high": 0.11668466800614315,
                "central": 0.8003004789352417,
                "low": 0.11865242609234543
            },
            "fracLight": {
                "high": 0.007156717546287673,
                "low": 0.007875857196795772
            },
            "fracBB": {
                "high": 0.01353389429654716,
                "low": 0.00887946881250239
            },
            "fracCC": {
                "high": 0.020394218229587934,
                "low": 0.015130736101846318
            },
            "pu": {
                "high": 0.009728584715996691,
                "low": 0.009177308426241683
            }
        },
        "ptbin2": {
            "stats": {
                "high": 0.05238290694630032,
                "low": 0.051198281232537335
            },
            "QCDFlvCompos": {
                "high": 0.0009573238556007707,
                "low": 0.0
            },
            "l1PreFiring": {
                "high": 0.0004698653996078522,
                "low": 0.0004279153508275938
            },
            "lumi_13TeV": {
                "high": 0.0009668840728763218,
                "low": 0.0010469068479452871
            },
            "extMutagVarRwgt": {
                "high": 0.039000000000000035,
                "low": 0.039000000000000035
            },
            "extMutagTau21Variation": {
                "high": 0.05599999999999994,
                "low": 0.05599999999999994
            },
            "jer": {
                "high": 0.003109326417054554,
                "low": 0.0024702407706770247
            },
            "jes": {
                "high": 0.0005862190306674,
                "low": 0.0008934018890480552
            },
            "final": {
                "high": 0.08869425511189066,
                "central": 0.7290903925895691,
                "low": 0.08797327027855759
            },
            "fracLight": {
                "high": 0.006430796162214916,
                "low": 0.003776362462463983
            },
            "fracBB": {
                "high": 0.00989897965191635,
                "low": 0.008515045333877253
            },
            "fracCC": {
                "high": 0.015183297324666062,
                "low": 0.013276881636708924
            },
            "pu": {
                "high": 0.009151001248050423,
                "low": 0.013814670741714682
            }
        },
        "ptbin3": {
            "stats": {
                "high": 0.04484091792134626,
                "low": 0.05289980466988353
            },
            "QCDFlvCompos": {
                "high": 0.0,
                "low": 0.007032987148828705
            },
            "l1PreFiring": {
                "high": 0.002441563068715831,
                "low": 0.0
            },
            "lumi_13TeV": {
                "high": 0.0004670466282202649,
                "low": 0.0
            },
            "extMutagVarRwgt": {
                "high": 0.05899999999999994,
                "low": 0.05899999999999994
            },
            "extMutagTau21Variation": {
                "high": 0.23199999999999998,
                "low": 0.23199999999999998
            },
            "jer": {
                "high": 0.0,
                "low": 0.001508292807314167
            },
            "jes": {
                "high": 0.0019011001670213071,
                "low": 0.0
            },
            "final": {
                "high": 0.2455519482264247,
                "central": 0.79200279712677,
                "low": 0.2462234093224602
            },
            "fracLight": {
                "high": 0.005449473642906112,
                "low": 0.006150077823478196
            },
            "fracBB": {
                "high": 0.01579141980641109,
                "low": 0.010359515098110493
            },
            "fracCC": {
                "high": 0.026044831345743445,
                "low": 0.018296080566400825
            },
            "pu": {
                "high": 0.0055397408772394465,
                "low": 0.0
            }
        }
    },
    "medium": {
        "ptbin1": {
            "stats": {
                "high": 0.026251449031153173,
                "low": 0.03251980826045153
            },
            "QCDFlvCompos": {
                "high": 0.0029921292566796372,
                "low": 0.0032408016416957193
            },
            "l1PreFiring": {
                "high": 0.0004964842467784839,
                "low": 0.0005498792400797645
            },
            "lumi_13TeV": {
                "high": 0.0008481315471415839,
                "low": 0.0009407412972948751
            },
            "extMutagVarRwgt": {
                "high": 0.052000000000000046,
                "low": 0.052000000000000046
            },
            "extMutagTau21Variation": {
                "high": 0.127,
                "low": 0.127
            },
            "jer": {
                "high": 0.0020484317772304747,
                "low": 0.0035037239151718795
            },
            "jes": {
                "high": 0.000825325146596895,
                "low": 0.0015458762040203554
            },
            "final": {
                "high": 0.14188303037833686,
                "central": 0.8285253643989563,
                "low": 0.14233256954900553
            },
            "fracLight": {
                "high": 0.00679976666474734,
                "low": 0.006351506008797727
            },
            "fracBB": {
                "high": 0.010305890431184433,
                "low": 0.007221053532646507
            },
            "fracCC": {
                "high": 0.020469400162578283,
                "low": 0.014634352441290657
            },
            "pu": {
                "high": 0.004734478878785564,
                "low": 0.00591751129184203
            }
        },
        "ptbin2": {
            "stats": {
                "high": 0.03993985381570275,
                "low": 0.04838718503109085
            },
            "QCDFlvCompos": {
                "high": 0.0016372589516178001,
                "low": 0.004470308775495031
            },
            "l1PreFiring": {
                "high": 0.0008837668246879753,
                "low": 0.000991237920652894
            },
            "lumi_13TeV": {
                "high": 0.0009755961862002651,
                "low": 0.0007777522044767483
            },
            "extMutagVarRwgt": {
                "high": 0.049000000000000044,
                "low": 0.049000000000000044
            },
            "extMutagTau21Variation": {
                "high": 0.09399999999999997,
                "low": 0.09399999999999997
            },
            "jer": {
                "high": 0.000903187698197035,
                "low": 0.0012824652871243213
            },