{
    "tight": {
        "ptbin1": {
            "stats": {
                "high": 0.010096549987792969,
                "low": 0.01909809320962874
            },
            "QCDFlvCompos": {
                "high": 0.004601859934296637,
                "low": 0.003424381426324207
            },
            "l1PreFiring": {
                "high": 0.0,
                "low": 0.0
            },
            "lumi_13TeV": {
                "high": 3.4693026729768445e-05,
                "low": 0.0002315094938391641
            },
            "extMutagVarRwgt": {
                "high": 0.121,
                "low": 0.121
            },
            "extMutagTau21Variation": {
                "high": 0.06600000000000006,
                "low": 0.06600000000000006
            },
            "jer": {
                "high": 0.0,
                "low": 0.0007742880148850017
            },
            "jes": {
                "high": 0.0,
                "low": 0.0014052214457528577
            },
            "final": {
                "high": 0.14062996296531075,
                "central": 0.6899041533470154,
                "low": 0.14052966413813095
            },
            "fracLight": {
                "high": 0.005247150127710195,
                "low": 0.006178277604841756
            },
            "fracBB": {
                "high": 0.01735134283267,
                "low": 0.00417148185790687
            },
            "fracCC": {
                "high": 0.018112895769236685,
                "low": 0.016418822847721237
            },
            "pu": {
                "high": 0.0,
                "low": 0.006910650547279331
            }
        },
        "ptbin2": {
            "stats": {
                "high": 0.01760491090360239,
                "low": 0.017685274886915514
            },
            "QCDFlvCompos": {
                "high": 0.006926574893827585,
                "low": 0.0062478633301360186
            },
            "l1PreFiring": {
                "high": 0.0,
                "low": 0.0009542519358404784
            },
            "lumi_13TeV": {
                "high": 0.0001345971302396143,
                "low": 0.00016080984287797668
            },
            "extMutagVarRwgt": {
                "high": 0.131,
                "low": 0.131
            },
            "extMutagTau21Variation": {
                "high": 0.08600000000000008,
                "low": 0.08600000000000008
            },
            "jer": {
                "high": 0.0015652130852645463,
                "low": 0.0
            },
            "jes": {
                "high": 0.0008893603954324719,
                "low": 0.0016287959632806453
            },
            "final": {
                "high": 0.15872483522845146,
                "central": 0.7179310917854309,
                "low": 0.15869163700677114
            },
            "fracLight": {
                "high": 0.010232100291608853,
                "low": 0.004099781283831869
            },
            "fracBB": {
                "high": 0.006948524438173141,
                "low": 0.0022881724645958585
            },
            "fracCC": {
                "high": 0.011069656588793352,
                "low": 0.015772436952044472
            },
            "pu": {
                "high": 0.0,
                "low": 0.00015543842829348633
            }
        },
        "ptbin3": {
            "stats": {
                "high": 0.02196054905900835,
                "low": 0.022185229070319057
            },
            "QCDFlvCompos": {
                "high": 0.00881138616173515,
                "low": 0.007288427526662497
            },
            "l1PreFiring": {
                "high": 0.0012081892106219066,
                "low": 0.002978409009405852
            },
            "lumi_13TeV": {
                "high": 0.00016438819774454387,
                "low": 0.0
            },
            "extMutagVarRwgt": {
                "high": 0.11199999999999999,
                "low": 0.11199999999999999
            },
            "extMutagTau21Variation": {
                "high": 0.03299999999999992,
                "low": 0.03299999999999992
            },
            "jer": {
                "high": 0.0009993713320209708,
                "low": 0.001392534784614741
            },
            "jes": {
                "high": 0.0,
                "low": 0.0
            },
            "final": {
                "high": 0.12088196957204579,
                "central": 0.6922305822372437,
                "low": 0.12050858628309713
            },
            "fracLight": {
                "high": 0.00941115885430953,
                "low": 0.0
            },
            "fracBB": {
                "high": 0.008475311552013602,
                "low": 0.008786356042140451
            },
            "fracCC": {
                "high": 0.016001763006432593,
                "low": 0.01857997719950326
            },
            "pu": {
                "high": 0.0012026793259429084,
                "low": 0.0009966233383822067
            }
        }
    },
    "medium": {
        "ptbin1": {
            "stats": {
                "high": 0.015225854338669187,
                "low": 0.0019024014472961426
            },
            "QCDFlvCompos": {
                "high": 0.0,
                "low": 0.009618915623255979
            },
            "l1PreFiring": {
                "high": 0.0,
                "low": 0.004291319458689864
            },
            "lumi_13TeV": {
                "high": 0.0005135061972468402,
                "low": 0.0
            },
            "extMutagVarRwgt": {
                "high": 0.127,
                "low": 0.127
            },
            "extMutagTau21Variation": {
                "high": 0.05399999999999994,
                "low": 0.05399999999999994
            },
            "jer": {
                "high": 0.0,
                "low": 0.003313736231710522
            },
            "jes": {
                "high": 0.0021578483383632983,
                "low": 0.0
            },
            "final": {
                "high": 0.14052378867180973,
                "central": 0.781913161277771,
                "low": 0.14081560987902655
            },
            "fracLight": {
                "high": 0.005947897423604848,
                "low": 0.004546583683861229
            },
            "fracBB": {
                "high": 0.006808875099099244,
                "low": 0.008201948302141241
            },
            "fracCC": {
                "high": 0.02085628941904761,
                "low": 0.01811538441850499
            },
            "pu": {
                "high": 0.0030770487295818196,
                "low": 0.015664295794286586
            }
        },
        "ptbin2": {
            "stats": {
                "high": 0.01495808833399348,
                "low": 0.0020749568939208984
            },
            "QCDFlvCompos": {
                "high": 0.006148732144251502,
                "low": 0.005382794572739947
            },
            "l1PreFiring": {
                "high": 0.0,
                "low": 0.0
            },
            "lumi_13TeV": {
                "high": 0.0,
                "low": 0.0
            },
            "extMutagVarRwgt": {
                "high": 0.13,
                "low": 0.13
            },
            "extMutagTau21Variation": {
                "high": 0.05399999999999994,
                "low": 0.05399999999999994
            },
            "jer": {
                "high": 0.00037221025943759526,
                "low": 0.0
            },
            "jes": {
                "high": 0.0009537248763372749,
                "low": 0.0
            },
            "final": {
                "high": 0.14289311836265306,
                "central": 0.7820755243301392,
                "low": 0.1429039656927573
            },
            "fracLight": {
                "high": 0.007163882364699132,