{
    "tight": {
        "ptbin1": {
            "stats": {
                "high": 0.028911333208756385,
                "low": 0.029243639923700826
            },
            "QCDFlvCompos": {
                "high": 0.0,
                "low": 0.0010717636691062664
            },
            "l1PreFiring": {
                "high": 0.0,
                "low": 0.0
            },
            "lumi_13TeV": {
                "high": 0.001119881831945268,
                "low": 0.0006445123066420387
            },
            "extMutagVarRwgt": {
                "high": 0.08800000000000008,
                "low": 0.08800000000000008
            },
            "extMutagTau21Variation": {
                "high": 0.10699999999999998,
                "low": 0.10699999999999998
            },
            "jer": {
                "high": 0.0003989059917737765,
                "low": 0.002029109466867663
            },
            "jes": {
                "high": 0.0,
                "low": 0.0003099419347777997
            },
            "final": {
                "high": 0.14231077485521187,
                "central": 0.5875788331031799,
                "low": 0.14191163667266798
            },
            "fracLight": {
                "high": 0.004190782712946796,
                "low": 0.0027476869410116987
            },
            "fracBB": {
                "high": 0.00740873333445498,
                "low": 0.004712687979041693
            },
            "fracCC": {
                "high": 0.0119951271939368,
                "low": 0.007328160273331034
            },
            "pu": {
                "high": 0.002538003865717681,
                "low": 0.0012180229536869441
            }
        },
        "ptbin2": {
            "stats": {
                "high": 0.027726292525994567,
                "low": 0.027751035707630822
            },
            "QCDFlvCompos": {
                "high": 0.002157284604659693,
                "low": 0.0
            },
            "l1PreFiring": {
                "high": 0.0,
                "low": 0.0
            },
            "lumi_13TeV": {
                "high": 0.0004011858879638935,
                "low": 0.0005125951225522834
            },
            "extMutagVarRwgt": {
                "high": 0.10199999999999998,
                "low": 0.10199999999999998
            },
            "extMutagTau21Variation": {
                "high": 0.277,
                "low": 0.277
            },
            "jer": {
                "high": 0.0004410548276369115,
                "low": 0.00033077485546581905
            },
            "jes": {
                "high": 0.0013618058645228509,
                "low": 0.0007916666304106944
            },
            "final": {
                "high": 0.297089255975085,
                "central": 0.6568050980567932,
                "low": 0.2968752958828445
            },
            "fracLight": {
                "high": 0.004970128106725111,
                "low": 0.004804214942493793
            },
            "fracBB": {
                "high": 0.00859409309572492,
                "low": 0.0067108535992019425
            },
            "fracCC": {
                "high": 0.01551774236260957,
                "low": 0.012538602994588716
            },
            "pu": {
                "high": 0.0037488544209071566,
                "low": 0.0027420661676817726
            }
        },
        "ptbin3": {
            "stats": {
                "high": 0.033707100093520515,
                "low": 0.03402945638137611
            },
            "QCDFlvCompos": {
                "high": 0.0024361817444049946,
                "low": 0.001436327316892564
            },
            "l1PreFiring": {
                "high": 0.0,
                "low": 0.0
            },
            "lumi_13TeV": {
                "high": 0.00022321025768829117,
                "low": 0.00020068447530536743
            },
            "extMutagVarRwgt": {
                "high": 0.09299999999999997,
                "low": 0.09299999999999997
            },
            "extMutagTau21Variation": {
                "high": 0.06999999999999995,
                "low": 0.06999999999999995
            },
            "jer": {
                "high": 0.0006023185510945033,
                "low": 0.0010856758140481444
            },
            "jes": {
                "high": 0.0021311807949272684,
                "low": 0.001418551989910968
            },
            "final": {
                "high": 0.12292423987359012,
                "central": 0.6183862090110779,
                "low": 0.12230144728578922
            },
            "fracLight": {
                "high": 0.003941908764618325,
                "low": 0.0028663472806550287
            },
            "fracBB": {
                "high": 0.00979663515455258,
                "low": 0.007168685763067204
            },
            "fracCC": {
                "high": 0.01671726104759022,
                "low": 0.012970267692124483
            },
            "pu": {
                "high": 0.0048302283862659825,
                "low": 0.00418473035418673
            }
        }
    },
    "medium": {
        "ptbin1": {
            "stats": {
                "high": 0.02997300657450852,
                "low": 0.04447115228297971
            },
            "QCDFlvCompos": {
                "high": 0.0010345959073325935,
                "low": 0.003568078676663159
            },
            "l1PreFiring": {
                "high": 0.0,
                "low": 0.0
            },
            "lumi_13TeV": {
                "high": 0.0009051965411590204,
                "low": 0.00102061766176494
            },
            "extMutagVarRwgt": {
                "high": 0.04400000000000004,
                "low": 0.04400000000000004
            },
            "extMutagTau21Variation": {
                "high": 0.019999999999999907,
                "low": 0.019999999999999907
            },
            "jer": {
                "high": 0.0,
                "low": 0.00045634121071033007
            },
            "jes": {
                "high": 0.0026666064429269397,
                "low": 0.0008382977709911407
            },
            "final": {
                "high": 0.059995992147617326,
                "central": 0.7064410448074341,
                "low": 0.06627230366069088
            },
            "fracLight": {
                "high": 0.0058972114445324094,
                "low": 0.006637015480719128
            },
            "fracBB": {
                "high": 0.009631744544032417,
                "low": 0.0
            },
            "fracCC": {
                "high": 0.014697396511005678,
                "low": 0.0
            },
            "pu": {
                "high": 0.0035516801052908084,
                "low": 0.004929056857062377
            }
        },
        "ptbin2": {
            "stats": {
                "high": 0.03519564368836525,
                "low": 0.03950214103187433
            },
            "QCDFlvCompos": {
                "high": 0.0028605713339006095,
                "low": 0.005260959959347988
            },
            "l1PreFiring": {
                "high": 0.0,
                "low": 0.0
            },
            "lumi_13TeV": {
                "high": 0.0005964218459488002,
                "low": 0.0007424483895801766
            },
            "extMutagVarRwgt": {
                "high": 0.07500000000000007,
                "low": 0.07500000000000007
            },
            "extMutagTau21Variation": {
                "high": 0.16000000000000003,
                "low": 0.16000000000000003
            },
            "jer": {
                "high": 0.002164818328693749,
                "low": 0.003022525009463281
            },
            "jes": {
                "high": 0.0014049305367632358,
                "low": 0.0013120529354544762
            },