{
    "tight": {
        "ptbin1": {
            "QCDFlvCompos": {
                "high": 0.008204847310587028,
                "low": 0.013242099289312831
            },
            "tau21_uncertainty_max": {
                "high": 0.25466366190012096,
                "low": 0.25466366190012096
            },
            "reweighting_uncertainty": {
                "high": 0.03141533300175725,
                "low": 0.03141533300175725
            },
            "jer": {
                "high": 0.004004291321143155,
                "low": 0.0017952354444152865
            },
            "jes": {
                "high": 0.012000156716513761,
                "low": 0.011153688596205177
            },
            "lumi_13TeV": {
                "high": 0.002482558674345835,
                "low": 0.0022968392610128027
            },
            "final": {
                "high": 0.2720078730988037,
                "central": 0.62632817029953,
                "low": 0.26972757462767155
            },
            "fracLight": {
                "high": 0.04011228128947445,
                "low": 0.03171529557651837
            },
            "fracBB": {
                "high": 0.019492924752061148,
                "low": 0.012775528768132314
            },
            "fracCC": {
                "high": 0.0127158646305918,
                "low": 0.008721721971553794
            },
            "pu": {
                "high": 0.011979495658951218,
                "low": 0.010506662734540975
            },
            "psWeightIsr": {
                "high": 0.011682354163416639,
                "low": 0.007394561779809175
            },
            "psWeightFsr": {
                "high": 0.0021067554078567363,
                "low": 0.0
            },
            "stats": {
                "high": 0.07402142857475502,
                "low": 0.0720720079721201
            },
            "l1PreFiring": {
                "high": 0.0,
                "low": 0.0
            }
        },
        "ptbin2": {
            "QCDFlvCompos": {
                "high": 0.02059828510298886,
                "low": 0.01917022345588843
            },
            "tau21_uncertainty_max": {
                "high": 0.08719331424605742,
                "low": 0.08719331424605742
            },
            "reweighting_uncertainty": {
                "high": 0.019682769324603222,
                "low": 0.019682769324603222
            },
            "jer": {
                "high": 0.004259067835117126,
                "low": 0.004100575849528233
            },
            "jes": {
                "high": 0.0007900963937615777,
                "low": 0.0014087134834430185
            },
            "lumi_13TeV": {
                "high": 0.0022540456863971367,
                "low": 0.0015688605681799096
            },
            "final": {
                "high": 0.13341372420403516,
                "central": 0.5847517848014832,
                "low": 0.12737446440860914
            },
            "fracLight": {
                "high": 0.04017200023716345,
                "low": 0.030431234808381887
            },
            "fracBB": {
                "high": 0.025051092615111365,
                "low": 0.016390879514818702
            },
            "fracCC": {
                "high": 0.014531802956440952,
                "low": 0.00998956027336308
            },
            "pu": {
                "high": 0.01874865122959056,
                "low": 0.014593185846178679
            },
            "psWeightIsr": {
                "high": 0.012306153353432622,
                "low": 0.011877215609968116
            },
            "psWeightFsr": {
                "high": 0.00684127793067713,
                "low": 0.01672821269046398
            },
            "stats": {
                "high": 0.07974161904410382,
                "low": 0.07692227257292916
            },
            "l1PreFiring": {
                "high": 0.0,
                "low": 0.0
            }
        },
        "ptbin3": {
            "QCDFlvCompos": {
                "high": 0.00974190765267988,
                "low": 0.006716381638301052
            },
            "tau21_uncertainty_max": {
                "high": 0.1509553847707799,
                "low": 0.1509553847707799
            },
            "reweighting_uncertainty": {
                "high": 0.0016128443994674058,
                "low": 0.0016128443994674058
            },
            "jer": {
                "high": 0.004872340516976336,
                "low": 0.006504844618818478
            },
            "jes": {
                "high": 0.017596807685861134,
                "low": 0.021118221250333042
            },
            "lumi_13TeV": {
                "high": 0.0010021753259095224,
                "low": 0.0008996643267203357
            },
            "final": {
                "high": 0.1952573282373373,
                "central": 0.3170384466648102,
                "low": 0.19082858257964844
            },
            "fracLight": {
                "high": 0.031223311863522923,
                "low": 0.016715300080070536
            },
            "fracBB": {
                "high": 0.021387685095043404,
                "low": 0.005686916694624003
            },
            "fracCC": {
                "high": 0.01238470500895781,
                "low": 0.0033380379515085745
            },
            "pu": {
                "high": 0.0097227896915998,
                "low": 0.01059885997396658
            },
            "psWeightIsr": {
                "high": 0.006954389502301618,
                "low": 0.00424780331526923
            },
            "psWeightFsr": {
                "high": 0.025588709103193132,
                "low": 0.023667275225238635
            },
            "stats": {
                "high": 0.11190447223937616,
                "low": 0.10989905669539324
            },
            "l1PreFiring": {
                "high": 0.0,
                "low": 0.0
            }
        }
    },
    "medium": {
        "ptbin1": {
            "QCDFlvCompos": {
                "high": 0.010279768777031061,
                "low": 0.010729225217541839
            },
            "tau21_uncertainty_max": {
                "high": 0.04101911969363359,
                "low": 0.04101911969363359
            },
            "reweighting_uncertainty": {
                "high": 0.04407035931751191,
                "low": 0.04407035931751191
            },
            "jer": {
                "high": 0.0,
                "low": 0.005608038692596005
            },
            "jes": {
                "high": 0.006654775315717274,
                "low": 0.01239878239547697
            },
            "lumi_13TeV": {
                "high": 0.0010437471350701827,
                "low": 0.001295309643772152
            },
            "final": {
                "high": 0.08713899655890718,
                "central": 0.5776011347770691,
                "low": 0.08447109802636855
            },
            "fracLight": {
                "high": 0.03369681487615872,
                "low": 0.02763037003965167
            },
            "fracBB": {
                "high": 0.009726442027001807,
                "low": 0.005282400743449459
            },
            "fracCC": {
                "high": 0.004384178762162059,
                "low": 0.00233721574135355
            },
            "pu": {
                "high": 0.007473673980588291,
                "low": 0.006265193047576521
            },
            "psWeightIsr": {
                "high": 0.0037577898377359692,
                "low": 0.004254647535462255
            },
            "psWeightFsr": {
                "high": 0.011285620479186404,
                "low": 0.008950659332734034
            },
            "stats": {
                "high": 0.0488547607926616,
                "low": 0.047690198066540956
            },