{
    "tight": {
        "ptbin1": {
            "stats": {
                "high": 0.06596372280202611,
                "low": 0.06460089216041398
            },
            "QCDFlvCompos": {
                "high": 0.009298641136520467,
                "low": 0.0024123235127292714
            },
            "l1PreFiring": {
                "high": 0.0014311323135449132,
                "low": 0.0018414108746834083
            },
            "lumi_13TeV": {
                "high": 0.0005304725360202047,
                "low": 0.0007029604217088034
            },
            "extMutagVarRwgt": {
                "high": 0.10999999999999999,
                "low": 0.10999999999999999
            },
            "extMutagTau21Variation": {
                "high": 0.07099999999999995,
                "low": 0.07099999999999995
            },
            "jer": {
                "high": 0.003981254675385625,
                "low": 0.003117001226169709
            },
            "jes": {
                "high": 0.00566689193254289,
                "low": 0.006697298874597729
            },
            "final": {
                "high": 0.15178161010158142,
                "central": 0.775580644607544,
                "low": 0.15332495896949278
            },
            "fracLight": {
                "high": 0.009547241977551245,
                "low": 0.01926920567657366
            },
            "fracBB": {
                "high": 0.017966598432934935,
                "low": 0.019425178821653875
            },
            "fracCC": {
                "high": 0.026632196666265952,
                "low": 0.034266638231211094
            },
            "pu": {
                "high": 0.016895671944776126,
                "low": 0.014392764112344742
            }
        },
        "ptbin2": {
            "stats": {
                "high": 0.06833438835009731,
                "low": 0.06637745163849651
            },
            "QCDFlvCompos": {
                "high": 0.0003101543989255357,
                "low": 0.002267811597596613
            },
            "l1PreFiring": {
                "high": 0.004294634316442467,
                "low": 0.00811053122567236
            },
            "lumi_13TeV": {
                "high": 0.0004993321496785723,
                "low": 0.0009119658994039357
            },
            "extMutagVarRwgt": {
                "high": 0.04400000000000004,
                "low": 0.04400000000000004
            },
            "extMutagTau21Variation": {
                "high": 0.17800000000000005,
                "low": 0.17800000000000005
            },
            "jer": {
                "high": 0.005755410141175567,
                "low": 0.004764386879123496
            },
            "jes": {
                "high": 0.0016637906519126801,
                "low": 0.0
            },
            "final": {
                "high": 0.19976920393929612,
                "central": 0.7111942768096924,
                "low": 0.19769262339753296
            },
            "fracLight": {
                "high": 0.010904126173863379,
                "low": 0.007797969031767586
            },
            "fracBB": {
                "high": 0.013857863536266755,
                "low": 0.01043227881196799
            },
            "fracCC": {
                "high": 0.033324327892548924,
                "low": 0.02636795838971095
            },
            "pu": {
                "high": 0.011916907106180335,
                "low": 0.009898608538178767
            }
        },
        "ptbin3": {
            "stats": {
                "high": 0.08231185017898468,
                "low": 0.08039867756786079
            },
            "QCDFlvCompos": {
                "high": 0.0030000365419356905,
                "low": 0.0023852450174578614
            },
            "l1PreFiring": {
                "high": 0.0,
                "low": 0.0012816982633402263
            },
            "lumi_13TeV": {
                "high": 0.00013223824014031339,
                "low": 0.0003401067892195268
            },
            "extMutagVarRwgt": {
                "high": 0.063,
                "low": 0.063
            },
            "extMutagTau21Variation": {
                "high": 0.26300000000000007,
                "low": 0.26300000000000007
            },
            "jer": {
                "high": 0.015404704716604389,
                "low": 0.003257956030747208
            },
            "jes": {
                "high": 0.007122488378206466,
                "low": 0.006119553979415048
            },
            "final": {
                "high": 0.28364909329948634,
                "central": 0.4743453860282898,
                "low": 0.2826822298781979
            },
            "fracLight": {
                "high": 0.015335843520507738,
                "low": 0.0037212328912485724
            },
            "fracBB": {
                "high": 0.0,
                "low": 0.011029894205447182
            },
            "fracCC": {
                "high": 0.00777559771865039,
                "low": 0.009960994620891513
            },
            "pu": {
                "high": 0.003452560147565529,
                "low": 0.004130029628568353
            }
        }
    },
    "medium": {
        "ptbin1": {
            "stats": {
                "high": 0.044348183370069516,
                "low": 0.04399958614800059
            },
            "QCDFlvCompos": {
                "high": 0.012354642388727589,
                "low": 0.0017628203871333664
            },
            "l1PreFiring": {
                "high": 0.002460428894377642,
                "low": 0.006793510103428374
            },
            "lumi_13TeV": {
                "high": 0.000654240163885512,
                "low": 0.0005916749710266318
            },
            "extMutagVarRwgt": {
                "high": 0.02100000000000002,
                "low": 0.02100000000000002
            },
            "extMutagTau21Variation": {
                "high": 0.16300000000000003,
                "low": 0.16300000000000003
            },
            "jer": {
                "high": 0.00021654838508560834,
                "low": 0.0011739207871544971
            },
            "jes": {
                "high": 0.0018380413317430737,
                "low": 0.005882607352430757
            },
            "final": {
                "high": 0.17380133447135498,
                "central": 0.7705801129341125,
                "low": 0.17763773613435893
            },
            "fracLight": {
                "high": 0.015808564463975106,
                "low": 0.022301629685174705
            },
            "fracBB": {
                "high": 0.01154130803207047,
                "low": 0.013630018008411866
            },
            "fracCC": {
                "high": 0.022757820761396985,
                "low": 0.040961441811387396
            },
            "pu": {
                "high": 0.012906098181009972,
                "low": 0.012752622128857182
            }
        },
        "ptbin2": {
            "stats": {
                "high": 0.04516369158102107,
                "low": 0.04511384108733196
            },
            "QCDFlvCompos": {
                "high": 0.01662837661784869,
                "low": 0.008750283665481912
            },
            "l1PreFiring": {
                "high": 0.0027480881467653842,
                "low": 0.0040685027891109215
            },
            "lumi_13TeV": {
                "high": 0.0008076606429161523,
                "low": 0.00038742804053580723
            },
            "extMutagVarRwgt": {
                "high": 0.04200000000000004,
                "low": 0.04200000000000004
            },
            "extMutagTau21Variation": {
                "high": 0.07500000000000007,
                "low": 0.07500000000000007
            },
            "jer": {
                "high": 0.0003067421516079045,