{
    "tight": {
        "ptbin1": {
            "QCDFlvCompos": {
                "high": 0.004429169409056821,
                "low": 0.00473980896724909
            },
            "tau21_uncertainty_max": {
                "high": 0.12305402800096432,
                "low": 0.12305402800096432
            },
            "reweighting_uncertainty": {
                "high": 0.025636339520302975,
                "low": 0.025636339520302975
            },
            "jer": {
                "high": 0.00717934985279482,
                "low": 0.009920773380093546
            },
            "jes": {
                "high": 0.010496673848097741,
                "low": 0.010495316321607691
            },
            "lumi_13TeV": {
                "high": 0.0,
                "low": 0.000678892050791487
            },
            "final": {
                "high": 0.13665501788272902,
                "central": 0.8932711482048035,
                "low": 0.1361011299111084
            },
            "fracLight": {
                "high": 0.0006791361870005037,
                "low": 0.00035840516210614937
            },
            "fracBB": {
                "high": 0.021037137436163617,
                "low": 0.016609485331776395
            },
            "fracCC": {
                "high": 0.009702697450351487,
                "low": 0.007351323016598046
            },
            "pu": {
                "high": 0.0017351144643000874,
                "low": 0.0006684384943651338
            },
            "l1PreFiring": {
                "high": 0.0015090529129079052,
                "low": 0.0018173934965316262
            },
            "psWeightIsr": {
                "high": 0.0,
                "low": 0.0
            },
            "psWeightFsr": {
                "high": 0.006676839653599949,
                "low": 0.003370781571009288
            },
            "stats": {
                "high": 0.04590273492197994,
                "low": 0.04634467332045644
            }
        },
        "ptbin2": {
            "QCDFlvCompos": {
                "high": 0.002218046355702977,
                "low": 0.003472849293752644
            },
            "tau21_uncertainty_max": {
                "high": 0.038651763078125345,
                "low": 0.038651763078125345
            },
            "reweighting_uncertainty": {
                "high": 0.00667082848259859,
                "low": 0.00667082848259859
            },
            "jer": {
                "high": 0.0,
                "low": 0.001778480863892664
            },
            "jes": {
                "high": 0.009163300898823,
                "low": 0.007564918960180242
            },
            "lumi_13TeV": {
                "high": 0.0007186907482763719,
                "low": 0.0009059233604753104
            },
            "final": {
                "high": 0.07293034825353546,
                "central": 0.8426857590675354,
                "low": 0.07076233574151344
            },
            "fracLight": {
                "high": 0.0020847514612640505,
                "low": 0.002473432122710573
            },
            "fracBB": {
                "high": 0.026574881312755427,
                "low": 0.020753143201912443
            },
            "fracCC": {
                "high": 0.010567760866533044,
                "low": 0.007607140591600311
            },
            "pu": {
                "high": 0.008411099802030138,
                "low": 0.008812837030860596
            },
            "l1PreFiring": {
                "high": 0.0005180217905685586,
                "low": 0.0008424988360991718
            },
            "psWeightIsr": {
                "high": 0.01083139672797421,
                "low": 0.011499306250863976
            },
            "psWeightFsr": {
                "high": 0.014064990890203188,
                "low": 0.011414689715210443
            },
            "stats": {
                "high": 0.049825891142030954,
                "low": 0.05059636895984976
            }
        },
        "ptbin3": {
            "QCDFlvCompos": {
                "high": 0.019284677197558987,
                "low": 0.01492276679813894
            },
            "tau21_uncertainty_max": {
                "high": 0.07759702916629374,
                "low": 0.07759702916629374
            },
            "reweighting_uncertainty": {
                "high": 0.023593172842469534,
                "low": 0.023593172842469534
            },
            "jer": {
                "high": 0.012312567947220805,
                "low": 0.013114385482542061
            },
            "jes": {
                "high": 0.0041747444125729205,
                "low": 0.0009916854486315264
            },
            "lumi_13TeV": {
                "high": 0.0026630049337337904,
                "low": 0.002819117729881717
            },
            "final": {
                "high": 0.11483480271636462,
                "central": 0.8127242922782898,
                "low": 0.11159222458127811
            },
            "fracLight": {
                "high": 0.0018216042586236402,
                "low": 0.0018775069644466672
            },
            "fracBB": {
                "high": 0.03322989633707503,
                "low": 0.025654223416076934
            },
            "fracCC": {
                "high": 0.009306651587038093,
                "low": 0.006520171220852817
            },
            "pu": {
                "high": 0.0,
                "low": 0.001317328161990432
            },
            "l1PreFiring": {
                "high": 0.0,
                "low": 0.0009883742080055275
            },
            "psWeightIsr": {
                "high": 0.00835895436855517,
                "low": 0.008351369510174905
            },
            "psWeightFsr": {
                "high": 0.0046348832471537,
                "low": 0.0023216542996332976
            },
            "stats": {
                "high": 0.06910833532807958,
                "low": 0.06847814522759899
            }
        }
    },
    "medium": {
        "ptbin1": {
            "QCDFlvCompos": {
                "high": 0.00047303249370943024,
                "low": 0.0
            },
            "tau21_uncertainty_max": {
                "high": 0.06981842607542954,
                "low": 0.06981842607542954
            },
            "reweighting_uncertainty": {
                "high": 0.012896482583001578,
                "low": 0.012896482583001578
            },
            "jer": {
                "high": 0.00311264279322974,
                "low": 0.0
            },
            "jes": {
                "high": 0.003341724687140645,
                "low": 0.003103333400472507
            },
            "lumi_13TeV": {
                "high": 0.003070207049419931,
                "low": 0.0024434673804889446
            },
            "final": {
                "high": 0.08130592181966344,
                "central": 0.9450464248657227,
                "low": 0.08075900175444309
            },
            "fracLight": {
                "high": 0.0011263925378652956,
                "low": 0.000893078556539421
            },
            "fracBB": {
                "high": 0.014775738620092689,
                "low": 0.011797252871777972
            },
            "fracCC": {
                "high": 0.011720071736940353,
                "low": 0.009776764246619826
            },
            "pu": {
                "high": 0.0031823591779177336,
                "low": 0.00429785430998755
            },
            "l1PreFiring": {
                "high": 8.392411349849313e-05,
                "low": 0.0
            },
            "psWeightIsr": {
                "high": 0.001686293175247619,
                "low": 0.002158218318285112
            },
            "psWeightFsr": {
                "high": 0.003799591579457133,
                "low": 0.003696202926905656
            },