{
    "tight": {
        "ptbin1": {
            "stats": {
                "high": 0.034757308211601834,
                "low": 0.03371201884808839
            },
            "QCDFlvCompos": {
                "high": 0.002370237118437242,
                "low": 0.0026362503757017077
            },
            "l1PreFiring": {
                "high": 0.0005423167653903601,
                "low": 0.0
            },
            "lumi_13TeV": {
                "high": 0.0012425435657859784,
                "low": 0.0014111911777365468
            },
            "extMutagVarRwgt": {
                "high": 0.05699999999999994,
                "low": 0.05699999999999994
            },
            "extMutagTau21Variation": {
                "high": 0.1429999999999999,
                "low": 0.1429999999999999
            },
            "jer": {
                "high": 0.0044777161426317125,
                "low": 0.002498455173470101
            },
            "jes": {
                "high": 0.003128934491926043,
                "low": 0.001966118909926375
            },
            "final": {
                "high": 0.1583904707833252,
                "central": 0.67702716588974,
                "low": 0.15794993295140317
            },
            "fracLight": {
                "high": 0.006887163398023201,
                "low": 0.005181726239635622
            },
            "fracBB": {
                "high": 0.004984129183604513,
                "low": 0.005164615509701758
            },
            "fracCC": {
                "high": 0.007933727289854461,
                "low": 0.0061425635042830756
            },
            "pu": {
                "high": 0.0029926493035710403,
                "low": 0.0018697929385592229
            }
        },
        "ptbin2": {
            "stats": {
                "high": 0.02014238765052645,
                "low": 0.01981591471407962
            },
            "QCDFlvCompos": {
                "high": 0.0010145881266724426,
                "low": 0.0022145364815470935
            },
            "l1PreFiring": {
                "high": 0.0,
                "low": 0.0006549320065345318
            },
            "lumi_13TeV": {
                "high": 0.00012264899603892142,
                "low": 0.0006191885883835384
            },
            "extMutagVarRwgt": {
                "high": 0.09499999999999997,
                "low": 0.09499999999999997
            },
            "extMutagTau21Variation": {
                "high": 0.08900000000000008,
                "low": 0.08900000000000008
            },
            "jer": {
                "high": 0.0,
                "low": 0.000647014485071316
            },
            "jes": {
                "high": 0.0,
                "low": 0.0008190915171288848
            },
            "final": {
                "high": 0.13262409254206237,
                "central": 0.7185208201408386,
                "low": 0.13253234342139125
            },
            "fracLight": {
                "high": 0.006179120593682048,
                "low": 0.005613068166087039
            },
            "fracBB": {
                "high": 0.007397307212894046,
                "low": 0.00804078399113926
            },
            "fracCC": {
                "high": 0.011890945272095152,
                "low": 0.010886163283552975
            },
            "pu": {
                "high": 0.001773797055702786,
                "low": 0.0021624623506156016
            }
        },
        "ptbin3": {
            "stats": {
                "high": 0.036323375807440716,
                "low": 0.02639728666628327
            },
            "QCDFlvCompos": {
                "high": 0.0,
                "low": 0.0022604966490578967
            },
            "l1PreFiring": {
                "high": 0.0007381447937356684,
                "low": 0.0
            },
            "lumi_13TeV": {
                "high": 0.0004493334064082192,
                "low": 0.0003835100823004979
            },
            "extMutagVarRwgt": {
                "high": 0.08399999999999996,
                "low": 0.08399999999999996
            },
            "extMutagTau21Variation": {
                "high": 0.10599999999999998,
                "low": 0.10599999999999998
            },
            "jer": {
                "high": 0.0037832159120315006,
                "low": 0.0023311526249792333
            },
            "jes": {
                "high": 0.004650722591699778,
                "low": 0.0020883775731170384
            },
            "final": {
                "high": 0.14047904878844172,
                "central": 0.647904634475708,
                "low": 0.13809674683324819
            },
            "fracLight": {
                "high": 0.004746857009332006,
                "low": 0.0008320671906124475
            },
            "fracBB": {
                "high": 0.003873007672116496,
                "low": 0.004950871596260255
            },
            "fracCC": {
                "high": 0.007837836347602102,
                "low": 0.00721832146837978
            },
            "pu": {
                "high": 0.0,
                "low": 0.0
            }
        }
    },
    "medium": {
        "ptbin1": {
            "stats": {
                "high": 0.026912724157059364,
                "low": 0.027254815827450485
            },
            "QCDFlvCompos": {
                "high": 0.004058275185046585,
                "low": 0.004113805081903491
            },
            "l1PreFiring": {
                "high": 0.00041515781359305413,
                "low": 0.00042017224074868034
            },
            "lumi_13TeV": {
                "high": 0.0011946328184404993,
                "low": 0.0014005261482493295
            },
            "extMutagVarRwgt": {
                "high": 0.05699999999999994,
                "low": 0.05699999999999994
            },
            "extMutagTau21Variation": {
                "high": 0.08399999999999996,
                "low": 0.08399999999999996
            },
            "jer": {
                "high": 0.0012629489768426966,
                "low": 0.0019292669769038434
            },
            "jes": {
                "high": 0.0032601032530311363,
                "low": 0.0031535509273811356
            },
            "final": {
                "high": 0.10592292603812414,
                "central": 0.765195369720459,
                "low": 0.10578738166989111
            },
            "fracLight": {
                "high": 0.009457809482968697,
                "low": 0.007449647839450144
            },
            "fracBB": {
                "high": 0.0027239062585561204,
                "low": 0.0022818811312793727
            },
            "fracCC": {
                "high": 0.007391384354138291,
                "low": 0.0063969047224788364
            },
            "pu": {
                "high": 0.002928606551698114,
                "low": 0.0029651551982851987
            }
        },
        "ptbin2": {
            "stats": {
                "high": 0.005368828773498535,
                "low": 0.02353036446708301
            },
            "QCDFlvCompos": {
                "high": 0.001901134340998193,
                "low": 0.0030703304048242505
            },
            "l1PreFiring": {
                "high": 2.529941598310872e-05,
                "low": 0.0
            },
            "lumi_13TeV": {
                "high": 0.0,
                "low": 0.0004947970297563543
            },
            "extMutagVarRwgt": {
                "high": 0.06400000000000006,
                "low": 0.06400000000000006
            },
            "extMutagTau21Variation": {
                "high": 0.09000000000000008,
                "low": 0.09000000000000008
            },
            "jer": {
                "high": 2.529955640942613e-05,
                "low": 9.891058650777373e-05
            },