{
    "tight": {
        "ptbin1": {
            "stats": {
                "high": 0.03125492403895913,
                "low": 0.042438284866452625
            },
            "QCDFlvCompos": {
                "high": 0.0019633155246102127,
                "low": 0.00652036111324901
            },
            "l1PreFiring": {
                "high": 0.0,
                "low": 0.0
            },
            "lumi_13TeV": {
                "high": 0.0007480406424884702,
                "low": 0.0006998172339346395
            },
            "extMutagVarRwgt": {
                "high": 0.08999999999999997,
                "low": 0.08999999999999997
            },
            "extMutagTau21Variation": {
                "high": 0.05600000000000005,
                "low": 0.05600000000000005
            },
            "jer": {
                "high": 0.001215734061339612,
                "low": 0.0
            },
            "jes": {
                "high": 0.0008759272956919201,
                "low": 0.00173355624237008
            },
            "final": {
                "high": 0.11227412803415086,
                "central": 0.7452878952026367,
                "low": 0.11490594294457548
            },
            "fracLight": {
                "high": 0.006052739464636093,
                "low": 0.006104154744843046
            },
            "fracBB": {
                "high": 0.00930312026914151,
                "low": 0.005585172638036605
            },
            "fracCC": {
                "high": 0.01596449736859792,
                "low": 0.007185710583025511
            },
            "pu": {
                "high": 0.0028109145415186987,
                "low": 0.000582036672103501
            }
        },
        "ptbin2": {
            "stats": {
                "high": 0.028035668548938353,
                "low": 0.05290507501540742
            },
            "QCDFlvCompos": {
                "high": 0.0025688407493149414,
                "low": 0.0037692749169827397
            },
            "l1PreFiring": {
                "high": 0.0,
                "low": 0.0
            },
            "lumi_13TeV": {
                "high": 0.0005789201242229657,
                "low": 0.0019041837529914414
            },
            "extMutagVarRwgt": {
                "high": 0.06600000000000006,
                "low": 0.06600000000000006
            },
            "extMutagTau21Variation": {
                "high": 0.18400000000000005,
                "low": 0.18400000000000005
            },
            "jer": {
                "high": 0.001589599773685562,
                "low": 0.006560581718383391
            },
            "jes": {
                "high": 0.001508716492177667,
                "low": 0.0
            },
            "final": {
                "high": 0.19830123393989585,
                "central": 0.7286977171897888,
                "low": 0.2027949081261865
            },
            "fracLight": {
                "high": 0.005549717991043225,
                "low": 0.008023782565834787
            },
            "fracBB": {
                "high": 0.009346316057073662,
                "low": 0.0
            },
            "fracCC": {
                "high": 0.01391828172233104,
                "low": 0.00159456422992002
            },
            "pu": {
                "high": 0.0013311525752171816,
                "low": 0.0
            }
        },
        "ptbin3": {
            "stats": {
                "high": 0.0421491476946656,
                "low": 0.035377733074257844
            },
            "QCDFlvCompos": {
                "high": 0.0005638591592530056,
                "low": 0.0009034106903545896
            },
            "l1PreFiring": {
                "high": 0.0,
                "low": 0.0
            },
            "lumi_13TeV": {
                "high": 0.00048292641111838896,
                "low": 0.0002760491907641183
            },
            "extMutagVarRwgt": {
                "high": 0.07899999999999996,
                "low": 0.07899999999999996
            },
            "extMutagTau21Variation": {
                "high": 0.06799999999999995,
                "low": 0.06799999999999995
            },
            "jer": {
                "high": 0.0027863160381606596,
                "low": 0.002383901734632543
            },
            "jes": {
                "high": 0.0016319873938464254,
                "low": 0.001048717881777872
            },
            "final": {
                "high": 0.11298955855332757,
                "central": 0.656488835811615,
                "low": 0.11084960146506577
            },
            "fracLight": {
                "high": 0.0012461739665834556,
                "low": 0.000771088848447428
            },
            "fracBB": {
                "high": 0.0052941718768085904,
                "low": 0.007263443896552095
            },
            "fracCC": {
                "high": 0.009199466827567811,
                "low": 0.010475263998048191
            },
            "pu": {
                "high": 0.0,
                "low": 0.0005400423168690376
            }
        }
    },
    "medium": {
        "ptbin1": {
            "stats": {
                "high": 0.03301794501313715,
                "low": 0.0328485704448227
            },
            "QCDFlvCompos": {
                "high": 0.00813036628251083,
                "low": 0.007225522895081998
            },
            "l1PreFiring": {
                "high": 0.0,
                "low": 0.0
            },
            "lumi_13TeV": {
                "high": 0.000751147145672401,
                "low": 0.0012405428256187059
            },
            "extMutagVarRwgt": {
                "high": 0.07399999999999995,
                "low": 0.07399999999999995
            },
            "extMutagTau21Variation": {
                "high": 0.09100000000000008,
                "low": 0.09100000000000008
            },
            "jer": {
                "high": 0.010200990813079961,
                "low": 0.010164787294889715
            },
            "jes": {
                "high": 0.0031433283889430144,
                "low": 0.0025250092426641717
            },
            "final": {
                "high": 0.12336862659767701,
                "central": 0.8122106194496155,
                "low": 0.12306895168066438
            },
            "fracLight": {
                "high": 0.006408616187048558,
                "low": 0.005398957884435512
            },
            "fracBB": {
                "high": 0.00207311547938345,
                "low": 0.005431809351386635
            },
            "fracCC": {
                "high": 0.011634487336876874,
                "low": 0.008592991951376854
            },
            "pu": {
                "high": 0.0033609620704912226,
                "low": 0.003741627684528608
            }
        },
        "ptbin2": {
            "stats": {
                "high": 0.035802889188346176,
                "low": 0.0367891581556008
            },
            "QCDFlvCompos": {
                "high": 0.0060088225179647185,
                "low": 0.005369202319055476
            },
            "l1PreFiring": {
                "high": 0.0,
                "low": 0.0
            },
            "lumi_13TeV": {
                "high": 0.000974748959738529,
                "low": 0.0012557600679619725
            },
            "extMutagVarRwgt": {
                "high": 0.04500000000000004,
                "low": 0.04500000000000004
            },
            "extMutagTau21Variation": {
                "high": 0.16100000000000003,
                "low": 0.16100000000000003
            },
            "jer": {
                "high": 0.0011407251185127404,
                "low": 0.0010484755779121484
            },
            "jes": {
                "high": 0.0070155185859743585,
                "low": 0.007042137376647614
            },