{
    "tight": {
        "ptbin1": {
            "QCDFlvCompos": {
                "high": 0.006285807815628563,
                "low": 0.010251325640722994
            },
            "tau21_uncertainty_max": {
                "high": 0.1943926241311369,
                "low": 0.1943926241311369
            },
            "reweighting_uncertainty": {
                "high": 0.04577059081844037,
                "low": 0.04577059081844037
            },
            "jer": {
                "high": 0.0,
                "low": 0.0
            },
            "jes": {
                "high": 0.0020711045714667214,
                "low": 0.0
            },
            "lumi_13TeV": {
                "high": 0.001907692758391392,
                "low": 0.0
            },
            "final": {
                "high": 0.20204292936841722,
                "central": 0.7522474527359009,
                "low": 0.20201697632568805
            },
            "fracLight": {
                "high": 0.0008401265083922223,
                "low": 0.0007982987704987823
            },
            "fracBB": {
                "high": 0.00808010890844752,
                "low": 0.006888120701774339
            },
            "fracCC": {
                "high": 0.007998209697654574,
                "low": 0.006860944280463853
            },
            "pu": {
                "high": 0.0001918500705601124,
                "low": 0.0009669586366151927
            },
            "l1PreFiring": {
                "high": 0.0007443173686681388,
                "low": 0.0
            },
            "psWeightIsr": {
                "high": 0.0,
                "low": 0.0
            },
            "psWeightFsr": {
                "high": 0.004295237825212535,
                "low": 0.0033096601723200574
            },
            "stats": {
                "high": 0.027264479107167894,
                "low": 0.027011028318566832
            }
        },
        "ptbin2": {
            "QCDFlvCompos": {
                "high": 0.007101562262910548,
                "low": 0.00814898864008442
            },
            "tau21_uncertainty_max": {
                "high": 0.024145991431309688,
                "low": 0.024145991431309688
            },
            "reweighting_uncertainty": {
                "high": 0.019211484876003104,
                "low": 0.019211484876003104
            },
            "jer": {
                "high": 0.0018785702114420288,
                "low": 0.0015052854485316605
            },
            "jes": {
                "high": 0.009029608020895226,
                "low": 0.007779440706680382
            },
            "lumi_13TeV": {
                "high": 0.001116250722927693,
                "low": 0.0014116188760329039
            },
            "final": {
                "high": 0.04580923487646219,
                "central": 0.7542102336883545,
                "low": 0.04526018120595293
            },
            "fracLight": {
                "high": 0.001064433572897694,
                "low": 0.0009242374603488358
            },
            "fracBB": {
                "high": 0.011146592498354365,
                "low": 0.009831240223784602
            },
            "fracCC": {
                "high": 0.009363894044237776,
                "low": 0.008146680969988216
            },
            "pu": {
                "high": 0.0015480151098959923,
                "low": 0.00153865608382722
            },
            "l1PreFiring": {
                "high": 0.00024538597593746743,
                "low": 0.0
            },
            "psWeightIsr": {
                "high": 0.001536885485518249,
                "low": 0.00170174230397318
            },
            "psWeightFsr": {
                "high": 0.0018996023416195163,
                "low": 0.0003993748349965385
            },
            "stats": {
                "high": 0.028073934020503954,
                "low": 0.028211594794884
            }
        },
        "ptbin3": {
            "QCDFlvCompos": {
                "high": 0.013534530142486892,
                "low": 0.013532703514520105
            },
            "tau21_uncertainty_max": {
                "high": 0.11336403185806243,
                "low": 0.11336403185806243
            },
            "reweighting_uncertainty": {
                "high": 0.03444412755594517,
                "low": 0.03444412755594517
            },
            "jer": {
                "high": 0.004145609640419919,
                "low": 0.0036109991477034187
            },
            "jes": {
                "high": 0.007466613005479404,
                "low": 0.006436103880376905
            },
            "lumi_13TeV": {
                "high": 0.0025980482274141473,
                "low": 0.0034161245233231504
            },
            "final": {
                "high": 0.12844423474753902,
                "central": 0.7593644261360168,
                "low": 0.1270646062774983
            },
            "fracLight": {
                "high": 0.0007116258279863914,
                "low": 0.0003511218153976213
            },
            "fracBB": {
                "high": 0.019260451567298012,
                "low": 0.0170494096408099
            },
            "fracCC": {
                "high": 0.008907392044325856,
                "low": 0.010012374753698384
            },
            "pu": {
                "high": 0.0006680385216601599,
                "low": 0.0007453228611240785
            },
            "l1PreFiring": {
                "high": 0.00017116427639636835,
                "low": 0.0004094562918027742
            },
            "psWeightIsr": {
                "high": 0.0063508199347035044,
                "low": 0.0040340312710995625
            },
            "psWeightFsr": {
                "high": 0.01683508276849055,
                "low": 0.01174511906053558
            },
            "stats": {
                "high": 0.03771217987034425,
                "low": 0.03622634555917437
            }
        }
    },
    "medium": {
        "ptbin1": {
            "QCDFlvCompos": {
                "high": 0.0023125962738306427,
                "low": 0.002939909417043017
            },
            "tau21_uncertainty_max": {
                "high": 0.1020023384245422,
                "low": 0.1020023384245422
            },
            "reweighting_uncertainty": {
                "high": 0.04316419373973768,
                "low": 0.04316419373973768
            },
            "jer": {
                "high": 0.0008053875221008047,
                "low": 0.0
            },
            "jes": {
                "high": 0.003752899191589726,
                "low": 0.002546305675033135
            },
            "lumi_13TeV": {
                "high": 0.001953988307267257,
                "low": 0.0017979149564177049
            },
            "final": {
                "high": 0.11403856963920675,
                "central": 0.8521798253059387,
                "low": 0.1138526844737806
            },
            "fracLight": {
                "high": 0.0010818109105778157,
                "low": 0.0011169095352267706
            },
            "fracBB": {
                "high": 0.009152217132498282,
                "low": 0.00786617410818551
            },
            "fracCC": {
                "high": 0.009446013681791083,
                "low": 0.008597613922171813
            },
            "pu": {
                "high": 0.000951985671621003,
                "low": 0.0007998382189888285
            },
            "l1PreFiring": {
                "high": 0.0004007567971297994,
                "low": 0.00019334506125218167
            },
            "psWeightIsr": {
                "high": 8.456878074396492e-05,
                "low": 0.0007939044120780914
            },
            "psWeightFsr": {
                "high": 0.0008859651727475169,
                "low": 0.001123711220131303
            },