{
    "tight": {
        "ptbin1": {
            "stats": {
                "high": 0.02553525761384523,
                "low": 0.026147941354964455
            },
            "QCDFlvCompos": {
                "high": 0.0019412986643536862,
                "low": 0.0012452490617665003
            },
            "l1PreFiring": {
                "high": 0.0009902241233015656,
                "low": 0.0
            },
            "lumi_13TeV": {
                "high": 0.0003752464752448751,
                "low": 0.0
            },
            "extMutagVarRwgt": {
                "high": 0.06400000000000006,
                "low": 0.06400000000000006
            },
            "extMutagTau21Variation": {
                "high": 0.052000000000000046,
                "low": 0.052000000000000046
            },
            "jer": {
                "high": 0.0010413971783857577,
                "low": 0.0011040608416155303
            },
            "jes": {
                "high": 0.0015749813678696792,
                "low": 0.0015566426895055024
            },
            "final": {
                "high": 0.09038578827451334,
                "central": 0.9112256765365601,
                "low": 0.08971371879719228
            },
            "fracLight": {
                "high": 0.004824471581875706,
                "low": 0.0
            },
            "fracBB": {
                "high": 0.007960457530267542,
                "low": 0.00659258025007523
            },
            "fracCC": {
                "high": 0.02473829571991092,
                "low": 0.022508634328776013
            },
            "pu": {
                "high": 0.00323397382647983,
                "low": 0.0033581709454676392
            }
        },
        "ptbin2": {
            "stats": {
                "high": 0.027823096487042842,
                "low": 0.02839258558841673
            },
            "QCDFlvCompos": {
                "high": 0.0049930797968243965,
                "low": 0.002362089671847
            },
            "l1PreFiring": {
                "high": 0.00018830900774649,
                "low": 0.0
            },
            "lumi_13TeV": {
                "high": 5.193504565042041e-05,
                "low": 0.0
            },
            "extMutagVarRwgt": {
                "high": 0.07500000000000007,
                "low": 0.07500000000000007
            },
            "extMutagTau21Variation": {
                "high": 0.06500000000000006,
                "low": 0.06500000000000006
            },
            "jer": {
                "high": 0.000883594169843683,
                "low": 0.0
            },
            "jes": {
                "high": 0.0018347358825718239,
                "low": 0.0020728542000255654
            },
            "final": {
                "high": 0.10687407775680503,
                "central": 0.8885306715965271,
                "low": 0.10616398999565138
            },
            "fracLight": {
                "high": 0.005131164551876128,
                "low": 0.0010404730061683552
            },
            "fracBB": {
                "high": 0.007443831470999958,
                "low": 0.005708737746285281
            },
            "fracCC": {
                "high": 0.02603601947415109,
                "low": 0.023693251629240703
            },
            "pu": {
                "high": 0.003035459396901749,
                "low": 0.003200494109863346
            }
        },
        "ptbin3": {
            "stats": {
                "high": 0.03962210770961205,
                "low": 0.040282929300064385
            },
            "QCDFlvCompos": {
                "high": 0.011516204572031575,
                "low": 0.006416000256616345
            },
            "l1PreFiring": {
                "high": 0.001418772045601907,
                "low": 0.0
            },
            "lumi_13TeV": {
                "high": 0.0,
                "low": 9.970077556811029e-05
            },
            "extMutagVarRwgt": {
                "high": 0.08200000000000007,
                "low": 0.08200000000000007
            },
            "extMutagTau21Variation": {
                "high": 0.124,
                "low": 0.124
            },
            "jer": {
                "high": 0.002338100752338498,
                "low": 0.002637433709830662
            },
            "jes": {
                "high": 0.0011606947287235469,
                "low": 0.0010547327090677297
            },
            "final": {
                "high": 0.15824562227749636,
                "central": 0.9343469738960266,
                "low": 0.15823871961145908
            },
            "fracLight": {
                "high": 0.02780764791646566,
                "low": 0.0015893638304558077
            },
            "fracBB": {
                "high": 0.01197291857454887,
                "low": 0.0079237805770553
            },
            "fracCC": {
                "high": 0.0175905405151617,
                "low": 0.03409085029357329
            },
            "pu": {
                "high": 0.0020717498804729306,
                "low": 0.006443825425622347
            }
        }
    },
    "medium": {
        "ptbin1": {
            "stats": {
                "high": 0.01903080773209065,
                "low": 0.019043784974973277
            },
            "QCDFlvCompos": {
                "high": 0.0011804158436703616,
                "low": 0.0005878080707426936
            },
            "l1PreFiring": {
                "high": 0.00015331201915388232,
                "low": 0.0
            },
            "lumi_13TeV": {
                "high": 5.628793109426809e-05,
                "low": 0.00014820417267814113
            },
            "extMutagVarRwgt": {
                "high": 0.07899999999999996,
                "low": 0.07899999999999996
            },
            "extMutagTau21Variation": {
                "high": 0.05300000000000005,
                "low": 0.05300000000000005
            },
            "jer": {
                "high": 0.0023497234191693743,
                "low": 0.0017318238856994493
            },
            "jes": {
                "high": 0.0017700827366962802,
                "low": 0.0019229515572900804
            },
            "final": {
                "high": 0.10047633362789204,
                "central": 0.9593150615692139,
                "low": 0.09972223260403301
            },
            "fracLight": {
                "high": 0.006806738452891133,
                "low": 0.003306915229406668
            },
            "fracBB": {
                "high": 0.007288302932868525,
                "low": 0.0001269497079628303
            },
            "fracCC": {
                "high": 0.023871206550456187,
                "low": 0.022588336353146946
            },
            "pu": {
                "high": 0.001990471972690484,
                "low": 0.0019011441588652153
            }
        },
        "ptbin2": {
            "stats": {
                "high": 0.01959802599249416,
                "low": 0.019782033303174185
            },
            "QCDFlvCompos": {
                "high": 0.004800468193504135,
                "low": 0.002910906614044194
            },
            "l1PreFiring": {
                "high": 0.0009244713306750796,
                "low": 0.0016958316368679213
            },
            "lumi_13TeV": {
                "high": 8.911123244365999e-05,
                "low": 6.100701118616978e-05
            },
            "extMutagVarRwgt": {
                "high": 0.07699999999999996,
                "low": 0.07699999999999996
            },
            "extMutagTau21Variation": {
                "high": 0.10399999999999987,
                "low": 0.10399999999999987
            },
            "jer": {
                "high": 0.0009903219855738905,
                "low": 0.0009162289646121634
            },