{
    "tight": {
        "ptbin1": {
            "stats": {
                "high": 0.019209846088401816,
                "low": 0.019751166098417428
            },
            "QCDFlvCompos": {
                "high": 0.0006972562640514937,
                "low": 0.0009161274466027785
            },
            "l1PreFiring": {
                "high": 0.00026257937801255787,
                "low": 0.0
            },
            "lumi_13TeV": {
                "high": 6.910462601085288e-05,
                "low": 6.723188714608993e-05
            },
            "extMutagVarRwgt": {
                "high": 0.10099999999999998,
                "low": 0.10099999999999998
            },
            "extMutagTau21Variation": {
                "high": 0.123,
                "low": 0.123
            },
            "jer": {
                "high": 0.003799845561866192,
                "low": 0.005146447873233736
            },
            "jes": {
                "high": 4.3820359478793606e-05,
                "low": 0.0
            },
            "final": {
                "high": 0.16145888532995892,
                "central": 0.7103117108345032,
                "low": 0.16130602170642178
            },
            "fracLight": {
                "high": 0.003164088811206765,
                "low": 0.002364015556033002
            },
            "fracBB": {
                "high": 0.0055601062863731366,
                "low": 0.004309718952958777
            },
            "fracCC": {
                "high": 0.01727542943929041,
                "low": 0.01525698343114155
            },
            "pu": {
                "high": 0.0039479269021954885,
                "low": 0.003931845015764227
            }
        },
        "ptbin2": {
            "stats": {
                "high": 0.01807101665673816,
                "low": 0.01824098825454712
            },
            "QCDFlvCompos": {
                "high": 0.004631369292393309,
                "low": 0.0033829519739007963
            },
            "l1PreFiring": {
                "high": 0.00017936808788409985,
                "low": 0.0
            },
            "lumi_13TeV": {
                "high": 0.0,
                "low": 0.00015466052383905505
            },
            "extMutagVarRwgt": {
                "high": 0.123,
                "low": 0.123
            },
            "extMutagTau21Variation": {
                "high": 0.15300000000000002,
                "low": 0.15300000000000002
            },
            "jer": {
                "high": 0.001076298020486218,
                "low": 0.0
            },
            "jes": {
                "high": 0.0010950109920071244,
                "low": 4.663068349854474e-05
            },
            "final": {
                "high": 0.19826593607005105,
                "central": 0.7582387328147888,
                "low": 0.19811206231567074
            },
            "fracLight": {
                "high": 0.003193805894657741,
                "low": 0.003881703817752614
            },
            "fracBB": {
                "high": 0.0060390802678319325,
                "low": 0.0
            },
            "fracCC": {
                "high": 0.019079911396903054,
                "low": 0.018739928175060625
            },
            "pu": {
                "high": 0.003207656113988803,
                "low": 0.0
            }
        },
        "ptbin3": {
            "stats": {
                "high": 0.02707355650079979,
                "low": 0.022713899612426758
            },
            "QCDFlvCompos": {
                "high": 0.015149098214056751,
                "low": 0.016239772497927622
            },
            "l1PreFiring": {
                "high": 0.0,
                "low": 0.0012522745505478881
            },
            "lumi_13TeV": {
                "high": 0.0,
                "low": 0.00019470132519331572
            },
            "extMutagVarRwgt": {
                "high": 0.09200000000000008,
                "low": 0.09200000000000008
            },
            "extMutagTau21Variation": {
                "high": 0.07200000000000006,
                "low": 0.07200000000000006
            },
            "jer": {
                "high": 0.0034251642024015006,
                "low": 0.0
            },
            "jes": {
                "high": 0.0,
                "low": 0.0024455934072468224
            },
            "final": {
                "high": 0.12276892964785717,
                "central": 0.6826876997947693,
                "low": 0.12217868777334015
            },
            "fracLight": {
                "high": 0.011844819659509247,
                "low": 0.00806861043865023
            },
            "fracBB": {
                "high": 0.005468142997720036,
                "low": 0.004300119772959325
            },
            "fracCC": {
                "high": 0.016604882743992647,
                "low": 0.020424848525456007
            },
            "pu": {
                "high": 0.003231800255501415,
                "low": 0.0
            }
        }
    },
    "medium": {
        "ptbin1": {
            "stats": {
                "high": 0.002245604991912842,
                "low": 0.0
            },
            "QCDFlvCompos": {
                "high": 0.0,
                "low": 0.002443287284954973
            },
            "l1PreFiring": {
                "high": 0.0,
                "low": 0.001074529440273839
            },
            "lumi_13TeV": {
                "high": 0.0,
                "low": 0.0
            },
            "extMutagVarRwgt": {
                "high": 0.121,
                "low": 0.121
            },
            "extMutagTau21Variation": {
                "high": 0.07300000000000006,
                "low": 0.07300000000000006
            },
            "jer": {
                "high": 0.0002669190496276953,
                "low": 0.0
            },
            "jes": {
                "high": 0.0,
                "low": 0.0012776298480267547
            },
            "final": {
                "high": 0.1435814971082743,
                "central": 0.817766010761261,
                "low": 0.14326072786921001
            },
            "fracLight": {
                "high": 0.0028509501219283378,
                "low": 0.0
            },
            "fracBB": {
                "high": 0.016541151672730275,
                "low": 0.006832704053126705
            },
            "fracCC": {
                "high": 0.019081268955002846,
                "low": 0.017105522303550405
            },
            "pu": {
                "high": 0.0,
                "low": 0.014504213342185102
            }
        },
        "ptbin2": {
            "stats": {
                "high": 0.013983001485151747,
                "low": 0.00482332706451416
            },
            "QCDFlvCompos": {
                "high": 0.003189426326469058,
                "low": 0.0019030847134535647
            },
            "l1PreFiring": {
                "high": 0.00020123820812203945,
                "low": 0.0
            },
            "lumi_13TeV": {
                "high": 0.0,
                "low": 0.0
            },
            "extMutagVarRwgt": {
                "high": 0.118,
                "low": 0.118
            },
            "extMutagTau21Variation": {
                "high": 0.132,
                "low": 0.132
            },
            "jer": {
                "high": 0.0013194243283427688,
                "low": 2.3978778949690276e-05
            },
            "jes": {
                "high": 0.0004847285766270294,
                "low": 0.0
            },
            "final": {
                "high": 0.17883440687724272,
                "central": 0.824819803237915,
                "low": 0.17862900288917627
            },
            "fracLight": {
                "high": 0.0011925485541677105,
                "low": 0.0022808337639807393
            },