{
    "tight": {
        "ptbin1": {
            "stats": {
                "high": 0.0,
                "low": 0.003974437713623047
            },
            "QCDFlvCompos": {
                "high": 0.00993700478548077,
                "low": 0.023253736584651772
            },
            "l1PreFiring": {
                "high": 0.0,
                "low": 0.0
            },
            "lumi_13TeV": {
                "high": 0.0,
                "low": 0.0
            },
            "extMutagVarRwgt": {
                "high": 0.10599999999999998,
                "low": 0.10599999999999998
            },
            "extMutagTau21Variation": {
                "high": 0.17599999999999993,
                "low": 0.17599999999999993
            },
            "jer": {
                "high": 0.0,
                "low": 0.0
            },
            "jes": {
                "high": 0.0,
                "low": 0.0
            },
            "final": {
                "high": 0.2065640812289146,
                "central": 0.7439744472503662,
                "low": 0.20837943317989438
            },
            "fracLight": {
                "high": 0.009323459895998455,
                "low": 0.017612643812167643
            },
            "fracBB": {
                "high": 0.0,
                "low": 0.020232522277343627
            },
            "fracCC": {
                "high": 0.01646355628066698,
                "low": 0.0
            },
            "pu": {
                "high": 0.0,
                "low": 0.0
            }
        },
        "ptbin2": {
            "stats": {
                "high": 0.012744048426135968,
                "low": 0.010300517082214355
            },
            "QCDFlvCompos": {
                "high": 0.004517028716424731,
                "low": 0.006225289845678147
            },
            "l1PreFiring": {
                "high": 0.0,
                "low": 0.0
            },
            "lumi_13TeV": {
                "high": 7.412211734423103e-05,
                "low": 0.0
            },
            "extMutagVarRwgt": {
                "high": 0.09599999999999997,
                "low": 0.09599999999999997
            },
            "extMutagTau21Variation": {
                "high": 0.08199999999999996,
                "low": 0.08199999999999996
            },
            "jer": {
                "high": 0.0014897706874819046,
                "low": 0.0
            },
            "jes": {
                "high": 0.0,
                "low": 0.0
            },
            "final": {
                "high": 0.12775403951608943,
                "central": 0.7103002071380615,
                "low": 0.12846789512972365
            },
            "fracLight": {
                "high": 0.010198682038349189,
                "low": 0.020473095737050345
            },
            "fracBB": {
                "high": 0.004852596136518275,
                "low": 0.0
            },
            "fracCC": {
                "high": 0.007904091011661287,
                "low": 0.0
            },
            "pu": {
                "high": 0.002593238323468691,
                "low": 0.0
            }
        },
        "ptbin3": {
            "stats": {
                "high": 0.016181302438176504,
                "low": 0.011275708675384521
            },
            "QCDFlvCompos": {
                "high": 0.007581296360239056,
                "low": 0.009969135043501517
            },
            "l1PreFiring": {
                "high": 0.0,
                "low": 5.185124495679026e-05
            },
            "lumi_13TeV": {
                "high": 0.00012218643845912842,
                "low": 0.0
            },
            "extMutagVarRwgt": {
                "high": 0.09599999999999997,
                "low": 0.09599999999999997
            },
            "extMutagTau21Variation": {
                "high": 0.15300000000000002,
                "low": 0.15300000000000002
            },
            "jer": {
                "high": 0.002196982281075364,
                "low": 0.0
            },
            "jes": {
                "high": 0.0,
                "low": 0.0
            },
            "final": {
                "high": 0.18248730435675434,
                "central": 0.7112790942192078,
                "low": 0.18495349195982763
            },
            "fracLight": {
                "high": 0.013655536807620135,
                "low": 0.030814382549822886
            },
            "fracBB": {
                "high": 0.008713289367794025,
                "low": 0.019626368274766586
            },
            "fracCC": {
                "high": 0.00772733094226347,
                "low": 0.00463971090540087
            },
            "pu": {
                "high": 0.005622248476560087,
                "low": 0.00016801213014770196
            }
        }
    },
    "medium": {
        "ptbin1": {
            "stats": {
                "high": 0.009660207918569141,
                "low": 0.009918724305718385
            },
            "QCDFlvCompos": {
                "high": 0.005271130373238239,
                "low": 0.007634508829019649
            },
            "l1PreFiring": {
                "high": 0.0,
                "low": 0.0034907577180877942
            },
            "lumi_13TeV": {
                "high": 0.0001473665889935704,
                "low": 0.0
            },
            "extMutagVarRwgt": {
                "high": 0.10899999999999999,
                "low": 0.10899999999999999
            },
            "extMutagTau21Variation": {
                "high": 0.12,
                "low": 0.12
            },
            "jer": {
                "high": 0.0004944727419532415,
                "low": 0.0002885274365300033
            },
            "jes": {
                "high": 0.0,
                "low": 0.0015218175575500467
            },
            "final": {
                "high": 0.16306926713388986,
                "central": 0.8360731601715088,
                "low": 0.1635656800221167
            },
            "fracLight": {
                "high": 0.008571378838800412,
                "low": 0.013485863333250447
            },
            "fracBB": {
                "high": 0.006655008165418857,
                "low": 0.009169887604938821
            },
            "fracCC": {
                "high": 0.009155588471908057,
                "low": 0.002106789990099106
            },
            "pu": {
                "high": 0.0,
                "low": 0.005575856489559538
            }
        },
        "ptbin2": {
            "stats": {
                "high": 0.007552729564837879,
                "low": 0.0
            },
            "QCDFlvCompos": {
                "high": 0.0,
                "low": 0.005881731032304549
            },
            "l1PreFiring": {
                "high": 0.0,
                "low": 0.0025883220398394387
            },
            "lumi_13TeV": {
                "high": 0.00010490169843345063,
                "low": 0.0
            },
            "extMutagVarRwgt": {
                "high": 0.1080000000000001,
                "low": 0.1080000000000001
            },
            "extMutagTau21Variation": {
                "high": 0.10300000000000009,
                "low": 0.10300000000000009
            },
            "jer": {
                "high": 0.0027734910043981896,
                "low": 0.0005799570315595607
            },
            "jes": {
                "high": 0.0,
                "low": 0.0014227239820589388
            },
            "final": {
                "high": 0.14982179385035063,
                "central": 0.8068253993988037,
                "low": 0.15063618604831056
            },
            "fracLight": {
                "high": 0.0,
                "low": 0.013113911403275698
            },
            "fracBB": {
                "high": 0.005038936317296163,