{
    "tight": {
        "ptbin1": {
            "stats": {
                "high": 0.03793946620390287,
                "low": 0.08272316134092161
            },
            "QCDFlvCompos": {
                "high": 0.0,
                "low": 0.01642325420234387
            },
            "l1PreFiring": {
                "high": 0.00012681717432232338,
                "low": 0.0005798469845368089
            },
            "lumi_13TeV": {
                "high": 0.0006603454000495071,
                "low": 0.0015723603722441449
            },
            "extMutagVarRwgt": {
                "high": 0.04499999999999993,
                "low": 0.04499999999999993
            },
            "extMutagTau21Variation": {
                "high": 0.16000000000000003,
                "low": 0.16000000000000003
            },
            "jer": {
                "high": 0.00242090487549094,
                "low": 0.013658735198501819
            },
            "jes": {
                "high": 0.0043242163674089285,
                "low": 0.009477071038624232
            },
            "final": {
                "high": 0.17362906964549396,
                "central": 0.9268493056297302,
                "low": 0.18795991599411785
            },
            "fracLight": {
                "high": 0.005250766535225256,
                "low": 0.015404808619797827
            },
            "fracBB": {
                "high": 0.017533873670626726,
                "low": 0.0
            },
            "fracCC": {
                "high": 0.026887597272812293,
                "low": 0.009036780872206848
            },
            "pu": {
                "high": 0.0006009558525190949,
                "low": 0.0038277498469048896
            }
        },
        "ptbin2": {
            "stats": {
                "high": 0.04728614690071675,
                "low": 0.03973002620516353
            },
            "QCDFlvCompos": {
                "high": 0.001684517213402414,
                "low": 0.0012267969636215496
            },
            "l1PreFiring": {
                "high": 0.0005353375449197152,
                "low": 0.0005174532871362851
            },
            "lumi_13TeV": {
                "high": 0.0005126821658251188,
                "low": 0.00026710658264571317
            },
            "extMutagVarRwgt": {
                "high": 0.07199999999999995,
                "low": 0.07199999999999995
            },
            "extMutagTau21Variation": {
                "high": 0.14100000000000001,
                "low": 0.14100000000000001
            },
            "jer": {
                "high": 0.0011156719072685224,
                "low": 0.0002770901093313142
            },
            "jes": {
                "high": 0.004339957048646625,
                "low": 0.004643946025874459
            },
            "final": {
                "high": 0.16629930042155117,
                "central": 0.8976307511329651,
                "low": 0.16447536475207794
            },
            "fracLight": {
                "high": 0.0017059660885076625,
                "low": 0.001961358730714541
            },
            "fracBB": {
                "high": 0.007537901825863289,
                "low": 0.009631824047242964
            },
            "fracCC": {
                "high": 0.016426419132583567,
                "low": 0.016987605562523288
            },
            "pu": {
                "high": 0.0012054558097239335,
                "low": 0.0
            }
        },
        "ptbin3": {
            "stats": {
                "high": 0.11495326173823117,
                "low": 0.05933992419648426
            },
            "QCDFlvCompos": {
                "high": 0.010578894060021497,
                "low": 0.0
            },
            "l1PreFiring": {
                "high": 0.001090321345719207,
                "low": 0.0012609185297576871
            },
            "lumi_13TeV": {
                "high": 0.0004054343673049077,
                "low": 7.112651618198359e-05
            },
            "extMutagVarRwgt": {
                "high": 0.038999999999999924,
                "low": 0.038999999999999924
            },
            "extMutagTau21Variation": {
                "high": 0.15700000000000003,
                "low": 0.15700000000000003
            },
            "jer": {
                "high": 0.005913917096394545,
                "low": 0.002200900780650687
            },
            "jes": {
                "high": 0.0070949466201530855,
                "low": 0.006308756126468138
            },
            "final": {
                "high": 0.2030359454556226,
                "central": 0.9063876867294312,
                "low": 0.17499126892745642
            },
            "fracLight": {
                "high": 0.008741576635231677,
                "low": 0.0037145360130216884
            },
            "fracBB": {
                "high": 0.01935075651988931,
                "low": 0.016456267189796436
            },
            "fracCC": {
                "high": 0.03410422064964879,
                "low": 0.02368702600333077
            },
            "pu": {
                "high": 0.005176784383818128,
                "low": 0.007346814311756416
            }
        }
    },
    "medium": {
        "ptbin1": {
            "stats": {
                "high": 0.052336508525807623,
                "low": 0.038927414891693934
            },
            "QCDFlvCompos": {
                "high": 0.0036928045234944375,
                "low": 0.006524991983384645
            },
            "l1PreFiring": {
                "high": 0.0005305280803977062,
                "low": 0.0006704469078077505
            },
            "lumi_13TeV": {
                "high": 0.0004125466805775823,
                "low": 0.0005929630831846065
            },
            "extMutagVarRwgt": {
                "high": 0.07199999999999995,
                "low": 0.07199999999999995
            },
            "extMutagTau21Variation": {
                "high": 0.10399999999999987,
                "low": 0.10399999999999987
            },
            "jer": {
                "high": 0.0002652229394938752,
                "low": 0.0006164744407133984
            },
            "jes": {
                "high": 0.002342363147874637,
                "low": 0.001028770864017945
            },
            "final": {
                "high": 0.1384910821990839,
                "central": 0.9112839102745056,
                "low": 0.134060858741095
            },
            "fracLight": {
                "high": 0.009597240649320916,
                "low": 0.0016183375322672883
            },
            "fracBB": {
                "high": 0.004514706016140542,
                "low": 0.012230232503521198
            },
            "fracCC": {
                "high": 0.016802434807084442,
                "low": 0.01604543534977195
            },
            "pu": {
                "high": 0.005119847818187165,
                "low": 0.0015816391318500677
            }
        },
        "ptbin2": {
            "stats": {
                "high": 0.05223930705459312,
                "low": 0.0284971707539593
            },
            "QCDFlvCompos": {
                "high": 0.0035489996273099793,
                "low": 0.0
            },
            "l1PreFiring": {
                "high": 0.00026504636514822124,
                "low": 0.0008710592903349602
            },
            "lumi_13TeV": {
                "high": 0.0013830169228469405,
                "low": 0.0001908262206666654
            },
            "extMutagVarRwgt": {
                "high": 0.06999999999999995,
                "low": 0.06999999999999995
            },
            "extMutagTau21Variation": {
                "high": 0.1050000000000001,
                "low": 0.1050000000000001
            },
            "jer": {
                "high": 0.0016727043150417278,