{
    "tight": {
        "ptbin1": {
            "QCDFlvCompos": {
                "high": 0.0066151072852116185,
                "low": 0.007001958707993603
            },
            "tau21_uncertainty_max": {
                "high": 0.05402849314480174,
                "low": 0.05402849314480174
            },
            "reweighting_uncertainty": {
                "high": 0.03445253547783933,
                "low": 0.03445253547783933
            },
            "jer": {
                "high": 0.0,
                "low": 0.0006628183207738203
            },
            "jes": {
                "high": 0.0021727071641342017,
                "low": 0.0018609846398793587
            },
            "lumi_13TeV": {
                "high": 0.00045108176250733314,
                "low": 0.0005715969778317777
            },
            "final": {
                "high": 0.07033770824189589,
                "central": 0.766680896282196,
                "low": 0.07017435983564727
            },
            "fracLight": {
                "high": 0.002081103629376207,
                "low": 0.0020379284032567965
            },
            "fracBB": {
                "high": 0.006852388738457043,
                "low": 0.005942864910185265
            },
            "fracCC": {
                "high": 0.007377198953333897,
                "low": 0.006433333385222897
            },
            "pu": {
                "high": 0.002753619296274013,
                "low": 0.002834405754873139
            },
            "psWeightIsr": {
                "high": 0.0009005737473971874,
                "low": 0.0008455693932396986
            },
            "psWeightFsr": {
                "high": 0.003426397903569087,
                "low": 0.003583846759736217
            },
            "stats": {
                "high": 0.025843094747876383,
                "low": 0.025742521050613032
            },
            "l1PreFiring": {
                "high": 0.0,
                "low": 0.0
            }
        },
        "ptbin2": {
            "QCDFlvCompos": {
                "high": 0.007531141256915093,
                "low": 0.007222666122754905
            },
            "tau21_uncertainty_max": {
                "high": 0.04428507413983307,
                "low": 0.04428507413983307
            },
            "reweighting_uncertainty": {
                "high": 0.002485150530721403,
                "low": 0.002485150530721403
            },
            "jer": {
                "high": 0.0005951267328651541,
                "low": 0.00022369960888354973
            },
            "jes": {
                "high": 0.004993344436597568,
                "low": 0.005588136602455222
            },
            "lumi_13TeV": {
                "high": 0.00031577850253114583,
                "low": 0.00036396764571457646
            },
            "final": {
                "high": 0.058271966230169815,
                "central": 0.8129947185516357,
                "low": 0.05765691171474095
            },
            "fracLight": {
                "high": 0.001328822420563578,
                "low": 0.0012110590215963183
            },
            "fracBB": {
                "high": 0.010262130953089286,
                "low": 0.008935232632797295
            },
            "fracCC": {
                "high": 0.010253341567704528,
                "low": 0.009021588382644732
            },
            "pu": {
                "high": 0.0044258047987534715,
                "low": 0.004141883329057917
            },
            "psWeightIsr": {
                "high": 0.013495782430164867,
                "low": 0.01256475440207312
            },
            "psWeightFsr": {
                "high": 0.015895625310897797,
                "low": 0.015734371836087942
            },
            "stats": {
                "high": 0.026068561618221686,
                "low": 0.026231778481564216
            },
            "l1PreFiring": {
                "high": 0.0,
                "low": 0.0
            }
        },
        "ptbin3": {
            "QCDFlvCompos": {
                "high": 0.005770335133259587,
                "low": 0.004186075738623742
            },
            "tau21_uncertainty_max": {
                "high": 0.09084053861182373,
                "low": 0.09084053861182373
            },
            "reweighting_uncertainty": {
                "high": 0.03333710717277427,
                "low": 0.03333710717277427
            },
            "jer": {
                "high": 0.00251707373793956,
                "low": 0.0024038142900421884
            },
            "jes": {
                "high": 0.009929638179890737,
                "low": 0.007821645785683102
            },
            "lumi_13TeV": {
                "high": 0.0032423192335958614,
                "low": 0.003297139728908231
            },
            "final": {
                "high": 0.1066232594112988,
                "central": 0.7623369097709656,
                "low": 0.10545082002459347
            },
            "fracLight": {
                "high": 0.0015712482514930281,
                "low": 0.001466872124227319
            },
            "fracBB": {
                "high": 0.015857176179199493,
                "low": 0.013587622990302618
            },
            "fracCC": {
                "high": 0.010889611694375806,
                "low": 0.00941727128892671
            },
            "pu": {
                "high": 0.0007654768833733584,
                "low": 0.0008506091201542995
            },
            "psWeightIsr": {
                "high": 0.0016127567329729108,
                "low": 0.0024498449059411837
            },
            "psWeightFsr": {
                "high": 0.017158484264126212,
                "low": 0.014019896743612545
            },
            "stats": {
                "high": 0.03444281463127141,
                "low": 0.034386268421858324
            },
            "l1PreFiring": {
                "high": 0.0,
                "low": 0.0
            }
        }
    },
    "medium": {
        "ptbin1": {
            "QCDFlvCompos": {
                "high": 0.005141549813658411,
                "low": 0.004334427471120346
            },
            "tau21_uncertainty_max": {
                "high": 0.025186468326821365,
                "low": 0.025186468326821365
            },
            "reweighting_uncertainty": {
                "high": 0.03766561489985565,
                "low": 0.03766561489985565
            },
            "jer": {
                "high": 0.001088382800766536,
                "low": 0.0009384596972366793
            },
            "jes": {
                "high": 0.0015887346932879863,
                "low": 0.0009444253175085649
            },
            "lumi_13TeV": {
                "high": 0.0010637790018207531,
                "low": 0.0009266770643161367
            },
            "final": {
                "high": 0.05110506591208116,
                "central": 0.8291711807250977,
                "low": 0.05089714426000889
            },
            "fracLight": {
                "high": 0.0014736160316347307,
                "low": 0.0015291268651485227
            },
            "fracBB": {
                "high": 0.005341201644345733,
                "low": 0.004512372466460938
            },
            "fracCC": {
                "high": 0.006771826985702385,
                "low": 0.005847474726891751
            },
            "pu": {
                "high": 0.00012006206365211117,
                "low": 0.00036176713788691167
            },
            "psWeightIsr": {
                "high": 0.0025034398565353553,
                "low": 0.0023500998412841747
            },
            "psWeightFsr": {
                "high": 0.005233197148970211,
                "low": 0.005395017388613091
            },
            "stats": {
                "high": 0.02042473049186455,