{
    "tight": {
        "ptbin1": {
            "stats": {
                "high": 0.04059932813105871,
                "low": 0.03206857221211401
            },
            "QCDFlvCompos": {
                "high": 0.003596678106566525,
                "low": 0.0018102541816416963
            },
            "l1PreFiring": {
                "high": 0.0008739243273768094,
                "low": 0.0009352302795987069
            },
            "lumi_13TeV": {
                "high": 0.0011128130964033322,
                "low": 0.001099085042903082
            },
            "extMutagVarRwgt": {
                "high": 0.07999999999999996,
                "low": 0.07999999999999996
            },
            "extMutagTau21Variation": {
                "high": 0.17300000000000004,
                "low": 0.17300000000000004
            },
            "jer": {
                "high": 0.00394859127778636,
                "low": 0.00849004324049411
            },
            "jes": {
                "high": 0.0017124794641815713,
                "low": 0.0011160013334137458
            },
            "final": {
                "high": 0.19583903835567898,
                "central": 0.867294430732727,
                "low": 0.19421647416373508
            },
            "fracLight": {
                "high": 0.004135099225073072,
                "low": 0.0006126387536469157
            },
            "fracBB": {
                "high": 0.010262768299566048,
                "low": 0.007437201164024682
            },
            "fracCC": {
                "high": 0.013975950614327284,
                "low": 0.01475299335381482
            },
            "pu": {
                "high": 0.004940718158710309,
                "low": 0.0032590574655337714
            }
        },
        "ptbin2": {
            "stats": {
                "high": 0.03438172114103244,
                "low": 0.04085158019791679
            },
            "QCDFlvCompos": {
                "high": 0.00265017174704672,
                "low": 0.0008759059829783539
            },
            "l1PreFiring": {
                "high": 0.0009988419961737957,
                "low": 0.00031222926125670856
            },
            "lumi_13TeV": {
                "high": 0.00026268520789682207,
                "low": 0.0005218397996640218
            },
            "extMutagVarRwgt": {
                "high": 0.061000000000000054,
                "low": 0.061000000000000054
            },
            "extMutagTau21Variation": {
                "high": 0.14200000000000002,
                "low": 0.14200000000000002
            },
            "jer": {
                "high": 0.0024940021178569746,
                "low": 0.0019908149498633018
            },
            "jes": {
                "high": 0.0006831538101744488,
                "low": 0.0
            },
            "final": {
                "high": 0.16135543559936433,
                "central": 0.9734887480735779,
                "low": 0.1614606087020569
            },
            "fracLight": {
                "high": 0.008208745031464845,
                "low": 0.006586724007185229
            },
            "fracBB": {
                "high": 0.016801264737248127,
                "low": 0.012539699942827448
            },
            "fracCC": {
                "high": 0.024574539543465997,
                "low": 0.017596102738506446
            },
            "pu": {
                "high": 0.0003507398921800236,
                "low": 0.000944927129852258
            }
        },
        "ptbin3": {
            "stats": {
                "high": 0.05249950600713027,
                "low": 0.04944112410848389
            },
            "QCDFlvCompos": {
                "high": 0.0014785952077878653,
                "low": 0.0
            },
            "l1PreFiring": {
                "high": 0.0015698351334626878,
                "low": 0.0019046544972135347
            },
            "lumi_13TeV": {
                "high": 0.0002525834375137725,
                "low": 0.00024756833676333747
            },
            "extMutagVarRwgt": {
                "high": 0.04300000000000004,
                "low": 0.04300000000000004
            },
            "extMutagTau21Variation": {
                "high": 0.06400000000000006,
                "low": 0.06400000000000006
            },
            "jer": {
                "high": 0.0010225727231336456,
                "low": 0.0008492815716865926
            },
            "jes": {
                "high": 0.009189391549586446,
                "low": 0.0050479000072134175
            },
            "final": {
                "high": 0.09538252870678163,
                "central": 0.8236467838287354,
                "low": 0.09351827011685743
            },
            "fracLight": {
                "high": 0.001208760499057606,
                "low": 0.0006076804155252113
            },
            "fracBB": {
                "high": 0.00471695140832463,
                "low": 0.008792944791528572
            },
            "fracCC": {
                "high": 0.01676389616914563,
                "low": 0.01531083708626083
            },
            "pu": {
                "high": 0.0012979628852433213,
                "low": 0.0037755047843255805
            }
        }
    },
    "medium": {
        "ptbin1": {
            "stats": {
                "high": 0.037898257571709726,
                "low": 0.032282492729097445
            },
            "QCDFlvCompos": {
                "high": 0.0034887335945604997,
                "low": 0.0028012719479278813
            },
            "l1PreFiring": {
                "high": 0.0003491500288284613,
                "low": 0.0007712505428250825
            },
            "lumi_13TeV": {
                "high": 0.0008816897558589183,
                "low": 0.001256277873754054
            },
            "extMutagVarRwgt": {
                "high": 0.05999999999999994,
                "low": 0.05999999999999994
            },
            "extMutagTau21Variation": {
                "high": 0.10199999999999998,
                "low": 0.10199999999999998
            },
            "jer": {
                "high": 0.007969250212109827,
                "low": 0.005812727917323553
            },
            "jes": {
                "high": 0.0012119093272025233,
                "low": 0.0009376665795444934
            },
            "final": {
                "high": 0.12651196236899484,
                "central": 0.9413079023361206,
                "low": 0.12385785912170633
            },
            "fracLight": {
                "high": 0.009888696070001292,
                "low": 0.004002419655918455
            },
            "fracBB": {
                "high": 0.009577653433984456,
                "low": 0.008986459295620966
            },
            "fracCC": {
                "high": 0.017064397726970323,
                "low": 0.012235867422537182
            },
            "pu": {
                "high": 0.0024978095622197453,
                "low": 0.0018521483674434598
            }
        },
        "ptbin2": {
            "stats": {
                "high": 0.04355529925458468,
                "low": 0.04470727165674626
            },
            "QCDFlvCompos": {
                "high": 0.001839946673257104,
                "low": 0.002962701233904556
            },
            "l1PreFiring": {
                "high": 0.0004300130414714226,
                "low": 0.0003102694683961899
            },
            "lumi_13TeV": {
                "high": 0.0006403747623528204,
                "low": 0.0007902554453800045
            },
            "extMutagVarRwgt": {
                "high": 0.03499999999999992,
                "low": 0.03499999999999992
            },
            "extMutagTau21Variation": {
                "high": 0.122,
                "low": 0.122
            },