{
    "tight": {
        "ptbin1": {
            "QCDFlvCompos": {
                "high": 0.007973754233324847,
                "low": 0.007261444207062963
            },
            "tau21_uncertainty_max": {
                "high": 0.1030794235190493,
                "low": 0.1030794235190493
            },
            "reweighting_uncertainty": {
                "high": 0.023000114032022734,
                "low": 0.023000114032022734
            },
            "jer": {
                "high": 0.0056247298553629334,
                "low": 0.0042512812142782175
            },
            "jes": {
                "high": 0.001320317823862344,
                "low": 0.003036502885065997
            },
            "lumi_13TeV": {
                "high": 0.0,
                "low": 0.00035337533313242584
            },
            "final": {
                "high": 0.12655613174420066,
                "central": 0.9521149396896362,
                "low": 0.1250889044479695
            },
            "fracLight": {
                "high": 0.0006044974291552833,
                "low": 0.000799367906804819
            },
            "fracBB": {
                "high": 0.029097252235138968,
                "low": 0.02096842697172367
            },
            "fracCC": {
                "high": 0.01080239677101688,
                "low": 0.007770497443266798
            },
            "pu": {
                "high": 0.010913816002352628,
                "low": 0.011706684738816364
            },
            "l1PreFiring": {
                "high": 0.002221426870873548,
                "low": 0.002294602151824037
            },
            "psWeightIsr": {
                "high": 0.0015303380668165035,
                "low": 0.0021933088849766073
            },
            "psWeightFsr": {
                "high": 0.0013336358843204408,
                "low": 0.003531742001821373
            },
            "stats": {
                "high": 0.06060771167573464,
                "low": 0.06125703231776025
            }
        },
        "ptbin2": {
            "QCDFlvCompos": {
                "high": 0.003846266861162998,
                "low": 0.0005941996752481038
            },
            "tau21_uncertainty_max": {
                "high": 0.03661808573015424,
                "low": 0.03661808573015424
            },
            "reweighting_uncertainty": {
                "high": 0.0028500298295106585,
                "low": 0.0028500298295106585
            },
            "jer": {
                "high": 0.006918993000866041,
                "low": 0.0059066852499379645
            },
            "jes": {
                "high": 0.01652683752257148,
                "low": 0.015262174876720295
            },
            "lumi_13TeV": {
                "high": 0.0009361605107062013,
                "low": 0.00013761451069610697
            },
            "final": {
                "high": 0.07525597064050382,
                "central": 0.8908312320709229,
                "low": 0.0728912778792309
            },
            "fracLight": {
                "high": 0.00440369959408648,
                "low": 0.004222235956580812
            },
            "fracBB": {
                "high": 0.026376422306170565,
                "low": 0.020031936215161077
            },
            "fracCC": {
                "high": 0.01272894449302864,
                "low": 0.009538300085401128
            },
            "pu": {
                "high": 0.004485739937729798,
                "low": 0.005600514693303383
            },
            "l1PreFiring": {
                "high": 0.0004502321746381258,
                "low": 0.00026051070805646647
            },
            "psWeightIsr": {
                "high": 0.004186455914163612,
                "low": 0.004260187074525017
            },
            "psWeightFsr": {
                "high": 0.00110223024930254,
                "low": 0.0019728986905534537
            },
            "stats": {
                "high": 0.05533150195343517,
                "low": 0.05596763821484374
            }
        },
        "ptbin3": {
            "QCDFlvCompos": {
                "high": 0.02608756668790286,
                "low": 0.02294096553183803
            },
            "tau21_uncertainty_max": {
                "high": 0.08462176364815122,
                "low": 0.08462176364815122
            },
            "reweighting_uncertainty": {
                "high": 0.017666091316315802,
                "low": 0.017666091316315802
            },
            "jer": {
                "high": 0.0002969291350395776,
                "low": 0.00047820405115515116
            },
            "jes": {
                "high": 0.018195607766443786,
                "low": 0.01062497576964236
            },
            "lumi_13TeV": {
                "high": 0.002392410659058126,
                "low": 0.0018788749054544562
            },
            "final": {
                "high": 0.13069787882321768,
                "central": 0.878524661064148,
                "low": 0.12354275684801098
            },
            "fracLight": {
                "high": 0.0016462764294305926,
                "low": 0.002448271069324532
            },
            "fracBB": {
                "high": 0.04419497351543737,
                "low": 0.03208023498500815
            },
            "fracCC": {
                "high": 0.012459075493407043,
                "low": 0.0084693472238683
            },
            "pu": {
                "high": 0.004524144738667739,
                "low": 0.005017883886361138
            },
            "l1PreFiring": {
                "high": 0.0003667844128095191,
                "low": 0.00044424830973104757
            },
            "psWeightIsr": {
                "high": 0.008439623889940016,
                "low": 0.01194611736755603
            },
            "psWeightFsr": {
                "high": 0.024783969472103106,
                "low": 0.012820691981746755
            },
            "stats": {
                "high": 0.0759890749208546,
                "low": 0.07554879559592464
            }
        }
    },
    "medium": {
        "ptbin1": {
            "QCDFlvCompos": {
                "high": 0.00802914313320332,
                "low": 0.005003234868186002
            },
            "tau21_uncertainty_max": {
                "high": 0.07235219874952681,
                "low": 0.07235219874952681
            },
            "reweighting_uncertainty": {
                "high": 0.02039626797604832,
                "low": 0.02039626797604832
            },
            "jer": {
                "high": 0.002758504166151476,
                "low": 0.0011099286160607858
            },
            "jes": {
                "high": 0.0034177448204835985,
                "low": 0.003802051444107884
            },
            "lumi_13TeV": {
                "high": 0.00391892874751741,
                "low": 0.0035734671592557803
            },
            "final": {
                "high": 0.09453357868669877,
                "central": 1.0240073204040527,
                "low": 0.09188992067093432
            },
            "fracLight": {
                "high": 0.0006507057166731113,
                "low": 0.0
            },
            "fracBB": {
                "high": 0.025879484027988016,
                "low": 0.01864966024349775
            },
            "fracCC": {
                "high": 0.01498811896252938,
                "low": 0.012389679518383967
            },
            "pu": {
                "high": 0.0039722181406457845,
                "low": 0.003970485963055094
            },
            "l1PreFiring": {
                "high": 0.0006407736699561865,
                "low": 0.0006694541709268553
            },
            "psWeightIsr": {
                "high": 0.012394435602362062,
                "low": 0.00906783840510261
            },