{
    "tight": {
        "ptbin1": {
            "stats": {
                "high": 0.019080808559373663,
                "low": 0.019392026417268116
            },
            "QCDFlvCompos": {
                "high": 0.0018837881914996232,
                "low": 0.004553064648658869
            },
            "l1PreFiring": {
                "high": 0.0017408681026020016,
                "low": 0.002647815246959841
            },
            "lumi_13TeV": {
                "high": 0.0,
                "low": 0.00022670800079243887
            },
            "extMutagVarRwgt": {
                "high": 0.10399999999999998,
                "low": 0.10399999999999998
            },
            "extMutagTau21Variation": {
                "high": 0.10499999999999998,
                "low": 0.10499999999999998
            },
            "jer": {
                "high": 0.0018521100433857845,
                "low": 0.0019863644394417118
            },
            "jes": {
                "high": 0.0013612728043521146,
                "low": 0.0011369310594589906
            },
            "final": {
                "high": 0.15076150306552488,
                "central": 0.8932821154594421,
                "low": 0.1523249306886119
            },
            "fracLight": {
                "high": 0.017652740983500045,
                "low": 0.027502606313010342
            },
            "fracBB": {
                "high": 0.010096110751570474,
                "low": 0.011848359764199085
            },
            "fracCC": {
                "high": 0.008721427236538836,
                "low": 0.005319584276127576
            },
            "pu": {
                "high": 0.004747413999821755,
                "low": 0.005265727397661154
            }
        },
        "ptbin2": {
            "stats": {
                "high": 0.017954230308532715,
                "low": 0.019210626506439676
            },
            "QCDFlvCompos": {
                "high": 0.0014674260239046924,
                "low": 0.0004357452435502893
            },
            "l1PreFiring": {
                "high": 0.0,
                "low": 0.0003031144868202347
            },
            "lumi_13TeV": {
                "high": 0.0,
                "low": 6.444560904979622e-05
            },
            "extMutagVarRwgt": {
                "high": 0.05700000000000005,
                "low": 0.05700000000000005
            },
            "extMutagTau21Variation": {
                "high": 0.09000000000000008,
                "low": 0.09000000000000008
            },
            "jer": {
                "high": 0.0,
                "low": 0.002498053910424507
            },
            "jes": {
                "high": 0.0,
                "low": 0.0005584915936993047
            },
            "final": {
                "high": 0.10974887135155438,
                "central": 0.8820462822914124,
                "low": 0.10966832890319406
            },
            "fracLight": {
                "high": 0.012272550902275668,
                "low": 0.013854176668785662
            },
            "fracBB": {
                "high": 0.0,
                "low": 0.00818516042081374
            },
            "fracCC": {
                "high": 0.014855690229120914,
                "low": 0.0064632223462996125
            },
            "pu": {
                "high": 0.0,
                "low": 0.0012441047068371517
            }
        },
        "ptbin3": {
            "stats": {
                "high": 0.029411876802858616,
                "low": 0.011055350303649902
            },
            "QCDFlvCompos": {
                "high": 0.00540800152816703,
                "low": 0.005066046058643048
            },
            "l1PreFiring": {
                "high": 0.00026968681408053654,
                "low": 0.0
            },
            "lumi_13TeV": {
                "high": 6.730234503463114e-05,
                "low": 0.0
            },
            "extMutagVarRwgt": {
                "high": 0.06999999999999995,
                "low": 0.06999999999999995
            },
            "extMutagTau21Variation": {
                "high": 0.06999999999999995,
                "low": 0.06999999999999995
            },
            "jer": {
                "high": 0.00261677235258118,
                "low": 0.021634794330472183
            },
            "jes": {
                "high": 0.0007676305875270668,
                "low": 3.629913079510102e-05
            },
            "final": {
                "high": 0.10624303116332358,
                "central": 0.8310514092445374,
                "low": 0.10539676295261356
            },
            "fracLight": {
                "high": 0.018076251879740865,
                "low": 0.021790786859464315
            },
            "fracBB": {
                "high": 0.008637776436732941,
                "low": 0.013510946192130769
            },
            "fracCC": {
                "high": 0.013201291508734647,
                "low": 0.00593243106060449
            },
            "pu": {
                "high": 0.003182218886074289,
                "low": 0.0
            }
        }
    },
    "medium": {
        "ptbin1": {
            "stats": {
                "high": 0.014105609508021422,
                "low": 0.014305391706430304
            },
            "QCDFlvCompos": {
                "high": 0.0010773256078874538,
                "low": 0.004124262622455389
            },
            "l1PreFiring": {
                "high": 0.0007111665005429041,
                "low": 0.0009508586880244953
            },
            "lumi_13TeV": {
                "high": 8.486968804698378e-05,
                "low": 4.747873249767098e-05
            },
            "extMutagVarRwgt": {
                "high": 0.10499999999999998,
                "low": 0.10499999999999998
            },
            "extMutagTau21Variation": {
                "high": 0.09399999999999997,
                "low": 0.09399999999999997
            },
            "jer": {
                "high": 0.0013926001134874052,
                "low": 0.001237500118778027
            },
            "jes": {
                "high": 0.00014719036705946787,
                "low": 0.0
            },
            "final": {
                "high": 0.1434062119794213,
                "central": 0.9614676833152771,
                "low": 0.14401209493831912
            },
            "fracLight": {
                "high": 0.018960408941984728,
                "low": 0.021059997501912297
            },
            "fracBB": {
                "high": 0.01143408667128599,
                "low": 0.012348005361832753
            },
            "fracCC": {
                "high": 0.0,
                "low": 0.006615616661108763
            },
            "pu": {
                "high": 0.003392314582553311,
                "low": 0.0038254437415189808
            }
        },
        "ptbin2": {
            "stats": {
                "high": 0.014611112395553127,
                "low": 0.014768154815800405
            },
            "QCDFlvCompos": {
                "high": 0.0010290285810466528,
                "low": 0.00014523155757497646
            },
            "l1PreFiring": {
                "high": 3.672131202141569e-05,
                "low": 0.00026196843840816417
            },
            "lumi_13TeV": {
                "high": 0.0,
                "low": 2.3902253074199952e-05
            },
            "extMutagVarRwgt": {
                "high": 0.049000000000000044,
                "low": 0.049000000000000044
            },
            "extMutagTau21Variation": {
                "high": 0.062000000000000055,
                "low": 0.062000000000000055
            },
            "jer": {
                "high": 0.0008308545397929467,
                "low": 0.0007071749951865279
            },
            "jes": {
                "high": 0.0016073679914564481,