{
    "tight": {},
    "medium": {
        "ptbin1": {
            "stats": {
                "high": 0.527040243901832,
                "low": 0.5910052138167963
            },
            "QCDFlvCompos": {
                "high": 0.14218190686605567,
                "low": 0.0068532007689877375
            },
            "l1PreFiring": {
                "high": 0.004708915131557826,
                "low": 0.08143513873313679
            },
            "lumi_13TeV": {
                "high": 0.004420488271216856,
                "low": 0.006907336048418313
            },
            "extMutagVarRwgt": {
                "high": 0.0,
                "low": 0.0
            },
            "extMutagTau21Variation": {
                "high": 0.0,
                "low": 0.0
            },
            "jer": {
                "high": 0.018832474413590424,
                "low": 0.05837366709981004
            },
            "jes": {
                "high": 0.018958956445551824,
                "low": 0.0
            },
            "final": {
                "high": 0.6192418372443109,
                "central": 0.9802278280258179,
                "low": 0.6107446376768986
            },
            "fracLight": {
                "high": 0.2536436155376787,
                "low": 0.05701671420508765
            },
            "fracBB": {
                "high": 0.02859423442527892,
                "low": 0.0625360305254486
            },
            "fracCC": {
                "high": 0.13805072139436364,
                "low": 0.11109795156721199
            },
            "pu": {
                "high": 0.02251233702498545,
                "low": 0.0
            }
        },
        "ptbin2": {
            "stats": {
                "high": 0.042755961418151855,
                "low": 0.706388583844612
            },
            "QCDFlvCompos": {
                "high": 0.0,
                "low": 0.03572295304693434
            },
            "l1PreFiring": {
                "high": 0.0,
                "low": 0.021331170070453587
            },
            "lumi_13TeV": {
                "high": 0.0004626839028376784,
                "low": 0.018599579290975533
            },
            "extMutagVarRwgt": {
                "high": 0.0,
                "low": 0.0
            },
            "extMutagTau21Variation": {
                "high": 0.0,
                "low": 0.0
            },
            "jer": {
                "high": 0.0,
                "low": 0.09064512500296386
            },
            "jes": {
                "high": 0.0,
                "low": 0.0
            },
            "final": {
                "high": 0.04172098636627197,
                "central": 1.9382790327072144,
                "low": 0.782020805196479
            },
            "fracLight": {
                "high": 0.0,
                "low": 0.1318482652451765
            },
            "fracBB": {
                "high": 0.0006991870258735975,
                "low": 0.14527347827995143
            },
            "fracCC": {
                "high": 0.0,
                "low": 0.16795322739639418
            },
            "pu": {
                "high": 0.0,
                "low": 0.18874026835111354
            }
        },
        "ptbin3": {
            "stats": {
                "high": 0.2382082737401896,
                "low": 0.6015920253679066
            },
            "QCDFlvCompos": {
                "high": 0.0,
                "low": 0.17222973430298505
            },
            "l1PreFiring": {
                "high": 0.0023866302930541745,
                "low": 0.0
            },
            "lumi_13TeV": {
                "high": 0.0,
                "low": 0.007021310079794918
            },
            "extMutagVarRwgt": {
                "high": 0.0,
                "low": 0.0
            },
            "extMutagTau21Variation": {
                "high": 0.0,
                "low": 0.0
            },
            "jer": {
                "high": 0.0014152839259038161,
                "low": 0.022088961219943304
            },
            "jes": {
                "high": 0.003617802116009032,
                "low": 0.006996869924299724
            },
            "final": {
                "high": 0.2513089179992676,
                "central": 1.7286911010742188,
                "low": 0.6688143444286532
            },
            "fracLight": {
                "high": 0.0,
                "low": 0.11040441639746262
            },
            "fracBB": {
                "high": 0.05010976079558461,
                "low": 0.2181156896474176
            },
            "fracCC": {
                "high": 0.06366390507127197,
                "low": 0.0
            },
            "pu": {
                "high": 0.006656827738231353,
                "low": 0.038830411237308966
            }
        }
    },
    "loose": {
        "ptbin1": {
            "stats": {
                "high": 0.134302036961907,
                "low": 0.34049752493654317
            },
            "QCDFlvCompos": {
                "high": 0.06798974080270317,
                "low": 0.10073338548102732
            },
            "l1PreFiring": {
                "high": 0.0033812975288256227,
                "low": 0.007991406164255529
            },
            "lumi_13TeV": {
                "high": 0.0,
                "low": 0.01476937488525193
            },
            "extMutagVarRwgt": {
                "high": 0.0,
                "low": 0.0
            },
            "extMutagTau21Variation": {
                "high": 0.0,
                "low": 0.0
            },
            "jer": {
                "high": 0.003125989681192976,
                "low": 0.011681501662384285
            },
            "jes": {
                "high": 0.01717320799497269,
                "low": 0.028104256829489555
            },
            "final": {
                "high": 0.28679214004540876,
                "central": 1.516419768333435,
                "low": 0.39055420409601393
            },
            "fracLight": {
                "high": 0.19535679345600124,
                "low": 0.14485105933643413
            },
            "fracBB": {
                "high": 0.05107848251328267,
                "low": 0.057115929155115715
            },
            "fracCC": {
                "high": 0.13557803335446694,
                "low": 0.031017185502062797
            },
            "pu": {
                "high": 0.010922931737073665,
                "low": 0.005690220388672309
            }
        },
        "ptbin2": {
            "stats": {
                "high": 0.4281203771933031,
                "low": 0.47779089517139106
            },
            "QCDFlvCompos": {
                "high": 0.06788155873549055,
                "low": 0.0050653393367562196
            },
            "l1PreFiring": {
                "high": 0.006717653185495197,
                "low": 0.007921073175162855
            },
            "lumi_13TeV": {
                "high": 0.0061554946690396605,
                "low": 0.01022388571118312
            },
            "extMutagVarRwgt": {
                "high": 0.0,
                "low": 0.0
            },
            "extMutagTau21Variation": {
                "high": 0.0,
                "low": 0.0
            },
            "jer": {
                "high": 0.04697161929303184,
                "low": 0.12000713426242388
            },
            "jes": {
                "high": 0.07260806331755859,
                "low": 0.11355016296570297
            },
            "final": {
                "high": 0.4987177912961822,
                "central": 1.371193766593933,
                "low": 0.5394383037278998
            },
            "fracLight": {
                "high": 0.20462426855160742,
                "low": 0.12084862647968325
            },
            "fracBB": {
                "high": 0.07608868716013902,