{
    "tight": {
        "ptbin1": {
            "stats": {
                "high": 0.023311140421903964,
                "low": 0.023803557581350554
            },
            "QCDFlvCompos": {
                "high": 0.008634480313142491,
                "low": 0.023488915545072854
            },
            "l1PreFiring": {
                "high": 0.005428110742862902,
                "low": 0.009921396380899361
            },
            "lumi_13TeV": {
                "high": 0.0004830269151937347,
                "low": 0.0
            },
            "extMutagVarRwgt": {
                "high": 0.14200000000000002,
                "low": 0.14200000000000002
            },
            "extMutagTau21Variation": {
                "high": 0.21299999999999997,
                "low": 0.21299999999999997
            },
            "jer": {
                "high": 0.0022905787396785703,
                "low": 0.0009729067486576608
            },
            "jes": {
                "high": 0.0032286343272232257,
                "low": 0.011126989584885278
            },
            "final": {
                "high": 0.2580334790985787,
                "central": 1.0123770236968994,
                "low": 0.2646278820572627
            },
            "fracLight": {
                "high": 0.01155145388134018,
                "low": 0.045743321364054665
            },
            "fracBB": {
                "high": 0.010140829188298887,
                "low": 0.02386082906563994
            },
            "fracCC": {
                "high": 0.009743529947845563,
                "low": 0.012689706230064435
            },
            "pu": {
                "high": 0.0073304438205445245,
                "low": 0.01818728952174745
            }
        },
        "ptbin2": {
            "stats": {
                "high": 0.023416622968644996,
                "low": 0.02404261925127482
            },
            "QCDFlvCompos": {
                "high": 0.012805120665482098,
                "low": 0.028401259709383682
            },
            "l1PreFiring": {
                "high": 0.006239295168173334,
                "low": 0.008935184572405776
            },
            "lumi_13TeV": {
                "high": 0.0,
                "low": 0.00028711951582259814
            },
            "extMutagVarRwgt": {
                "high": 0.14800000000000002,
                "low": 0.14800000000000002
            },
            "extMutagTau21Variation": {
                "high": 0.22000000000000008,
                "low": 0.22000000000000008
            },
            "jer": {
                "high": 0.0,
                "low": 0.0
            },
            "jes": {
                "high": 0.009643232347924725,
                "low": 0.01095379541387869
            },
            "final": {
                "high": 0.2695570795434748,
                "central": 1.0180079936981201,
                "low": 0.2766111144207934
            },
            "fracLight": {
                "high": 0.028151646205943612,
                "low": 0.06014777226686925
            },
            "fracBB": {
                "high": 0.01546947025925529,
                "low": 0.02335825804364552
            },
            "fracCC": {
                "high": 0.006562721988123157,
                "low": 0.009702551575954016
            },
            "pu": {
                "high": 0.020941858719121027,
                "low": 0.01919976362601423
            }
        },
        "ptbin3": {
            "stats": {
                "high": 0.02665039314506079,
                "low": 0.02556997673528394
            },
            "QCDFlvCompos": {
                "high": 0.017797716699443234,
                "low": 0.015426678983096416
            },
            "l1PreFiring": {
                "high": 0.0039186621602260744,
                "low": 0.010795929435952282
            },
            "lumi_13TeV": {
                "high": 0.0004938232505206912,
                "low": 0.0
            },
            "extMutagVarRwgt": {
                "high": 0.09600000000000009,
                "low": 0.09600000000000009
            },
            "extMutagTau21Variation": {
                "high": 0.14700000000000002,
                "low": 0.14700000000000002
            },
            "jer": {
                "high": 0.0023447129892980425,
                "low": 0.0074764478687794475
            },
            "jes": {
                "high": 0.007749529678199651,
                "low": 0.0064573745766920414
            },
            "final": {
                "high": 0.18892707373559375,
                "central": 0.9124214053153992,
                "low": 0.1901532387213561
            },
            "fracLight": {
                "high": 0.051315063289299793,
                "low": 0.05415505022743041
            },
            "fracBB": {
                "high": 0.026360981562570364,
                "low": 0.026033097450285772
            },
            "fracCC": {
                "high": 0.009056130177206983,
                "low": 0.01856948722701515
            },
            "pu": {
                "high": 0.01871186225143712,
                "low": 0.016498432233440205
            }
        }
    },
    "medium": {
        "ptbin1": {
            "stats": {
                "high": 0.017581015633591823,
                "low": 0.010788261890411377
            },
            "QCDFlvCompos": {
                "high": 0.006193038428013488,
                "low": 0.01576330369751596
            },
            "l1PreFiring": {
                "high": 0.0016666141208187693,
                "low": 0.004530510980125915
            },
            "lumi_13TeV": {
                "high": 0.0004522379909446353,
                "low": 0.0
            },
            "extMutagVarRwgt": {
                "high": 0.12,
                "low": 0.12
            },
            "extMutagTau21Variation": {
                "high": 0.1459999999999999,
                "low": 0.1459999999999999
            },
            "jer": {
                "high": 0.0,
                "low": 0.0034631642513738826
            },
            "jes": {
                "high": 0.0019058107941708792,
                "low": 0.0038291254902458136
            },
            "final": {
                "high": 0.1908467772969496,
                "central": 0.9907963871955872,
                "low": 0.19617878828678698
            },
            "fracLight": {
                "high": 0.010639292169831128,
                "low": 0.03643942844221391
            },
            "fracBB": {
                "high": 0.009649044185479011,
                "low": 0.023087409946952277
            },
            "fracCC": {
                "high": 0.00991903145843774,
                "low": 0.00825017357815211
            },
            "pu": {
                "high": 0.007026394073403106,
                "low": 0.020718897922968542
            }
        },
        "ptbin2": {
            "stats": {
                "high": 0.017140420448725324,
                "low": 0.014484405517578125
            },
            "QCDFlvCompos": {
                "high": 0.014377201710266047,
                "low": 0.021512081490452865
            },
            "l1PreFiring": {
                "high": 0.00806753807717627,
                "low": 0.008012110065400303
            },
            "lumi_13TeV": {
                "high": 0.00017397759630294522,
                "low": 0.0
            },
            "extMutagVarRwgt": {
                "high": 0.15200000000000002,
                "low": 0.15200000000000002
            },
            "extMutagTau21Variation": {
                "high": 0.1509999999999999,
                "low": 0.1509999999999999
            },
            "jer": {
                "high": 0.0023074865440269243,
                "low": 0.002282241712423405
            },
            "jes": {
                "high": 0.0,