{
    "tight": {
        "ptbin1": {
            "stats": {
                "high": 0.20325629082652363,
                "low": 0.18744054928734155
            },
            "QCDFlvCompos": {
                "high": 0.0041485314897534865,
                "low": 0.005983175290702609
            },
            "l1PreFiring": {
                "high": 0.0036491745451041734,
                "low": 0.001576272828221817
            },
            "lumi_13TeV": {
                "high": 0.0008380441800640233,
                "low": 0.0
            },
            "extMutagVarRwgt": {
                "high": 0.07999999999999996,
                "low": 0.07999999999999996
            },
            "extMutagTau21Variation": {
                "high": 0.19600000000000006,
                "low": 0.19600000000000006
            },
            "jer": {
                "high": 0.028844184520507053,
                "low": 0.008783332955356217
            },
            "jes": {
                "high": 0.018913446638985212,
                "low": 0.012760317997452173
            },
            "final": {
                "high": 0.2993211484342818,
                "central": 0.8911052942276001,
                "low": 0.28823086900229594
            },
            "fracLight": {
                "high": 0.043693439710867005,
                "low": 0.05119483415024364
            },
            "fracBB": {
                "high": 0.0017610630888477581,
                "low": 0.0
            },
            "fracCC": {
                "high": 0.00651216444978375,
                "low": 0.009716073866629378
            },
            "pu": {
                "high": 0.016984383586731905,
                "low": 0.012038094938777305
            }
        },
        "ptbin2": {
            "stats": {
                "high": 0.11227282932103111,
                "low": 0.2015664723886338
            },
            "QCDFlvCompos": {
                "high": 0.00891283263256451,
                "low": 0.0
            },
            "l1PreFiring": {
                "high": 0.19385361586880512,
                "low": 0.0
            },
            "lumi_13TeV": {
                "high": 0.0,
                "low": 0.000267851508316855
            },
            "extMutagVarRwgt": {
                "high": 0.0030000000000000027,
                "low": 0.0030000000000000027
            },
            "extMutagTau21Variation": {
                "high": 0.17699999999999994,
                "low": 0.17699999999999994
            },
            "jer": {
                "high": 0.0,
                "low": 0.007896399713896173
            },
            "jes": {
                "high": 0.02388835608560665,
                "low": 0.013234482980464861
            },
            "final": {
                "high": 0.2883180972782847,
                "central": 0.7389079332351685,
                "low": 0.2705964772287182
            },
            "fracLight": {
                "high": 0.0221773444893299,
                "low": 0.030054055300337456
            },
            "fracBB": {
                "high": 0.021018892269867875,
                "low": 0.009941718162821491
            },
            "fracCC": {
                "high": 0.005082299152162018,
                "low": 0.006659573161804591
            },
            "pu": {
                "high": 0.0,
                "low": 0.0006243670936425772
            }
        },
        "ptbin3": {
            "stats": {
                "high": 0.0678297831673964,
                "low": 0.1410628300368758
            },
            "QCDFlvCompos": {
                "high": 0.020102094315420087,
                "low": 0.01146968869685076
            },
            "l1PreFiring": {
                "high": 0.0015406315010801969,
                "low": 0.0019451316604390755
            },
            "lumi_13TeV": {
                "high": 0.0,
                "low": 0.0005002596472638657
            },
            "extMutagVarRwgt": {
                "high": 0.13200000000000012,
                "low": 0.13200000000000012
            },
            "extMutagTau21Variation": {
                "high": 0.32000000000000006,
                "low": 0.32000000000000006
            },
            "jer": {
                "high": 0.0,
                "low": 0.004416804060169813
            },
            "jes": {
                "high": 0.005081038943155731,
                "low": 0.0043210660633388525
            },
            "final": {
                "high": 0.3660675801258869,
                "central": 1.1401658058166504,
                "low": 0.3801655792587103
            },
            "fracLight": {
                "high": 0.05597123668554513,
                "low": 0.054365119132572005
            },
            "fracBB": {
                "high": 0.015324991747689054,
                "low": 0.007502473158082027
            },
            "fracCC": {
                "high": 0.07597596537487249,
                "low": 0.04036253772227465
            },
            "pu": {
                "high": 0.0029342850944261947,
                "low": 0.0
            }
        }
    },
    "medium": {
        "ptbin1": {
            "stats": {
                "high": 0.21130450843240012,
                "low": 0.14848120033665269
            },
            "QCDFlvCompos": {
                "high": 0.008809733653063664,
                "low": 0.008266060499921466
            },
            "l1PreFiring": {
                "high": 0.007635639713992132,
                "low": 0.0
            },
            "lumi_13TeV": {
                "high": 0.0,
                "low": 0.0024049419139071863
            },
            "extMutagVarRwgt": {
                "high": 0.017000000000000015,
                "low": 0.017000000000000015
            },
            "extMutagTau21Variation": {
                "high": 0.14400000000000002,
                "low": 0.14400000000000002
            },
            "jer": {
                "high": 0.0463764303211991,
                "low": 0.040346768750561236
            },
            "jes": {
                "high": 0.03709176079694006,
                "low": 0.019285604005715794
            },
            "final": {
                "high": 0.2713783218007961,
                "central": 0.8684194684028625,
                "low": 0.2217542080060137
            },
            "fracLight": {
                "high": 0.04994213933501683,
                "low": 0.060006434918782624
            },
            "fracBB": {
                "high": 0.04288218238629797,
                "low": 0.010826484085014798
            },
            "fracCC": {
                "high": 0.007818552535075908,
                "low": 0.011648347182464071
            },
            "pu": {
                "high": 0.007073600907350618,
                "low": 0.018127198635776113
            }
        },
        "ptbin2": {
            "stats": {
                "high": 0.16645023536307324,
                "low": 0.18622108101458046
            },
            "QCDFlvCompos": {
                "high": 0.0,
                "low": 0.01156476630772715
            },
            "l1PreFiring": {
                "high": 0.00415794602356207,
                "low": 0.004214600501652882
            },
            "lumi_13TeV": {
                "high": 0.0009058449602302022,
                "low": 0.0014620733300040076
            },
            "extMutagVarRwgt": {
                "high": 0.03399999999999992,
                "low": 0.03399999999999992
            },
            "extMutagTau21Variation": {
                "high": 0.30499999999999994,
                "low": 0.30499999999999994
            },
            "jer": {
                "high": 0.01001650508872189,
                "low": 0.02089605115026987
            },
            "jes": {
                "high": 0.03787933656290226,
                "low": 0.041519724415169136
            },