{
    "tight": {
        "ptbin1": {
            "QCDFlvCompos": {
                "high": 0.0,
                "low": 0.0
            },
            "tau21_uncertainty_max": {
                "high": 0.029602664374173138,
                "low": 0.029602664374173138
            },
            "reweighting_uncertainty": {
                "high": 0.03520164375602575,
                "low": 0.03520164375602575
            },
            "jer": {
                "high": 0.0,
                "low": 0.04006716042458353
            },
            "jes": {
                "high": 0.0,
                "low": 0.0
            },
            "lumi_13TeV": {
                "high": 0.006233580842882666,
                "low": 0.0
            },
            "final": {
                "high": 0.10946703808823682,
                "central": 0.9435024857521057,
                "low": 0.10296014336808557
            },
            "fracLight": {
                "high": 0.006797762235649967,
                "low": 0.005667157245322758
            },
            "fracBB": {
                "high": 0.04109907833932091,
                "low": 0.03305325671843564
            },
            "fracCC": {
                "high": 0.011729269749376763,
                "low": 0.0
            },
            "pu": {
                "high": 0.03323069881070426,
                "low": 0.021512833077720284
            },
            "l1PreFiring": {
                "high": 0.014851157395519152,
                "low": 0.006056377809752258
            },
            "psWeightIsr": {
                "high": 0.04151691379587412,
                "low": 0.0
            },
            "psWeightFsr": {
                "high": 0.0,
                "low": 0.019649547173247257
            },
            "stats": {
                "high": 0.07412550290454978,
                "low": 0.07481229410563217
            }
        },
        "ptbin2": {
            "QCDFlvCompos": {
                "high": 0.009986570484084448,
                "low": 0.00977909725831725
            },
            "tau21_uncertainty_max": {
                "high": 0.1941121963410204,
                "low": 0.1941121963410204
            },
            "reweighting_uncertainty": {
                "high": 0.055291356683533355,
                "low": 0.055291356683533355
            },
            "jer": {
                "high": 0.008142132004594458,
                "low": 0.003412144181371135
            },
            "jes": {
                "high": 0.02456423563984246,
                "low": 0.03539787271619414
            },
            "lumi_13TeV": {
                "high": 0.005030286914015482,
                "low": 0.004752620665682615
            },
            "final": {
                "high": 0.22168284027428486,
                "central": 1.0354199409484863,
                "low": 0.2203428620834166
            },
            "fracLight": {
                "high": 0.002358248001583944,
                "low": 0.0025243853239188853
            },
            "fracBB": {
                "high": 0.0608015763774495,
                "low": 0.0522814106965781
            },
            "fracCC": {
                "high": 0.0108546228361469,
                "low": 0.009896297174256325
            },
            "pu": {
                "high": 0.005315083206188152,
                "low": 0.004672135963229993
            },
            "l1PreFiring": {
                "high": 0.0002965338550274551,
                "low": 0.0003510983627095862
            },
            "psWeightIsr": {
                "high": 0.009399425718773885,
                "low": 0.01164031413684817
            },
            "psWeightFsr": {
                "high": 0.04148901091997876,
                "low": 0.039923573475403665
            },
            "stats": {
                "high": 0.044199890089242855,
                "low": 0.04292355800171266
            }
        },
        "ptbin3": {
            "QCDFlvCompos": {
                "high": 0.0018326877275766165,
                "low": 0.0015912585862635652
            },
            "tau21_uncertainty_max": {
                "high": 0.22172552825570901,
                "low": 0.22172552825570901
            },
            "reweighting_uncertainty": {
                "high": 0.0285842064589229,
                "low": 0.0285842064589229
            },
            "jer": {
                "high": 0.003695909743483887,
                "low": 0.0031572136152347935
            },
            "jes": {
                "high": 0.028671841720556198,
                "low": 0.022134643264203457
            },
            "lumi_13TeV": {
                "high": 0.006718293176826008,
                "low": 0.006311619423476065
            },
            "final": {
                "high": 0.23963326548870728,
                "central": 0.9089528918266296,
                "low": 0.23604847103351334
            },
            "fracLight": {
                "high": 0.006159531429486081,
                "low": 0.0060829459900144
            },
            "fracBB": {
                "high": 0.06374269955060904,
                "low": 0.054116356806753536
            },
            "fracCC": {
                "high": 0.006642238346732392,
                "low": 0.0057431601703935575
            },
            "pu": {
                "high": 0.007360027141403465,
                "low": 0.0064104464628868246
            },
            "l1PreFiring": {
                "high": 0.0012280681813053487,
                "low": 0.0008692616521529087
            },
            "psWeightIsr": {
                "high": 0.00368898445079877,
                "low": 0.003651751089731086
            },
            "psWeightFsr": {
                "high": 0.004237770259873904,
                "low": 0.0029567329928437067
            },
            "stats": {
                "high": 0.04825111778918545,
                "low": 0.046204346914950234
            }
        }
    },
    "medium": {
        "ptbin1": {
            "QCDFlvCompos": {
                "high": 0.007793378428637536,
                "low": 0.00631800270651921
            },
            "tau21_uncertainty_max": {
                "high": 0.043461093530529626,
                "low": 0.043461093530529626
            },
            "reweighting_uncertainty": {
                "high": 0.016811362867433455,
                "low": 0.016811362867433455
            },
            "jer": {
                "high": 0.0016907576105063674,
                "low": 0.0032143907961031232
            },
            "jes": {
                "high": 0.00875579631366866,
                "low": 0.007503937082208339
            },
            "lumi_13TeV": {
                "high": 0.0011174292544731581,
                "low": 0.0
            },
            "final": {
                "high": 0.0842795621684347,
                "central": 0.9284266233444214,
                "low": 0.07977556173427242
            },
            "fracLight": {
                "high": 0.006217764535016803,
                "low": 0.0058639937536720125
            },
            "fracBB": {
                "high": 0.040762947018899674,
                "low": 0.03318386283332001
            },
            "fracCC": {
                "high": 0.014285425757144067,
                "low": 0.012499987388114515
            },
            "pu": {
                "high": 0.012356647437360828,
                "low": 0.011398136073932445
            },
            "l1PreFiring": {
                "high": 0.0005961152499238749,
                "low": 0.0
            },
            "psWeightIsr": {
                "high": 0.004813182049870896,
                "low": 0.004602999282697292
            },
            "psWeightFsr": {
                "high": 0.0013739778607907225,
                "low": 0.0013482879431049079
            },
            "stats": {
                "high": 0.05203459945735589,