{
    "tight": {
        "ptbin1": {
            "QCDFlvCompos": {
                "high": 0.01779854396295736,
                "low": 0.0129651694867656
            },
            "tau21_uncertainty_max": {
                "high": 0.07739906313951295,
                "low": 0.07739906313951295
            },
            "reweighting_uncertainty": {
                "high": 0.05742879018744873,
                "low": 0.05742879018744873
            },
            "jer": {
                "high": 0.007917629273297094,
                "low": 0.006526145998975763
            },
            "jes": {
                "high": 0.012074228683014665,
                "low": 0.010180154819967762
            },
            "lumi_13TeV": {
                "high": 0.004731718152314468,
                "low": 0.004443856966427958
            },
            "final": {
                "high": 0.14639121325684962,
                "central": 0.9022822976112366,
                "low": 0.13470158192236376
            },
            "fracLight": {
                "high": 0.05825481146399881,
                "low": 0.04685063793062868
            },
            "fracBB": {
                "high": 0.05758171527713659,
                "low": 0.04367524558855069
            },
            "fracCC": {
                "high": 0.0264691519271476,
                "low": 0.023189582258574024
            },
            "pu": {
                "high": 0.003651748814793289,
                "low": 0.003754405052533726
            },
            "l1PreFiring": {
                "high": 0.001202404788765651,
                "low": 0.0011119977985430277
            },
            "psWeightIsr": {
                "high": 0.006450745866182834,
                "low": 0.0034436317735882732
            },
            "psWeightFsr": {
                "high": 0.008103039233707608,
                "low": 0.01206460812164017
            },
            "stats": {
                "high": 0.06373466729833588,
                "low": 0.06089954100339634
            }
        },
        "ptbin2": {
            "QCDFlvCompos": {
                "high": 0.026826729804007455,
                "low": 0.01901785171321713
            },
            "tau21_uncertainty_max": {
                "high": 0.15986768393350725,
                "low": 0.15986768393350725
            },
            "reweighting_uncertainty": {
                "high": 0.04952979720862738,
                "low": 0.04952979720862738
            },
            "jer": {
                "high": 0.01615536953457825,
                "low": 0.011424457487927656
            },
            "jes": {
                "high": 0.0043504615661447725,
                "low": 0.005098678172882638
            },
            "lumi_13TeV": {
                "high": 0.006236436521146771,
                "low": 0.005814436470163693
            },
            "final": {
                "high": 0.2263000731626703,
                "central": 0.8855871558189392,
                "low": 0.20523627751597726
            },
            "fracLight": {
                "high": 0.07897861499097743,
                "low": 0.061018851033634844
            },
            "fracBB": {
                "high": 0.07371094486133445,
                "low": 0.054569619521858646
            },
            "fracCC": {
                "high": 0.03205380581301855,
                "low": 0.02853357932911562
            },
            "pu": {
                "high": 0.0028890153025569547,
                "low": 0.0023740971792110283
            },
            "l1PreFiring": {
                "high": 0.002686698479982264,
                "low": 0.0022083790931206183
            },
            "psWeightIsr": {
                "high": 0.026844244358990528,
                "low": 0.020800102446499873
            },
            "psWeightFsr": {
                "high": 0.06854871550422047,
                "low": 0.04411562920819879
            },
            "stats": {
                "high": 0.06347346521637742,
                "low": 0.060451603321635794
            }
        },
        "ptbin3": {
            "QCDFlvCompos": {
                "high": 0.0029105865518003777,
                "low": 0.0018939812958617918
            },
            "tau21_uncertainty_max": {
                "high": 0.21016347622888165,
                "low": 0.21016347622888165
            },
            "reweighting_uncertainty": {
                "high": 0.09010778314195222,
                "low": 0.09010778314195222
            },
            "jer": {
                "high": 0.0030141251026662153,
                "low": 0.0024616327279436494
            },
            "jes": {
                "high": 0.00817379427997503,
                "low": 0.007136336101216677
            },
            "lumi_13TeV": {
                "high": 0.009124464994243334,
                "low": 0.008199242639975485
            },
            "final": {
                "high": 0.27712781432001493,
                "central": 0.9225393533706665,
                "low": 0.2613314912306126
            },
            "fracLight": {
                "high": 0.09973844769156785,
                "low": 0.07388539147202441
            },
            "fracBB": {
                "high": 0.07201451320186157,
                "low": 0.05283237614766991
            },
            "fracCC": {
                "high": 0.046043712136111,
                "low": 0.03854573810290397
            },
            "pu": {
                "high": 0.0006486011471362642,
                "low": 0.0002481777205701409
            },
            "l1PreFiring": {
                "high": 0.0,
                "low": 0.0008619137684646695
            },
            "psWeightIsr": {
                "high": 0.00716739288057804,
                "low": 0.0049603998655010926
            },
            "psWeightFsr": {
                "high": 0.021836898748719143,
                "low": 0.014274158927692232
            },
            "stats": {
                "high": 0.08100397004541926,
                "low": 0.07689603810386525
            }
        }
    },
    "medium": {
        "ptbin1": {
            "QCDFlvCompos": {
                "high": 0.006329668378623625,
                "low": 0.0029421873768919636
            },
            "tau21_uncertainty_max": {
                "high": 0.07736296052018765,
                "low": 0.07736296052018765
            },
            "reweighting_uncertainty": {
                "high": 0.09484293316690451,
                "low": 0.09484293316690451
            },
            "jer": {
                "high": 0.018947705920011545,
                "low": 0.0021914735523407797
            },
            "jes": {
                "high": 0.0,
                "low": 0.0072678313610075275
            },
            "lumi_13TeV": {
                "high": 0.003796172676182511,
                "low": 0.0036711593333769226
            },
            "final": {
                "high": 0.15069437872194125,
                "central": 0.8782086968421936,
                "low": 0.14252995412288486
            },
            "fracLight": {
                "high": 0.053169236532024336,
                "low": 0.04333188156124327
            },
            "fracBB": {
                "high": 0.04926203351261807,
                "low": 0.03757908282129584
            },
            "fracCC": {
                "high": 0.02163230833549025,
                "low": 0.01972861725275384
            },
            "pu": {
                "high": 0.0015514847300519949,
                "low": 0.0005770696833357648
            },
            "l1PreFiring": {
                "high": 0.001745170062259427,
                "low": 0.0016259561005498037
            },
            "psWeightIsr": {
                "high": 0.0027262227993082233,
                "low": 0.0044610281459406525
            },