{
    "tight": {
        "ptbin1": {
            "stats": {
                "high": 0.04532458583903498,
                "low": 0.14775460094372883
            },
            "QCDFlvCompos": {
                "high": 0.016883506777589333,
                "low": 0.0
            },
            "l1PreFiring": {
                "high": 0.00029802458287940054,
                "low": 0.0
            },
            "lumi_13TeV": {
                "high": 0.0004816836043710772,
                "low": 0.0009335635219528074
            },
            "extMutagVarRwgt": {
                "high": 0.13,
                "low": 0.13
            },
            "extMutagTau21Variation": {
                "high": 0.19899999999999995,
                "low": 0.19899999999999995
            },
            "jer": {
                "high": 0.0053725073195150345,
                "low": 0.015450147082670191
            },
            "jes": {
                "high": 0.001576952709041708,
                "low": 0.014538731387873082
            },
            "final": {
                "high": 0.24692216678878492,
                "central": 0.9950960278511047,
                "low": 0.2820980688782868
            },
            "fracLight": {
                "high": 0.027794452068298295,
                "low": 0.023443783194232053
            },
            "fracBB": {
                "high": 0.008386695733260853,
                "low": 0.012381804881953153
            },
            "fracCC": {
                "high": 0.03515644572161303,
                "low": 0.008845676705541112
            },
            "pu": {
                "high": 0.0044351110146329115,
                "low": 0.004897346728786267
            }
        },
        "ptbin2": {
            "stats": {
                "high": 0.1130674419085661,
                "low": 0.041269768181818156
            },
            "QCDFlvCompos": {
                "high": 0.0,
                "low": 0.001353112609804747
            },
            "l1PreFiring": {
                "high": 0.0003403817102980878,
                "low": 0.00046241256021723175
            },
            "lumi_13TeV": {
                "high": 0.0002449525274718645,
                "low": 0.00015884135706775064
            },
            "extMutagVarRwgt": {
                "high": 0.05499999999999994,
                "low": 0.05499999999999994
            },
            "extMutagTau21Variation": {
                "high": 0.10699999999999998,
                "low": 0.10699999999999998
            },
            "jer": {
                "high": 0.02532541770998315,
                "low": 0.007002594826127133
            },
            "jes": {
                "high": 0.0019213348124637042,
                "low": 0.0
            },
            "final": {
                "high": 0.16937782018889908,
                "central": 0.6781966686248779,
                "low": 0.13033062977766927
            },
            "fracLight": {
                "high": 0.03264127518957215,
                "low": 0.02262837369412136
            },
            "fracBB": {
                "high": 0.009940563131190086,
                "low": 0.002896487400560216
            },
            "fracCC": {
                "high": 0.005744403144683444,
                "low": 0.015378705517854887
            },
            "pu": {
                "high": 0.0007243483303682106,
                "low": 0.0009831377458151224
            }
        },
        "ptbin3": {
            "stats": {
                "high": 0.1990314420483852,
                "low": 0.19565760893105388
            },
            "QCDFlvCompos": {
                "high": 0.013668298684410161,
                "low": 0.0
            },
            "l1PreFiring": {
                "high": 0.003997346937084425,
                "low": 0.006090230402180453
            },
            "lumi_13TeV": {
                "high": 0.0,
                "low": 0.003041728974420991
            },
            "extMutagVarRwgt": {
                "high": 0.0030000000000000027,
                "low": 0.0030000000000000027
            },
            "extMutagTau21Variation": {
                "high": 0.05700000000000005,
                "low": 0.05700000000000005
            },
            "jer": {
                "high": 0.02310804905816515,
                "low": 0.00594058318806665
            },
            "jes": {
                "high": 0.009398320644434952,
                "low": 0.007301289678898745
            },
            "final": {
                "high": 0.2111865519411947,
                "central": 0.6538949608802795,
                "low": 0.20708625640580347
            },
            "fracLight": {
                "high": 0.02300928336746771,
                "low": 0.03326478254935786
            },
            "fracBB": {
                "high": 0.015163344112046407,
                "low": 0.0
            },
            "fracCC": {
                "high": 0.0,
                "low": 0.014607297628251008
            },
            "pu": {
                "high": 0.012714148065426315,
                "low": 0.0027460989682958157
            }
        }
    },
    "medium": {
        "ptbin1": {
            "stats": {
                "high": 0.03125592340734373,
                "low": 0.07056534643567813
            },
            "QCDFlvCompos": {
                "high": 0.020551100215843467,
                "low": 0.006625634574449867
            },
            "l1PreFiring": {
                "high": 2.934076681844437e-05,
                "low": 0.0
            },
            "lumi_13TeV": {
                "high": 0.0001847237105176818,
                "low": 0.0014221901427302044
            },
            "extMutagVarRwgt": {
                "high": 0.31999999999999995,
                "low": 0.31999999999999995
            },
            "extMutagTau21Variation": {
                "high": 0.07900000000000007,
                "low": 0.07900000000000007
            },
            "jer": {
                "high": 0.0022509973177811783,
                "low": 0.00116106080805345
            },
            "jes": {
                "high": 0.00016256584224172616,
                "low": 0.007431861669127209
            },
            "final": {
                "high": 0.3356871474707742,
                "central": 1.0870468616485596,
                "low": 0.33880971469875765
            },
            "fracLight": {
                "high": 0.034755140310848066,
                "low": 0.028360241677512592
            },
            "fracBB": {
                "high": 0.0069812555661132045,
                "low": 0.0050000634563998865
            },
            "fracCC": {
                "high": 0.03666618803294348,
                "low": 0.015137739662620222
            },
            "pu": {
                "high": 0.006275751465533605,
                "low": 0.0035325081734874928
            }
        },
        "ptbin2": {
            "stats": {
                "high": 0.02781148634058872,
                "low": 0.12443254297317108
            },
            "QCDFlvCompos": {
                "high": 0.0183532245285453,
                "low": 0.015870417629208308
            },
            "l1PreFiring": {
                "high": 0.0,
                "low": 0.0013892211317717649
            },
            "lumi_13TeV": {
                "high": 0.00013089852749449763,
                "low": 0.0007037994358828889
            },
            "extMutagVarRwgt": {
                "high": 0.32999999999999996,
                "low": 0.32999999999999996
            },
            "extMutagTau21Variation": {
                "high": 0.04300000000000004,
                "low": 0.04300000000000004
            },
            "jer": {
                "high": 0.002409947675487894,
                "low": 0.004573020306721108
            },
            "jes": {
                "high": 0.002038856599602805,