{
    "tight": {
        "ptbin1": {
            "stats": {
                "high": 0.15007249061174543,
                "low": 0.18816227975312927
            },
            "QCDFlvCompos": {
                "high": 0.0021939286424019883,
                "low": 0.0
            },
            "l1PreFiring": {
                "high": 0.007106093593007359,
                "low": 0.03564785759504953
            },
            "lumi_13TeV": {
                "high": 0.0012751868166909245,
                "low": 0.0016230276549845588
            },
            "extMutagVarRwgt": {
                "high": 0.08399999999999996,
                "low": 0.08399999999999996
            },
            "extMutagTau21Variation": {
                "high": 0.22199999999999998,
                "low": 0.22199999999999998
            },
            "jer": {
                "high": 0.014228899635733802,
                "low": 0.012183757072814522
            },
            "jes": {
                "high": 0.004069100638960449,
                "low": 0.006012060878227006
            },
            "final": {
                "high": 0.2962972436444456,
                "central": 0.9708670377731323,
                "low": 0.31416807095473187
            },
            "fracLight": {
                "high": 0.021290834355445754,
                "low": 0.03166593191123297
            },
            "fracBB": {
                "high": 0.006778418587248877,
                "low": 0.061387941353119584
            },
            "fracCC": {
                "high": 0.08564401976245649,
                "low": 0.027242361382276942
            },
            "pu": {
                "high": 0.028639208969606242,
                "low": 0.00951043726225658
            }
        },
        "ptbin2": {
            "stats": {
                "high": 0.08131110163052258,
                "low": 0.19537540008392995
            },
            "QCDFlvCompos": {
                "high": 0.01230872344439872,
                "low": 0.01651306518915543
            },
            "l1PreFiring": {
                "high": 0.003565988841587059,
                "low": 0.0
            },
            "lumi_13TeV": {
                "high": 0.0,
                "low": 0.0038317662262425402
            },
            "extMutagVarRwgt": {
                "high": 0.0129999999999999,
                "low": 0.0129999999999999
            },
            "extMutagTau21Variation": {
                "high": 0.19199999999999995,
                "low": 0.19199999999999995
            },
            "jer": {
                "high": 0.0018892693787167251,
                "low": 0.0028233188898824776
            },
            "jes": {
                "high": 0.0033166577080941486,
                "low": 0.014197163514884691
            },
            "final": {
                "high": 0.22238978151469538,
                "central": 1.0160818099975586,
                "low": 0.2785284689852096
            },
            "fracLight": {
                "high": 0.020295213376100605,
                "low": 0.015187122692355465
            },
            "fracBB": {
                "high": 0.0035841891166316247,
                "low": 0.022554249226935826
            },
            "fracCC": {
                "high": 0.06896290708686066,
                "low": 0.027119258581138804
            },
            "pu": {
                "high": 0.021411957362132045,
                "low": 0.02006903761575698
            }
        },
        "ptbin3": {
            "stats": {
                "high": 0.22543548171739447,
                "low": 0.05370900141967405
            },
            "QCDFlvCompos": {
                "high": 0.0,
                "low": 0.009628678496331172
            },
            "l1PreFiring": {
                "high": 0.005654430952952398,
                "low": 0.003964362258776027
            },
            "lumi_13TeV": {
                "high": 0.0003737689769862114,
                "low": 0.0
            },
            "extMutagVarRwgt": {
                "high": 0.10400000000000009,
                "low": 0.10400000000000009
            },
            "extMutagTau21Variation": {
                "high": 0.14800000000000002,
                "low": 0.14800000000000002
            },
            "jer": {
                "high": 0.013603581162980683,
                "low": 0.0009801585237638507
            },
            "jes": {
                "high": 0.01748748506573163,
                "low": 0.0012735111773189108
            },
            "final": {
                "high": 0.292533781667385,
                "central": 0.5672498345375061,
                "low": 0.19496160529895248
            },
            "fracLight": {
                "high": 0.015514467022998187,
                "low": 0.021565583251540787
            },
            "fracBB": {
                "high": 0.01986139097326867,
                "low": 0.007874390707733795
            },
            "fracCC": {
                "high": 0.02390671098323893,
                "low": 0.038196240867444796
            },
            "pu": {
                "high": 0.017543375414789234,
                "low": 0.017560281909117657
            }
        }
    },
    "medium": {
        "ptbin1": {
            "stats": {
                "high": 0.18341257778880715,
                "low": 0.159551741371591
            },
            "QCDFlvCompos": {
                "high": 0.023176619636635275,
                "low": 0.020825124574647278
            },
            "l1PreFiring": {
                "high": 0.006215350520950297,
                "low": 0.009208085044314623
            },
            "lumi_13TeV": {
                "high": 0.0017558101001159693,
                "low": 0.0027040489882050227
            },
            "extMutagVarRwgt": {
                "high": 0.06400000000000006,
                "low": 0.06400000000000006
            },
            "extMutagTau21Variation": {
                "high": 0.17900000000000005,
                "low": 0.17900000000000005
            },
            "jer": {
                "high": 0.008786894597290948,
                "low": 0.0
            },
            "jes": {
                "high": 0.04144193766468644,
                "low": 0.01514258382249953
            },
            "final": {
                "high": 0.2827317897160394,
                "central": 0.8660776019096375,
                "low": 0.2652284430926449
            },
            "fracLight": {
                "high": 0.003977964960460654,
                "low": 0.02409484462734371
            },
            "fracBB": {
                "high": 0.07997740639273541,
                "low": 0.03147129887869753
            },
            "fracCC": {
                "high": 0.02482567593049812,
                "low": 0.06890805310945179
            },
            "pu": {
                "high": 0.027532788414961935,
                "low": 0.040967507693567745
            }
        },
        "ptbin2": {
            "stats": {
                "high": 0.13292110721302586,
                "low": 0.13105358666602118
            },
            "QCDFlvCompos": {
                "high": 0.0009466227344141144,
                "low": 0.0034918063771264872
            },
            "l1PreFiring": {
                "high": 0.004353900765086491,
                "low": 0.004170267992522989
            },
            "lumi_13TeV": {
                "high": 0.0,
                "low": 0.0008275548950250241
            },
            "extMutagVarRwgt": {
                "high": 0.02300000000000002,
                "low": 0.02300000000000002
            },
            "extMutagTau21Variation": {
                "high": 0.08399999999999996,
                "low": 0.08399999999999996
            },
            "jer": {
                "high": 0.0058515266096860795,
                "low": 0.004710164026315339
            },