{
    "tight": {
        "ptbin1": {
            "stats": {
                "high": 0.08715419120995183,
                "low": 0.0688433201671137
            },
            "QCDFlvCompos": {
                "high": 0.0008076621801437019,
                "low": 0.0044150211492395095
            },
            "l1PreFiring": {
                "high": 0.0008005718403115064,
                "low": 0.0003310067423216414
            },
            "lumi_13TeV": {
                "high": 0.00012627399841355077,
                "low": 0.0010457288779370882
            },
            "extMutagVarRwgt": {
                "high": 0.11699999999999988,
                "low": 0.11699999999999988
            },
            "extMutagTau21Variation": {
                "high": 0.17300000000000004,
                "low": 0.17300000000000004
            },
            "jer": {
                "high": 0.0005544712012212503,
                "low": 0.0
            },
            "jes": {
                "high": 0.004839316684069167,
                "low": 0.005526384317016252
            },
            "final": {
                "high": 0.22810115216606958,
                "central": 0.9357349872589111,
                "low": 0.22153247877123045
            },
            "fracLight": {
                "high": 0.004519026457083405,
                "low": 0.002135602048301808
            },
            "fracBB": {
                "high": 0.015707148483313806,
                "low": 0.01568179507643247
            },
            "fracCC": {
                "high": 0.022801454483499514,
                "low": 0.020407845387723587
            },
            "pu": {
                "high": 0.002050495304727579,
                "low": 0.0010428272556932596
            }
        },
        "ptbin2": {
            "stats": {
                "high": 0.06904657657488633,
                "low": 0.06539559617991753
            },
            "QCDFlvCompos": {
                "high": 0.008553389810988264,
                "low": 0.0069864543862246204
            },
            "l1PreFiring": {
                "high": 0.0007172628727456974,
                "low": 0.0005018689428098154
            },
            "lumi_13TeV": {
                "high": 0.0005338365583807879,
                "low": 0.0005129145878287718
            },
            "extMutagVarRwgt": {
                "high": 0.07600000000000007,
                "low": 0.07600000000000007
            },
            "extMutagTau21Variation": {
                "high": 0.08099999999999996,
                "low": 0.08099999999999996
            },
            "jer": {
                "high": 0.0013589516838491806,
                "low": 0.000811485460156598
            },
            "jes": {
                "high": 0.0022202000508315433,
                "low": 0.00204310064859472
            },
            "final": {
                "high": 0.13336227783972485,
                "central": 0.8371251225471497,
                "low": 0.1307300229683988
            },
            "fracLight": {
                "high": 0.002496079321643734,
                "low": 0.001490484771829109
            },
            "fracBB": {
                "high": 0.01264216166688746,
                "low": 0.010537977718388629
            },
            "fracCC": {
                "high": 0.020768740174240814,
                "low": 0.017511761521697818
            },
            "pu": {
                "high": 0.0017135399523764514,
                "low": 0.0016322766728752644
            }
        },
        "ptbin3": {
            "stats": {
                "high": 0.09336423815811568,
                "low": 0.08695594874268298
            },
            "QCDFlvCompos": {
                "high": 0.007707768105144085,
                "low": 0.005783444709692196
            },
            "l1PreFiring": {
                "high": 0.0018098302431424015,
                "low": 0.0012779550103610294
            },
            "lumi_13TeV": {
                "high": 9.194641133773043e-05,
                "low": 0.0
            },
            "extMutagVarRwgt": {
                "high": 0.039999999999999925,
                "low": 0.039999999999999925
            },
            "extMutagTau21Variation": {
                "high": 0.15400000000000003,
                "low": 0.15400000000000003
            },
            "jer": {
                "high": 0.0025197450848130987,
                "low": 0.0023512730737853833
            },
            "jes": {
                "high": 0.0006513218684840789,
                "low": 0.00040856011704286317
            },
            "final": {
                "high": 0.18728370631780691,
                "central": 0.7764532566070557,
                "low": 0.18306378616605445
            },
            "fracLight": {
                "high": 0.004491371501520875,
                "low": 0.003657941525458521
            },
            "fracBB": {
                "high": 0.01815211115772287,
                "low": 0.014626259516675337
            },
            "fracCC": {
                "high": 0.024357311179127875,
                "low": 0.018586811159992504
            },
            "pu": {
                "high": 0.005467042681587802,
                "low": 0.004633267666794739
            }
        }
    },
    "medium": {
        "ptbin1": {
            "stats": {
                "high": 0.046714866394570564,
                "low": 0.04602132900827127
            },
            "QCDFlvCompos": {
                "high": 0.007363232932449648,
                "low": 0.004502278872304489
            },
            "l1PreFiring": {
                "high": 0.0007669056215731369,
                "low": 0.0005627448529900456
            },
            "lumi_13TeV": {
                "high": 0.0007014213838686271,
                "low": 0.0007362860326383327
            },
            "extMutagVarRwgt": {
                "high": 0.1150000000000001,
                "low": 0.1150000000000001
            },
            "extMutagTau21Variation": {
                "high": 0.04500000000000004,
                "low": 0.04500000000000004
            },
            "jer": {
                "high": 0.001116924323239814,
                "low": 0.0008564829375074551
            },
            "jes": {
                "high": 0.0055031684002879635,
                "low": 0.003485229611636855
            },
            "final": {
                "high": 0.13636372933230645,
                "central": 0.9474480152130127,
                "low": 0.1350113863369239
            },
            "fracLight": {
                "high": 0.00613012292786832,
                "low": 0.004638016022526945
            },
            "fracBB": {
                "high": 0.017421931742984616,
                "low": 0.014789138093181988
            },
            "fracCC": {
                "high": 0.02709394572245444,
                "low": 0.024173557629878474
            },
            "pu": {
                "high": 0.0008798919133613021,
                "low": 0.0012293607597321976
            }
        },
        "ptbin2": {
            "stats": {
                "high": 0.04723552309527479,
                "low": 0.044575750497008015
            },
            "QCDFlvCompos": {
                "high": 0.0060878737341170585,
                "low": 0.004585231787734565
            },
            "l1PreFiring": {
                "high": 0.0,
                "low": 0.0009208959072470698
            },
            "lumi_13TeV": {
                "high": 9.19908406142466e-05,
                "low": 0.0004425763760428084
            },
            "extMutagVarRwgt": {
                "high": 0.08499999999999996,
                "low": 0.08499999999999996
            },
            "extMutagTau21Variation": {
                "high": 0.07099999999999995,
                "low": 0.07099999999999995
            },