{
    "tight": {
        "ptbin1": {
            "QCDFlvCompos": {
                "high": 0.006731296007265935,
                "low": 0.0050549501496239
            },
            "tau21_uncertainty_max": {
                "high": 0.05186765148354766,
                "low": 0.05186765148354766
            },
            "reweighting_uncertainty": {
                "high": 0.017149499529593992,
                "low": 0.017149499529593992
            },
            "jer": {
                "high": 0.0036046614496270902,
                "low": 0.004294590905660768
            },
            "jes": {
                "high": 0.015799158860522237,
                "low": 0.00785895452406628
            },
            "lumi_13TeV": {
                "high": 0.0028365895543685433,
                "low": 0.0023942550320981163
            },
            "final": {
                "high": 0.07619655119832533,
                "central": 0.9995170831680298,
                "low": 0.07284777737212339
            },
            "fracLight": {
                "high": 0.004766846983919726,
                "low": 0.004042443061694199
            },
            "fracBB": {
                "high": 0.02548052715843875,
                "low": 0.023755757474034248
            },
            "fracCC": {
                "high": 0.01875636244260496,
                "low": 0.016797384520261072
            },
            "pu": {
                "high": 0.01132325536138811,
                "low": 0.010867760322706812
            },
            "psWeightIsr": {
                "high": 0.002113889382247841,
                "low": 0.002595878620021893
            },
            "psWeightFsr": {
                "high": 0.0044223991384897115,
                "low": 0.0014953631120176037
            },
            "stats": {
                "high": 0.036463251883543935,
                "low": 0.03494332570348391
            },
            "l1PreFiring": {
                "high": 0.0,
                "low": 0.0
            }
        },
        "ptbin2": {
            "QCDFlvCompos": {
                "high": 0.009025491765607416,
                "low": 0.009179845901139452
            },
            "tau21_uncertainty_max": {
                "high": 0.025934852114544493,
                "low": 0.025934852114544493
            },
            "reweighting_uncertainty": {
                "high": 0.025172412481315076,
                "low": 0.025172412481315076
            },
            "jer": {
                "high": 0.0011580537272753235,
                "low": 0.0008051542328698476
            },
            "jes": {
                "high": 0.013380113719664114,
                "low": 0.010675549851974196
            },
            "lumi_13TeV": {
                "high": 0.004077546169652342,
                "low": 0.002802805186356133
            },
            "final": {
                "high": 0.06752572734647778,
                "central": 1.0007151365280151,
                "low": 0.06403555792715565
            },
            "fracLight": {
                "high": 0.0049710459788414865,
                "low": 0.004687526100575756
            },
            "fracBB": {
                "high": 0.030702217540194015,
                "low": 0.025602087367249404
            },
            "fracCC": {
                "high": 0.021415845919596548,
                "low": 0.016820545995656203
            },
            "pu": {
                "high": 0.001355289206619209,
                "low": 0.000633566309480009
            },
            "psWeightIsr": {
                "high": 0.003483026366514968,
                "low": 0.0033881696920208784
            },
            "psWeightFsr": {
                "high": 0.0179293092774204,
                "low": 0.015420370555906416
            },
            "stats": {
                "high": 0.03483673641782681,
                "low": 0.03711475952689958
            },
            "l1PreFiring": {
                "high": 0.0,
                "low": 0.0
            }
        },
        "ptbin3": {
            "QCDFlvCompos": {
                "high": 0.003302514748972795,
                "low": 0.005269724285233656
            },
            "tau21_uncertainty_max": {
                "high": 0.1702996700970617,
                "low": 0.1702996700970617
            },
            "reweighting_uncertainty": {
                "high": 0.0009530977501905902,
                "low": 0.0009530977501905902
            },
            "jer": {
                "high": 0.002358527917452561,
                "low": 0.002006958651213386
            },
            "jes": {
                "high": 0.01415377821198047,
                "low": 0.011908632465192559
            },
            "lumi_13TeV": {
                "high": 0.006243954993529829,
                "low": 0.005387444420514465
            },
            "final": {
                "high": 0.18208321922806897,
                "central": 0.9220685362815857,
                "low": 0.18036550775345137
            },
            "fracLight": {
                "high": 0.0020161684299158326,
                "low": 0.0017833204935196446
            },
            "fracBB": {
                "high": 0.04233466968639327,
                "low": 0.03675273339422182
            },
            "fracCC": {
                "high": 0.01975506301960177,
                "low": 0.017314629296294452
            },
            "pu": {
                "high": 0.0036835424965940377,
                "low": 0.002952133754645702
            },
            "psWeightIsr": {
                "high": 0.00024536078990193544,
                "low": 0.0007833610752696817
            },
            "psWeightFsr": {
                "high": 0.01598871868172395,
                "low": 0.015072617753914132
            },
            "stats": {
                "high": 0.03794479549161944,
                "low": 0.03789379644734736
            },
            "l1PreFiring": {
                "high": 0.0,
                "low": 0.0
            }
        }
    },
    "medium": {
        "ptbin1": {
            "QCDFlvCompos": {
                "high": 0.005059955940329656,
                "low": 0.003852465504193213
            },
            "tau21_uncertainty_max": {
                "high": 0.03869452041454968,
                "low": 0.03869452041454968
            },
            "reweighting_uncertainty": {
                "high": 0.053641912478853415,
                "low": 0.053641912478853415
            },
            "jer": {
                "high": 0.0012970757320298848,
                "low": 0.0
            },
            "jes": {
                "high": 0.0,
                "low": 0.004169567593095225
            },
            "lumi_13TeV": {
                "high": 0.0,
                "low": 0.0
            },
            "final": {
                "high": 0.07876844241295393,
                "central": 0.9508320093154907,
                "low": 0.07739562547100484
            },
            "fracLight": {
                "high": 0.004928168793537975,
                "low": 0.004452212250559888
            },
            "fracBB": {
                "high": 0.024384475818958626,
                "low": 0.021196333354797925
            },
            "fracCC": {
                "high": 0.016688102725183084,
                "low": 0.01569319858398429
            },
            "pu": {
                "high": 0.006718133621022507,
                "low": 0.006099720924774935
            },
            "psWeightIsr": {
                "high": 0.0026349836688703628,
                "low": 0.0019264948504752616
            },
            "psWeightFsr": {
                "high": 0.0050916137643870945,
                "low": 0.0030171962978998313
            },
            "stats": {
                "high": 0.02889261596066306,
                "low": 0.028599315769772704
            },