{
    "tight": {
        "ptbin1": {
            "QCDFlvCompos": {
                "high": 0.00023708989735483216,
                "low": 0.0011342203398187678
            },
            "tau21_uncertainty_max": {
                "high": 0.08589375015067335,
                "low": 0.08589375015067335
            },
            "reweighting_uncertainty": {
                "high": 0.047858812375859205,
                "low": 0.047858812375859205
            },
            "jer": {
                "high": 0.0031920436977725315,
                "low": 0.005777010608048689
            },
            "jes": {
                "high": 0.013352948385751833,
                "low": 0.012259485231832895
            },
            "lumi_13TeV": {
                "high": 0.003661941094260565,
                "low": 0.002869014183414215
            },
            "final": {
                "high": 0.12024344251171877,
                "central": 1.0813682079315186,
                "low": 0.1178752251466479
            },
            "fracLight": {
                "high": 0.002121283035770574,
                "low": 0.0026761378017401164
            },
            "fracBB": {
                "high": 0.049559467312569216,
                "low": 0.04016334283555169
            },
            "fracCC": {
                "high": 0.013612826662769634,
                "low": 0.01169066079421632
            },
            "pu": {
                "high": 0.01025776163287704,
                "low": 0.009796508938362935
            },
            "l1PreFiring": {
                "high": 0.0,
                "low": 0.0005827644519960752
            },
            "psWeightIsr": {
                "high": 0.005365618864906835,
                "low": 0.004024665445967871
            },
            "psWeightFsr": {
                "high": 0.0020846906589784536,
                "low": 0.0013634163166609237
            },
            "stats": {
                "high": 0.042475603396190165,
                "low": 0.046496070045372484
            }
        },
        "ptbin2": {
            "QCDFlvCompos": {
                "high": 0.013850207322907317,
                "low": 0.009274640173871336
            },
            "tau21_uncertainty_max": {
                "high": 0.12510784326478908,
                "low": 0.12510784326478908
            },
            "reweighting_uncertainty": {
                "high": 0.007214348470812482,
                "low": 0.007214348470812482
            },
            "jer": {
                "high": 0.002099206109723535,
                "low": 0.0035042211729065112
            },
            "jes": {
                "high": 0.010683000912809458,
                "low": 0.008796605679994435
            },
            "lumi_13TeV": {
                "high": 0.0042357126090679775,
                "low": 0.003931667555771687
            },
            "final": {
                "high": 0.15668319355703145,
                "central": 0.9044766426086426,
                "low": 0.15359802171166845
            },
            "fracLight": {
                "high": 0.006229884481349119,
                "low": 0.00564687229155232
            },
            "fracBB": {
                "high": 0.047244658466500646,
                "low": 0.03771468173532433
            },
            "fracCC": {
                "high": 0.009659427794070655,
                "low": 0.007485362130080757
            },
            "pu": {
                "high": 0.01733432234985677,
                "low": 0.02041925929048045
            },
            "l1PreFiring": {
                "high": 0.000979470836317345,
                "low": 0.0006602018922208735
            },
            "psWeightIsr": {
                "high": 0.005517217922360819,
                "low": 0.0037585659623695982
            },
            "psWeightFsr": {
                "high": 0.014708574070254514,
                "low": 0.014610594910941571
            },
            "stats": {
                "high": 0.0748659301365413,
                "low": 0.07444395782280211
            }
        },
        "ptbin3": {
            "QCDFlvCompos": {
                "high": 0.020836319302482698,
                "low": 0.01694561503302661
            },
            "tau21_uncertainty_max": {
                "high": 0.11108664310708871,
                "low": 0.11108664310708871
            },
            "reweighting_uncertainty": {
                "high": 0.09761758223137151,
                "low": 0.09761758223137151
            },
            "jer": {
                "high": 0.003758804617742267,
                "low": 0.003728614743964761
            },
            "jes": {
                "high": 0.02963400112431122,
                "low": 0.024985241295739872
            },
            "lumi_13TeV": {
                "high": 0.0071125894241722745,
                "low": 0.006465703534603051
            },
            "final": {
                "high": 0.17657706525628247,
                "central": 1.0056043863296509,
                "low": 0.1709356822224148
            },
            "fracLight": {
                "high": 0.003223498180868959,
                "low": 0.003708696777963502
            },
            "fracBB": {
                "high": 0.07079662871442034,
                "low": 0.06048445346996902
            },
            "fracCC": {
                "high": 0.009024576860740983,
                "low": 0.007916083677189068
            },
            "pu": {
                "high": 0.00834972445244086,
                "low": 0.006581542513679379
            },
            "l1PreFiring": {
                "high": 0.0009197255309417024,
                "low": 0.0
            },
            "psWeightIsr": {
                "high": 0.0033864786148814826,
                "low": 0.0007398689263803715
            },
            "psWeightFsr": {
                "high": 0.005536874318080057,
                "low": 0.005853194673715776
            },
            "stats": {
                "high": 0.052118096649504286,
                "low": 0.050698265443345436
            }
        }
    },
    "medium": {
        "ptbin1": {
            "QCDFlvCompos": {
                "high": 0.006003890057590606,
                "low": 0.002399374448822287
            },
            "tau21_uncertainty_max": {
                "high": 0.06063408982505969,
                "low": 0.06063408982505969
            },
            "reweighting_uncertainty": {
                "high": 0.012713342562908903,
                "low": 0.012713342562908903
            },
            "jer": {
                "high": 0.017897730055476208,
                "low": 0.010764540411005781
            },
            "jes": {
                "high": 0.03239080917364509,
                "low": 0.025772210411866465
            },
            "lumi_13TeV": {
                "high": 0.0004885184490423923,
                "low": 0.0005613732072231768
            },
            "final": {
                "high": 0.10011751984645388,
                "central": 1.0105348825454712,
                "low": 0.09391131227723969
            },
            "fracLight": {
                "high": 0.006515452698639709,
                "low": 0.007197559135342611
            },
            "fracBB": {
                "high": 0.03951804884100011,
                "low": 0.031523166118735006
            },
            "fracCC": {
                "high": 0.01404647873209231,
                "low": 0.011678309934533353
            },
            "pu": {
                "high": 0.01264004497938025,
                "low": 0.011510534077935607
            },
            "l1PreFiring": {
                "high": 0.0,
                "low": 0.0
            },
            "psWeightIsr": {
                "high": 0.007671047968738652,
                "low": 0.007699501877783249
            },
            "psWeightFsr": {
                "high": 0.0022635646655536526,