{
    "tight": {},
    "medium": {
        "ptbin1": {
            "stats": {
                "high": 0.4476836684960701,
                "low": 0.1764030245193572
            },
            "QCDFlvCompos": {
                "high": 0.05009887925164984,
                "low": 0.018174946740290042
            },
            "l1PreFiring": {
                "high": 0.00040203741707419587,
                "low": 0.003398606257670329
            },
            "lumi_13TeV": {
                "high": 0.000429451716566058,
                "low": 0.0
            },
            "extMutagVarRwgt": {
                "high": 0.0,
                "low": 0.0
            },
            "extMutagTau21Variation": {
                "high": 0.0,
                "low": 0.0
            },
            "jer": {
                "high": 0.007350807511805967,
                "low": 0.011100130692425643
            },
            "jes": {
                "high": 0.02103480900123242,
                "low": 0.006838018348479564
            },
            "final": {
                "high": 0.47179503038394976,
                "central": 1.0425533056259155,
                "low": 0.19931432733110366
            },
            "fracLight": {
                "high": 0.13067469520988936,
                "low": 0.07520656208984013
            },
            "fracBB": {
                "high": 0.03631379922312503,
                "low": 0.019852106579407565
            },
            "fracCC": {
                "high": 0.026287303966918384,
                "low": 0.04501631476288247
            },
            "pu": {
                "high": 0.008806361274776712,
                "low": 0.00444103948514829
            }
        },
        "ptbin2": {
            "stats": {
                "high": 0.43439779120412947,
                "low": 0.4649417629035777
            },
            "QCDFlvCompos": {
                "high": 0.226171101022163,
                "low": 0.08338807344351629
            },
            "l1PreFiring": {
                "high": 0.0019097649262461846,
                "low": 0.003123442059935949
            },
            "lumi_13TeV": {
                "high": 0.011103397615991634,
                "low": 0.013657300315641434
            },
            "extMutagVarRwgt": {
                "high": 0.0,
                "low": 0.0
            },
            "extMutagTau21Variation": {
                "high": 0.0,
                "low": 0.0
            },
            "jer": {
                "high": 0.01832976666862923,
                "low": 0.04293226506061709
            },
            "jes": {
                "high": 0.023648243726210685,
                "low": 0.12288807530745478
            },
            "final": {
                "high": 0.5120313430412942,
                "central": 1.0831035375595093,
                "low": 0.5049132198634724
            },
            "fracLight": {
                "high": 0.11753914340995725,
                "low": 0.07634743865738622
            },
            "fracBB": {
                "high": 0.021272060914531005,
                "low": 0.007799501691820886
            },
            "fracCC": {
                "high": 0.032510136631114794,
                "low": 0.0023447689055072865
            },
            "pu": {
                "high": 0.07729344153964687,
                "low": 0.09368430056721258
            }
        },
        "ptbin3": {
            "stats": {
                "high": 0.5588092029330753,
                "low": 0.1781482683149651
            },
            "QCDFlvCompos": {
                "high": 0.06858650671570789,
                "low": 0.0
            },
            "l1PreFiring": {
                "high": 0.0,
                "low": 0.0
            },
            "lumi_13TeV": {
                "high": 0.02363210268304414,
                "low": 0.0
            },
            "extMutagVarRwgt": {
                "high": 0.0,
                "low": 0.0
            },
            "extMutagTau21Variation": {
                "high": 0.0,
                "low": 0.0
            },
            "jer": {
                "high": 0.014547129848777457,
                "low": 0.011703192263837911
            },
            "jes": {
                "high": 0.08509892976484726,
                "low": 0.012768959616821859
            },
            "final": {
                "high": 0.5800378617819233,
                "central": 0.9342923164367676,
                "low": 0.19157022295758963
            },
            "fracLight": {
                "high": 0.10194312435873044,
                "low": 0.053029772052809156
            },
            "fracBB": {
                "high": 0.0026483643230050427,
                "low": 0.022830239947470115
            },
            "fracCC": {
                "high": 0.018921836256509096,
                "low": 0.029308866356904367
            },
            "pu": {
                "high": 0.02676930957628572,
                "low": 0.02246193555802193
            }
        }
    },
    "loose": {
        "ptbin1": {
            "stats": {
                "high": 0.37519569148331033,
                "low": 0.12341576838569301
            },
            "QCDFlvCompos": {
                "high": 0.10401587542907577,
                "low": 0.017681019227369144
            },
            "l1PreFiring": {
                "high": 0.004458455257861991,
                "low": 0.0019027393558567847
            },
            "lumi_13TeV": {
                "high": 0.0009687956315359972,
                "low": 4.685117967861374e-05
            },
            "extMutagVarRwgt": {
                "high": 0.0,
                "low": 0.0
            },
            "extMutagTau21Variation": {
                "high": 0.0,
                "low": 0.0
            },
            "jer": {
                "high": 0.001720796705782537,
                "low": 0.009686359443637212
            },
            "jes": {
                "high": 0.10133158782377862,
                "low": 0.021727433495881042
            },
            "final": {
                "high": 0.44578556598463925,
                "central": 0.9438727498054504,
                "low": 0.15769351890901417
            },
            "fracLight": {
                "high": 0.17104127815708076,
                "low": 0.07707004815759584
            },
            "fracBB": {
                "high": 0.014092223535390682,
                "low": 0.029102345252067088
            },
            "fracCC": {
                "high": 0.0448900697173695,
                "low": 0.0443648217217092
            },
            "pu": {
                "high": 0.07330051441747416,
                "low": 0.0
            }
        },
        "ptbin2": {
            "stats": {
                "high": 0.33475414938214376,
                "low": 0.36619417514156405
            },
            "QCDFlvCompos": {
                "high": 0.12432271048658604,
                "low": 0.04787934782438281
            },
            "l1PreFiring": {
                "high": 0.0007797608604470636,
                "low": 0.004999016500205228
            },
            "lumi_13TeV": {
                "high": 0.01715815450578835,
                "low": 0.01991723765029325
            },
            "extMutagVarRwgt": {
                "high": 0.0,
                "low": 0.0
            },
            "extMutagTau21Variation": {
                "high": 0.0,
                "low": 0.0
            },
            "jer": {
                "high": 0.00898845339588763,
                "low": 0.0
            },
            "jes": {
                "high": 0.11474685819670342,
                "low": 0.1410794576774577
            },
            "final": {
                "high": 0.41360635969892656,
                "central": 1.1607389450073242,
                "low": 0.41532654339705444
            },