{
    "tight": {},
    "medium": {
        "ptbin1": {
            "stats": {
                "high": 0.19580421815948879,
                "low": 0.2961542878617396
            },
            "QCDFlvCompos": {
                "high": 0.10378554637058492,
                "low": 0.05975489639422213
            },
            "l1PreFiring": {
                "high": 0.0,
                "low": 0.0
            },
            "lumi_13TeV": {
                "high": 0.0,
                "low": 0.010383197365135266
            },
            "extMutagVarRwgt": {
                "high": 0.0,
                "low": 0.0
            },
            "extMutagTau21Variation": {
                "high": 0.0,
                "low": 0.0
            },
            "jer": {
                "high": 0.011710132777231012,
                "low": 0.0143147229423236
            },
            "jes": {
                "high": 0.0055103106652880035,
                "low": 0.006588335521417947
            },
            "final": {
                "high": 0.30582696550392563,
                "central": 1.6531330347061157,
                "low": 0.32101146059599794
            },
            "fracLight": {
                "high": 0.15494541074500026,
                "low": 0.091002685069982
            },
            "fracBB": {
                "high": 0.03243525067322799,
                "low": 0.008674180169350862
            },
            "fracCC": {
                "high": 0.1371327496075394,
                "low": 0.05158306481933072
            },
            "pu": {
                "high": 0.019663417106655836,
                "low": 0.019916753221949416
            }
        },
        "ptbin2": {
            "stats": {
                "high": 0.17738906149195488,
                "low": 0.7682377143590488
            },
            "QCDFlvCompos": {
                "high": 0.057034374554091403,
                "low": 0.19592384604820492
            },
            "l1PreFiring": {
                "high": 0.0,
                "low": 0.0
            },
            "lumi_13TeV": {
                "high": 0.0,
                "low": 0.015666435561941288
            },
            "extMutagVarRwgt": {
                "high": 0.0,
                "low": 0.0
            },
            "extMutagTau21Variation": {
                "high": 0.0,
                "low": 0.0
            },
            "jer": {
                "high": 0.01080643580843658,
                "low": 0.22980793902678812
            },
            "jes": {
                "high": 0.011012282501794594,
                "low": 0.17124044797269106
            },
            "final": {
                "high": 0.2867395225775009,
                "central": 1.564264178276062,
                "low": 0.9483135899189575
            },
            "fracLight": {
                "high": 0.17215171329819243,
                "low": 0.02095650742176754
            },
            "fracBB": {
                "high": 0.04508612531056162,
                "low": 0.2986982828097357
            },
            "fracCC": {
                "high": 0.12479113831447117,
                "low": 0.2550373386890615
            },
            "pu": {
                "high": 0.004483511878430608,
                "low": 0.1834094464955333
            }
        },
        "ptbin3": {
            "stats": {
                "high": 0.47096727750033673,
                "low": 0.2504321455563201
            },
            "QCDFlvCompos": {
                "high": 0.016315009125745634,
                "low": 0.017205854976638745
            },
            "l1PreFiring": {
                "high": 0.0,
                "low": 0.0
            },
            "lumi_13TeV": {
                "high": 0.007417815562936954,
                "low": 0.0
            },
            "extMutagVarRwgt": {
                "high": 0.0,
                "low": 0.0
            },
            "extMutagTau21Variation": {
                "high": 0.0,
                "low": 0.0
            },
            "jer": {
                "high": 0.015816424734349376,
                "low": 0.008512209716343592
            },
            "jes": {
                "high": 0.008741735866772297,
                "low": 0.0
            },
            "final": {
                "high": 0.478755581285365,
                "central": 0.4198709726333618,
                "low": 0.25224092628130385
            },
            "fracLight": {
                "high": 0.07943367671672384,
                "low": 0.010748232088221189
            },
            "fracBB": {
                "high": 0.018653086749582628,
                "low": 0.0
            },
            "fracCC": {
                "high": 0.008458328597255881,
                "low": 0.014092253406676709
            },
            "pu": {
                "high": 0.004445157284537503,
                "low": 0.016241078805418026
            }
        }
    },
    "loose": {
        "ptbin1": {
            "stats": {
                "high": 0.3775181426739347,
                "low": 0.4573121832198108
            },
            "QCDFlvCompos": {
                "high": 0.10792828671117145,
                "low": 0.0
            },
            "l1PreFiring": {
                "high": 0.0,
                "low": 0.0
            },
            "lumi_13TeV": {
                "high": 0.0,
                "low": 0.032092570320875126
            },
            "extMutagVarRwgt": {
                "high": 0.0,
                "low": 0.0
            },
            "extMutagTau21Variation": {
                "high": 0.0,
                "low": 0.0
            },
            "jer": {
                "high": 0.005891866543089398,
                "low": 0.02378624807304536
            },
            "jes": {
                "high": 0.02971331156027923,
                "low": 0.07210643992794309
            },
            "final": {
                "high": 0.41312122344970703,
                "central": 1.5668787956237793,
                "low": 0.5603129875317019
            },
            "fracLight": {
                "high": 0.0,
                "low": 0.11797819219421732
            },
            "fracBB": {
                "high": 0.0,
                "low": 0.19656323537157988
            },
            "fracCC": {
                "high": 0.12362397717417142,
                "low": 0.1740996114032672
            },
            "pu": {
                "high": 0.0397984640899481,
                "low": 0.12855084388206237
            }
        },
        "ptbin2": {
            "stats": {
                "high": 0.29519420969411314,
                "low": 0.4833221410298545
            },
            "QCDFlvCompos": {
                "high": 0.005844768046891439,
                "low": 0.09153456464996367
            },
            "l1PreFiring": {
                "high": 0.0,
                "low": 0.0
            },
            "lumi_13TeV": {
                "high": 0.005609014126588485,
                "low": 0.034516961224565636
            },
            "extMutagVarRwgt": {
                "high": 0.0,
                "low": 0.0
            },
            "extMutagTau21Variation": {
                "high": 0.0,
                "low": 0.0
            },
            "jer": {
                "high": 0.02478293971828125,
                "low": 0.028590267920547967
            },
            "jes": {
                "high": 0.023178222070543156,
                "low": 0.09657934192415751
            },
            "final": {
                "high": 0.39150524139404297,
                "central": 1.5884947776794434,
                "low": 0.5586393823438847
            },
            "fracLight": {
                "high": 0.20171144109031333,
                "low": 0.1583518296388684
            },
            "fracBB": {
                "high": 0.04678780470751797,
                "low": 0.10034400982525969
            },