{
    "tight": {
        "ptbin1": {
            "QCDFlvCompos": {
                "high": 0.01506843656783681,
                "low": 0.011173675353474303
            },
            "tau21_uncertainty_max": {
                "high": 0.050754493048852156,
                "low": 0.050754493048852156
            },
            "reweighting_uncertainty": {
                "high": 0.0010016801644137097,
                "low": 0.0010016801644137097
            },
            "jer": {
                "high": 0.002682757458461426,
                "low": 0.001450937558807248
            },
            "jes": {
                "high": 0.014582623883395988,
                "low": 0.009751613460560712
            },
            "lumi_13TeV": {
                "high": 0.004911251463132961,
                "low": 0.004286905264187216
            },
            "final": {
                "high": 0.12001921616573953,
                "central": 0.8607856631278992,
                "low": 0.10558844230972367
            },
            "fracLight": {
                "high": 0.06319522459719132,
                "low": 0.05042201032694744
            },
            "fracBB": {
                "high": 0.05148034178827437,
                "low": 0.0389378984508985
            },
            "fracCC": {
                "high": 0.027301222867446854,
                "low": 0.023602307316307563
            },
            "pu": {
                "high": 0.003299659536466432,
                "low": 0.0018648533395199183
            },
            "l1PreFiring": {
                "high": 0.0028327318782778083,
                "low": 0.0027140746159689494
            },
            "psWeightIsr": {
                "high": 0.0017071878874801657,
                "low": 0.0010972550195667045
            },
            "psWeightFsr": {
                "high": 0.015092333417108849,
                "low": 0.01549081478609062
            },
            "stats": {
                "high": 0.06097325748891913,
                "low": 0.05885446709394948
            }
        },
        "ptbin2": {
            "QCDFlvCompos": {
                "high": 0.013239410194689903,
                "low": 0.009636748814230985
            },
            "tau21_uncertainty_max": {
                "high": 0.08466273363157273,
                "low": 0.08466273363157273
            },
            "reweighting_uncertainty": {
                "high": 0.14732725802422098,
                "low": 0.14732725802422098
            },
            "jer": {
                "high": 0.004618513856395206,
                "low": 0.0029499630181245625
            },
            "jes": {
                "high": 0.008992949199659385,
                "low": 0.006197763693180233
            },
            "lumi_13TeV": {
                "high": 0.005522457895203842,
                "low": 0.005179156496738069
            },
            "final": {
                "high": 0.19463453010558526,
                "central": 0.7276423573493958,
                "low": 0.1878412779264565
            },
            "fracLight": {
                "high": 0.05312572333459351,
                "low": 0.04261686518416137
            },
            "fracBB": {
                "high": 0.04756052576805832,
                "low": 0.0357220888675744
            },
            "fracCC": {
                "high": 0.024954514521581914,
                "low": 0.021793188520877964
            },
            "pu": {
                "high": 0.012778887227963762,
                "low": 0.010240913117671021
            },
            "l1PreFiring": {
                "high": 0.003152086447306093,
                "low": 0.0
            },
            "psWeightIsr": {
                "high": 0.00488858559541159,
                "low": 0.002028822260138471
            },
            "psWeightFsr": {
                "high": 0.012868591105840392,
                "low": 0.012088031475476085
            },
            "stats": {
                "high": 0.05130018671860748,
                "low": 0.04925124337880704
            }
        },
        "ptbin3": {
            "QCDFlvCompos": {
                "high": 0.01581763348265652,
                "low": 0.008305420330240728
            },
            "tau21_uncertainty_max": {
                "high": 0.10668855030787727,
                "low": 0.10668855030787727
            },
            "reweighting_uncertainty": {
                "high": 0.0012665679875731861,
                "low": 0.0012665679875731861
            },
            "jer": {
                "high": 0.0030938893400572704,
                "low": 0.0020567144132773688
            },
            "jes": {
                "high": 0.006506666773172757,
                "low": 0.0
            },
            "lumi_13TeV": {
                "high": 0.007474907333798671,
                "low": 0.006399259293795481
            },
            "final": {
                "high": 0.16442411954648967,
                "central": 0.7377285361289978,
                "low": 0.1470449986443469
            },
            "fracLight": {
                "high": 0.07323379813641454,
                "low": 0.05427139083865584
            },
            "fracBB": {
                "high": 0.054187457034257626,
                "low": 0.03846773000766952
            },
            "fracCC": {
                "high": 0.03400210293255246,
                "low": 0.027839274506021788
            },
            "pu": {
                "high": 0.007157269605885116,
                "low": 0.004985101091129847
            },
            "l1PreFiring": {
                "high": 0.0010825641854707198,
                "low": 0.0009220201618871599
            },
            "psWeightIsr": {
                "high": 0.0011777413356499028,
                "low": 0.0
            },
            "psWeightFsr": {
                "high": 0.01086083552363851,
                "low": 0.011094592540487173
            },
            "stats": {
                "high": 0.07527219623125003,
                "low": 0.0709675609200906
            }
        }
    },
    "medium": {
        "ptbin1": {
            "QCDFlvCompos": {
                "high": 0.016108478083288275,
                "low": 0.012331372351635025
            },
            "tau21_uncertainty_max": {
                "high": 0.14892943395707403,
                "low": 0.14892943395707403
            },
            "reweighting_uncertainty": {
                "high": 0.05482552733585333,
                "low": 0.05482552733585333
            },
            "jer": {
                "high": 0.006752086417038839,
                "low": 0.0038281352081702196
            },
            "jes": {
                "high": 0.004260706366344062,
                "low": 0.0013057041853257176
            },
            "lumi_13TeV": {
                "high": 0.004173466019225643,
                "low": 0.003936173666959676
            },
            "final": {
                "high": 0.18098178990785696,
                "central": 0.8031599521636963,
                "low": 0.17411569358355244
            },
            "fracLight": {
                "high": 0.05778859934154352,
                "low": 0.045884969417780266
            },
            "fracBB": {
                "high": 0.04457062486250088,
                "low": 0.03357050668590974
            },
            "fracCC": {
                "high": 0.02231868534430905,
                "low": 0.020127830042781326
            },
            "pu": {
                "high": 0.0008240633181746455,
                "low": 0.0
            },
            "l1PreFiring": {
                "high": 0.0017922985537596197,
                "low": 0.002799780526041284
            },
            "psWeightIsr": {
                "high": 0.005167523499639872,
                "low": 0.0024433156576310366
            },
            "psWeightFsr": {
                "high": 0.0016578788122322474,