{
    "tight": {
        "ptbin1": {
            "stats": {
                "high": 0.05754216936320944,
                "low": 0.0485876682191001
            },
            "QCDFlvCompos": {
                "high": 0.005832773096240464,
                "low": 0.005044356711863803
            },
            "l1PreFiring": {
                "high": 0.0,
                "low": 0.0
            },
            "lumi_13TeV": {
                "high": 0.0009654840657940583,
                "low": 0.0013416665523059217
            },
            "extMutagVarRwgt": {
                "high": 0.11399999999999999,
                "low": 0.11399999999999999
            },
            "extMutagTau21Variation": {
                "high": 0.03400000000000003,
                "low": 0.03400000000000003
            },
            "jer": {
                "high": 0.0014814918211437582,
                "low": 0.0018952147541709571
            },
            "jes": {
                "high": 0.0027335971074136864,
                "low": 0.002907586126192869
            },
            "final": {
                "high": 0.13331551945337677,
                "central": 0.76994788646698,
                "low": 0.12952103645512236
            },
            "fracLight": {
                "high": 0.004345854148922872,
                "low": 0.003008193445754763
            },
            "fracBB": {
                "high": 0.00904060256501589,
                "low": 0.009432780765243953
            },
            "fracCC": {
                "high": 0.011548463632943163,
                "low": 0.011206292735560232
            },
            "pu": {
                "high": 0.005596404574403696,
                "low": 0.0001957140074683952
            }
        },
        "ptbin2": {
            "stats": {
                "high": 0.04827277721917422,
                "low": 0.04629306642694864
            },
            "QCDFlvCompos": {
                "high": 0.005933424889577649,
                "low": 0.005226583724654541
            },
            "l1PreFiring": {
                "high": 0.0,
                "low": 0.0
            },
            "lumi_13TeV": {
                "high": 0.0005966648396384629,
                "low": 0.0007758701553478978
            },
            "extMutagVarRwgt": {
                "high": 0.123,
                "low": 0.123
            },
            "extMutagTau21Variation": {
                "high": 0.08099999999999996,
                "low": 0.08099999999999996
            },
            "jer": {
                "high": 0.0006652790229160992,
                "low": 0.0011454808767923106
            },
            "jes": {
                "high": 0.0006379008639588646,
                "low": 0.0
            },
            "final": {
                "high": 0.15620276878080983,
                "central": 0.7858639359474182,
                "low": 0.15537333449407056
            },
            "fracLight": {
                "high": 0.00633326514062209,
                "low": 0.00516360676421161
            },
            "fracBB": {
                "high": 0.009089189472503256,
                "low": 0.008560842409768328
            },
            "fracCC": {
                "high": 0.01482723330305633,
                "low": 0.013376728446476626
            },
            "pu": {
                "high": 0.00024988150327689854,
                "low": 0.00012348241441393956
            }
        },
        "ptbin3": {
            "stats": {
                "high": 0.08075791176630787,
                "low": 0.05819099501032199
            },
            "QCDFlvCompos": {
                "high": 0.005279892472832713,
                "low": 0.006336865376513521
            },
            "l1PreFiring": {
                "high": 0.0,
                "low": 0.0
            },
            "lumi_13TeV": {
                "high": 9.558920300784289e-05,
                "low": 0.0002520239790241378
            },
            "extMutagVarRwgt": {
                "high": 0.11299999999999999,
                "low": 0.11299999999999999
            },
            "extMutagTau21Variation": {
                "high": 0.3330000000000001,
                "low": 0.3330000000000001
            },
            "jer": {
                "high": 0.004468484264362362,
                "low": 0.004184298515376783
            },
            "jes": {
                "high": 0.005032713309977855,
                "low": 0.0030349443981093644
            },
            "final": {
                "high": 0.36193169771456296,
                "central": 0.7691565155982971,
                "low": 0.3570587862200365
            },
            "fracLight": {
                "high": 0.007402910909808621,
                "low": 0.002157962019981804
            },
            "fracBB": {
                "high": 0.013991288631716834,
                "low": 0.010662246095437653
            },
            "fracCC": {
                "high": 0.021700375509341913,
                "low": 0.015464093249965562
            },
            "pu": {
                "high": 0.004479508480655299,
                "low": 0.004729463421987283
            }
        }
    },
    "medium": {
        "ptbin1": {
            "stats": {
                "high": 0.03644497008656522,
                "low": 0.03400934945187872
            },
            "QCDFlvCompos": {
                "high": 0.0042998243554550255,
                "low": 0.003335136606641545
            },
            "l1PreFiring": {
                "high": 0.0,
                "low": 0.0
            },
            "lumi_13TeV": {
                "high": 0.0008979651784138383,
                "low": 0.001211940658982851
            },
            "extMutagVarRwgt": {
                "high": 0.11599999999999999,
                "low": 0.11599999999999999
            },
            "extMutagTau21Variation": {
                "high": 0.03799999999999992,
                "low": 0.03799999999999992
            },
            "jer": {
                "high": 0.0,
                "low": 0.00017951119122130781
            },
            "jes": {
                "high": 0.001308575985484711,
                "low": 0.0010196427888436957
            },
            "final": {
                "high": 0.12861454385106877,
                "central": 0.8260087966918945,
                "low": 0.12771585679531777
            },
            "fracLight": {
                "high": 0.004323026276783108,
                "low": 0.0031191132769296903
            },
            "fracBB": {
                "high": 0.008142007739942501,
                "low": 0.00855271334410433
            },
            "fracCC": {
                "high": 0.014277223895159702,
                "low": 0.012564857905396692
            },
            "pu": {
                "high": 0.0019100348139624852,
                "low": 0.0005356934086766438
            }
        },
        "ptbin2": {
            "stats": {
                "high": 0.03230805030518591,
                "low": 0.032228947201762614
            },
            "QCDFlvCompos": {
                "high": 0.003954251391602212,
                "low": 0.002748593989897697
            },
            "l1PreFiring": {
                "high": 0.0,
                "low": 0.0
            },
            "lumi_13TeV": {
                "high": 0.000636383339580602,
                "low": 0.0006761226737086322
            },
            "extMutagVarRwgt": {
                "high": 0.125,
                "low": 0.125
            },
            "extMutagTau21Variation": {
                "high": 0.1399999999999999,
                "low": 0.1399999999999999
            },
            "jer": {
                "high": 0.001278258579319251,
                "low": 0.001112884359611349
            },
            "jes": {
                "high": 0.0007312108643040015,
                "low": 0.0006861272571737219
            },