{
    "tight": {
        "ptbin1": {
            "stats": {
                "high": 0.0454667904757412,
                "low": 0.04545710770980693
            },
            "QCDFlvCompos": {
                "high": 0.006776947580307132,
                "low": 0.0
            },
            "l1PreFiring": {
                "high": 0.000479138358216354,
                "low": 0.0
            },
            "lumi_13TeV": {
                "high": 0.0008065376558593798,
                "low": 0.0007936286772733241
            },
            "extMutagVarRwgt": {
                "high": 0.1200000000000001,
                "low": 0.1200000000000001
            },
            "extMutagTau21Variation": {
                "high": 0.08899999999999997,
                "low": 0.08899999999999997
            },
            "jer": {
                "high": 0.0,
                "low": 0.009536383447477217
            },
            "jes": {
                "high": 0.003355763743376549,
                "low": 0.003876405855725046
            },
            "final": {
                "high": 0.15762542169984328,
                "central": 0.9439288377761841,
                "low": 0.1572105854341257
            },
            "fracLight": {
                "high": 0.006049669606676982,
                "low": 0.008451855474657793
            },
            "fracBB": {
                "high": 0.010565048942760873,
                "low": 0.006984412263291051
            },
            "fracCC": {
                "high": 0.015631924059361778,
                "low": 0.010697620881813325
            },
            "pu": {
                "high": 0.0029671111266945673,
                "low": 0.0035152014570645285
            }
        },
        "ptbin2": {
            "stats": {
                "high": 0.04480629166476757,
                "low": 0.04300040350970202
            },
            "QCDFlvCompos": {
                "high": 0.0,
                "low": 0.007181080392814105
            },
            "l1PreFiring": {
                "high": 0.0,
                "low": 0.000880407770289495
            },
            "lumi_13TeV": {
                "high": 0.00032249952355513454,
                "low": 0.0
            },
            "extMutagVarRwgt": {
                "high": 0.1389999999999999,
                "low": 0.1389999999999999
            },
            "extMutagTau21Variation": {
                "high": 0.19699999999999995,
                "low": 0.19699999999999995
            },
            "jer": {
                "high": 0.001641464794199438,
                "low": 0.0013535626589869592
            },
            "jes": {
                "high": 0.0,
                "low": 0.0007470000083900631
            },
            "final": {
                "high": 0.2463072011408095,
                "central": 0.9994506239891052,
                "low": 0.2462086007004834
            },
            "fracLight": {
                "high": 0.010346890253000065,
                "low": 0.011762373367613276
            },
            "fracBB": {
                "high": 0.011771706538047398,
                "low": 0.01200781890909264
            },
            "fracCC": {
                "high": 0.01673486149877595,
                "low": 0.017413288513211597
            },
            "pu": {
                "high": 0.0015830786056906187,
                "low": 0.0
            }
        },
        "ptbin3": {
            "stats": {
                "high": 0.06366951720728864,
                "low": 0.04651446543537163
            },
            "QCDFlvCompos": {
                "high": 0.005280641252251315,
                "low": 0.0
            },
            "l1PreFiring": {
                "high": 0.0013442357600263238,
                "low": 0.0
            },
            "lumi_13TeV": {
                "high": 0.0,
                "low": 0.0
            },
            "extMutagVarRwgt": {
                "high": 0.11499999999999999,
                "low": 0.11499999999999999
            },
            "extMutagTau21Variation": {
                "high": 0.10199999999999998,
                "low": 0.10199999999999998
            },
            "jer": {
                "high": 0.0009108685163359063,
                "low": 0.002427975037822054
            },
            "jes": {
                "high": 0.003665952626650193,
                "low": 0.0
            },
            "final": {
                "high": 0.16722195256983183,
                "central": 0.7996106147766113,
                "low": 0.16132583381525378
            },
            "fracLight": {
                "high": 0.006335034907377432,
                "low": 0.00488306406845486
            },
            "fracBB": {
                "high": 0.005386891453022239,
                "low": 0.007586187150081622
            },
            "fracCC": {
                "high": 0.012579263538107158,
                "low": 0.011562014737211915
            },
            "pu": {
                "high": 0.003004631635356659,
                "low": 0.004316158296961308
            }
        }
    },
    "medium": {
        "ptbin1": {
            "stats": {
                "high": 0.031175000695617294,
                "low": 0.03812900729495361
            },
            "QCDFlvCompos": {
                "high": 0.0013845657843224773,
                "low": 0.0
            },
            "l1PreFiring": {
                "high": 8.431975865213305e-05,
                "low": 0.0001487235744707736
            },
            "lumi_13TeV": {
                "high": 0.0004100146762411028,
                "low": 0.0006350747100236974
            },
            "extMutagVarRwgt": {
                "high": 0.08599999999999985,
                "low": 0.08599999999999985
            },
            "extMutagTau21Variation": {
                "high": 0.10499999999999998,
                "low": 0.10499999999999998
            },
            "jer": {
                "high": 0.0020425350149137593,
                "low": 0.003683096214653219
            },
            "jes": {
                "high": 0.0016505549561406452,
                "low": 0.003724901321630785
            },
            "final": {
                "high": 0.14050056503777797,
                "central": 0.9332075715065002,
                "low": 0.14159705682729934
            },
            "fracLight": {
                "high": 0.007655172682913728,
                "low": 0.006565198406374001
            },
            "fracBB": {
                "high": 0.010294889988056975,
                "low": 0.004837791945181906
            },
            "fracCC": {
                "high": 0.013111184185628236,
                "low": 0.008482132744373864
            },
            "pu": {
                "high": 0.0014317831275509425,
                "low": 0.00313985128469845
            }
        },
        "ptbin2": {
            "stats": {
                "high": 0.028455132260113425,
                "low": 0.02857596783920613
            },
            "QCDFlvCompos": {
                "high": 0.002941742054434388,
                "low": 0.0010378061803213527
            },
            "l1PreFiring": {
                "high": 0.00014397162199825895,
                "low": 0.0002622422667532248
            },
            "lumi_13TeV": {
                "high": 0.0002432112527907954,
                "low": 0.00035070819215076235
            },
            "extMutagVarRwgt": {
                "high": 0.13,
                "low": 0.13
            },
            "extMutagTau21Variation": {
                "high": 0.20699999999999996,
                "low": 0.20699999999999996
            },
            "jer": {
                "high": 0.000521111807298018,
                "low": 0.00044340183516987245
            },
            "jes": {
                "high": 0.001282911742590013,
                "low": 0.0010884384738526166
            },