{
    "tight": {
        "ptbin1": {
            "QCDFlvCompos": {
                "high": 0.017996414933801802,
                "low": 0.015759677381876343
            },
            "tau21_uncertainty_max": {
                "high": 0.10161229862374332,
                "low": 0.10161229862374332
            },
            "reweighting_uncertainty": {
                "high": 0.027202977790826255,
                "low": 0.027202977790826255
            },
            "jer": {
                "high": 0.014689157612850617,
                "low": 0.01396033404166876
            },
            "jes": {
                "high": 0.013696321380978422,
                "low": 0.012003370009861562
            },
            "lumi_13TeV": {
                "high": 0.0028547406319666567,
                "low": 0.0026747863808776434
            },
            "final": {
                "high": 0.1228937840643929,
                "central": 1.0748248100280762,
                "low": 0.12111008630226021
            },
            "fracLight": {
                "high": 0.0052833067576253355,
                "low": 0.004929880773522067
            },
            "fracBB": {
                "high": 0.03343290560869006,
                "low": 0.029369270846240112
            },
            "fracCC": {
                "high": 0.01995118836118628,
                "low": 0.017574335276452174
            },
            "pu": {
                "high": 0.0025033081238547516,
                "low": 0.0012703023845075647
            },
            "l1PreFiring": {
                "high": 0.001006700300925488,
                "low": 0.0007034305854238083
            },
            "psWeightIsr": {
                "high": 0.0011246613423602787,
                "low": 0.0012788748629704468
            },
            "psWeightFsr": {
                "high": 0.01864108714944574,
                "low": 0.0181779595281925
            },
            "stats": {
                "high": 0.037452402446568334,
                "low": 0.03844737662297293
            }
        },
        "ptbin2": {
            "QCDFlvCompos": {
                "high": 0.002670499641034513,
                "low": 0.00200811089591416
            },
            "tau21_uncertainty_max": {
                "high": 0.19749308995655568,
                "low": 0.19749308995655568
            },
            "reweighting_uncertainty": {
                "high": 0.007906187565880574,
                "low": 0.007906187565880574
            },
            "jer": {
                "high": 0.006465019279311819,
                "low": 0.005511062337025331
            },
            "jes": {
                "high": 0.011965591754287753,
                "low": 0.011562106394171018
            },
            "lumi_13TeV": {
                "high": 0.00503584603273233,
                "low": 0.004575432230214934
            },
            "final": {
                "high": 0.2063600258738221,
                "central": 1.1229002475738525,
                "low": 0.2050681240337777
            },
            "fracLight": {
                "high": 0.0031412500672495357,
                "low": 0.002586618526543357
            },
            "fracBB": {
                "high": 0.04197673029807595,
                "low": 0.03758564559832788
            },
            "fracCC": {
                "high": 0.021312160608471593,
                "low": 0.019164617157927666
            },
            "pu": {
                "high": 0.007716047102086508,
                "low": 0.007041335700863332
            },
            "l1PreFiring": {
                "high": 0.0004837273432446627,
                "low": 0.0005914948552876969
            },
            "psWeightIsr": {
                "high": 0.010143341604980727,
                "low": 0.008173698210969527
            },
            "psWeightFsr": {
                "high": 0.0009473381893800491,
                "low": 0.0008968566931304331
            },
            "stats": {
                "high": 0.030187596632240243,
                "low": 0.02989461557301687
            }
        },
        "ptbin3": {
            "QCDFlvCompos": {
                "high": 0.003240094506270618,
                "low": 0.004476059249078857
            },
            "tau21_uncertainty_max": {
                "high": 0.336355169663744,
                "low": 0.336355169663744
            },
            "reweighting_uncertainty": {
                "high": 0.036831037083932205,
                "low": 0.036831037083932205
            },
            "jer": {
                "high": 0.00384576281949159,
                "low": 0.0028709653804872
            },
            "jes": {
                "high": 0.013197012117334803,
                "low": 0.012664902103472025
            },
            "lumi_13TeV": {
                "high": 0.005970432835450273,
                "low": 0.005604849434482815
            },
            "final": {
                "high": 0.3457001924866749,
                "central": 0.8429272770881653,
                "low": 0.34432857811610723
            },
            "fracLight": {
                "high": 0.0026707601761297066,
                "low": 0.00221290882386569
            },
            "fracBB": {
                "high": 0.041326715834906026,
                "low": 0.034815967606882936
            },
            "fracCC": {
                "high": 0.01592515591233704,
                "low": 0.014006050802516894
            },
            "pu": {
                "high": 0.002663930133295205,
                "low": 0.0018528340727440025
            },
            "l1PreFiring": {
                "high": 0.00093300424299024,
                "low": 0.0
            },
            "psWeightIsr": {
                "high": 0.0005374645246473104,
                "low": 0.001031783568669798
            },
            "psWeightFsr": {
                "high": 0.02284910136895362,
                "low": 0.017146786718008077
            },
            "stats": {
                "high": 0.04778309342615639,
                "low": 0.04625332077192412
            }
        }
    },
    "medium": {
        "ptbin1": {
            "QCDFlvCompos": {
                "high": 0.012798517651158354,
                "low": 0.010694156511117424
            },
            "tau21_uncertainty_max": {
                "high": 0.09027583228294478,
                "low": 0.09027583228294478
            },
            "reweighting_uncertainty": {
                "high": 0.036676365085634766,
                "low": 0.036676365085634766
            },
            "jer": {
                "high": 0.06112137102545773,
                "low": 0.009428169621625614
            },
            "jes": {
                "high": 0.012670492543552965,
                "low": 0.010413849977362407
            },
            "lumi_13TeV": {
                "high": 0.000695249108731026,
                "low": 0.0006206683328592336
            },
            "final": {
                "high": 0.12500190089792393,
                "central": 0.9565715193748474,
                "low": 0.10799190000064272
            },
            "fracLight": {
                "high": 0.005608761980460132,
                "low": 0.005374945653424742
            },
            "fracBB": {
                "high": 0.0273162825472502,
                "low": 0.02380420659126229
            },
            "fracCC": {
                "high": 0.01661637547033441,
                "low": 0.015138721239057308
            },
            "pu": {
                "high": 0.002217895729646555,
                "low": 0.0018269983762747644
            },
            "l1PreFiring": {
                "high": 0.0,
                "low": 0.0005996003949747977
            },
            "psWeightIsr": {
                "high": 0.001445957638241224,
                "low": 0.002259399556297309
            },