{
    "tight": {
        "ptbin1": {
            "QCDFlvCompos": {
                "high": 0.0002503099669876879,
                "low": 0.0019839278620837537
            },
            "tau21_uncertainty_max": {
                "high": 0.11681263264831088,
                "low": 0.11681263264831088
            },
            "reweighting_uncertainty": {
                "high": 0.03773430001320821,
                "low": 0.03773430001320821
            },
            "jer": {
                "high": 0.015401162198389452,
                "low": 0.010177814288376668
            },
            "jes": {
                "high": 0.0,
                "low": 0.002821906533372292
            },
            "lumi_13TeV": {
                "high": 0.003735004213446945,
                "low": 0.0035680953367991136
            },
            "final": {
                "high": 0.14446433130185612,
                "central": 0.8369214534759521,
                "low": 0.13992656377515847
            },
            "fracLight": {
                "high": 0.04234648233198419,
                "low": 0.03593305197520186
            },
            "fracBB": {
                "high": 0.04063161916789835,
                "low": 0.033913126059871
            },
            "fracCC": {
                "high": 0.027731641806260476,
                "low": 0.02519804832566695
            },
            "pu": {
                "high": 0.009611734552925457,
                "low": 0.008058500530283468
            },
            "psWeightIsr": {
                "high": 0.003519122647167283,
                "low": 0.0019188264189744513
            },
            "psWeightFsr": {
                "high": 0.003841968121176074,
                "low": 0.004586098620205004
            },
            "stats": {
                "high": 0.03588564623316115,
                "low": 0.0348751596833099
            },
            "l1PreFiring": {
                "high": 0.0,
                "low": 0.0
            }
        },
        "ptbin2": {
            "QCDFlvCompos": {
                "high": 0.023140969695069864,
                "low": 0.018247802500122312
            },
            "tau21_uncertainty_max": {
                "high": 0.060135239914492766,
                "low": 0.060135239914492766
            },
            "reweighting_uncertainty": {
                "high": 0.024493667160285115,
                "low": 0.024493667160285115
            },
            "jer": {
                "high": 0.004502344044977422,
                "low": 0.0035309392303079293
            },
            "jes": {
                "high": 0.008160676591363884,
                "low": 0.008005487025470971
            },
            "lumi_13TeV": {
                "high": 0.005397804591429801,
                "low": 0.004926688210483815
            },
            "final": {
                "high": 0.11322133532349896,
                "central": 0.9100431203842163,
                "low": 0.10312069601941921
            },
            "fracLight": {
                "high": 0.05073494712337846,
                "low": 0.04283250315878646
            },
            "fracBB": {
                "high": 0.05086486503486835,
                "low": 0.040748535752036276
            },
            "fracCC": {
                "high": 0.03146810966476401,
                "low": 0.029034493113867067
            },
            "pu": {
                "high": 0.013156079304244494,
                "low": 0.010144581918508085
            },
            "psWeightIsr": {
                "high": 0.015332327097389036,
                "low": 0.014988928294780922
            },
            "psWeightFsr": {
                "high": 0.0034673542148230727,
                "low": 0.001268374170590442
            },
            "stats": {
                "high": 0.03714402969667174,
                "low": 0.03628530914711181
            },
            "l1PreFiring": {
                "high": 0.0,
                "low": 0.0
            }
        },
        "ptbin3": {
            "QCDFlvCompos": {
                "high": 0.008503751373514105,
                "low": 0.007744566769987141
            },
            "tau21_uncertainty_max": {
                "high": 0.06206624903128721,
                "low": 0.06206624903128721
            },
            "reweighting_uncertainty": {
                "high": 0.026165468055342256,
                "low": 0.026165468055342256
            },
            "jer": {
                "high": 0.003294782499530757,
                "low": 0.00282941194794573
            },
            "jes": {
                "high": 0.003759812417810993,
                "low": 0.0036669284929775
            },
            "lumi_13TeV": {
                "high": 0.007059132283405332,
                "low": 0.006588506412945145
            },
            "final": {
                "high": 0.12186851933694523,
                "central": 0.8192974328994751,
                "low": 0.1089674119831227
            },
            "fracLight": {
                "high": 0.0565935351623187,
                "low": 0.04583421895987315
            },
            "fracBB": {
                "high": 0.059570262839604586,
                "low": 0.04599205622514033
            },
            "fracCC": {
                "high": 0.03361178450019696,
                "low": 0.029323311569059148
            },
            "pu": {
                "high": 0.0002927986375108959,
                "low": 0.0005337490770909408
            },
            "psWeightIsr": {
                "high": 0.0015707704972834481,
                "low": 0.0009859622341466523
            },
            "psWeightFsr": {
                "high": 0.01907001047367673,
                "low": 0.018273653721329244
            },
            "stats": {
                "high": 0.04382388910352131,
                "low": 0.04243963152989205
            },
            "l1PreFiring": {
                "high": 0.0,
                "low": 0.0
            }
        }
    },
    "medium": {
        "ptbin1": {
            "QCDFlvCompos": {
                "high": 0.0030544195200610377,
                "low": 0.0012257843016982115
            },
            "tau21_uncertainty_max": {
                "high": 0.07901626790836258,
                "low": 0.07901626790836258
            },
            "reweighting_uncertainty": {
                "high": 0.05993131813260222,
                "low": 0.05993131813260222
            },
            "jer": {
                "high": 0.007765289795228824,
                "low": 0.006803718503285286
            },
            "jes": {
                "high": 0.03322269887709869,
                "low": 0.0
            },
            "lumi_13TeV": {
                "high": 0.0032765172016052495,
                "low": 0.0031907286785865076
            },
            "final": {
                "high": 0.1235710621162625,
                "central": 0.8135389089584351,
                "low": 0.11466446754188174
            },
            "fracLight": {
                "high": 0.04033654035019853,
                "low": 0.034251505345247166
            },
            "fracBB": {
                "high": 0.036289040068103386,
                "low": 0.029815545898040318
            },
            "fracCC": {
                "high": 0.024163116170097827,
                "low": 0.022095383414920875
            },
            "pu": {
                "high": 0.007599859430688173,
                "low": 0.00615539403682323
            },
            "psWeightIsr": {
                "high": 0.00999584538592071,
                "low": 0.007703180042924424
            },
            "psWeightFsr": {
                "high": 0.006579819894025635,
                "low": 0.01028784811531378
            },
            "stats": {
                "high": 0.02283868423714852,
                "low": 0.022417609174770425
            },