{
    "tight": {},
    "medium": {
        "ptbin1": {
            "stats": {
                "high": 0.002574324607849121,
                "low": 0.3641403376817993
            },
            "QCDFlvCompos": {
                "high": 0.0,
                "low": 0.12289311314324487
            },
            "l1PreFiring": {
                "high": 9.597828555335743e-05,
                "low": 0.003814104580574945
            },
            "lumi_13TeV": {
                "high": 3.5036987223761264e-05,
                "low": 0.0
            },
            "extMutagVarRwgt": {
                "high": 0.0,
                "low": 0.0
            },
            "extMutagTau21Variation": {
                "high": 0.0,
                "low": 0.0
            },
            "jer": {
                "high": 0.00010526173517088923,
                "low": 0.08347089875749282
            },
            "jes": {
                "high": 0.0001445815556201723,
                "low": 0.028491599114150643
            },
            "final": {
                "high": 0.0016639232635498047,
                "central": 1.9783360958099365,
                "low": 0.4198004117367584
            },
            "fracLight": {
                "high": 0.0,
                "low": 0.12013904219462491
            },
            "fracBB": {
                "high": 0.00023435003102739558,
                "low": 0.007461913864206752
            },
            "fracCC": {
                "high": 0.0,
                "low": 0.07354248757581439
            },
            "pu": {
                "high": 4.29138540962909e-05,
                "low": 0.028987931112108442
            }
        },
        "ptbin2": {
            "stats": {
                "high": 0.5437028687600565,
                "low": 0.2677045093869522
            },
            "QCDFlvCompos": {
                "high": 0.06445441497279562,
                "low": 0.013253112335684132
            },
            "l1PreFiring": {
                "high": 0.008014519382977483,
                "low": 0.001157432216771654
            },
            "lumi_13TeV": {
                "high": 0.003440750220348859,
                "low": 0.001464117667630911
            },
            "extMutagVarRwgt": {
                "high": 0.0,
                "low": 0.0
            },
            "extMutagTau21Variation": {
                "high": 0.0,
                "low": 0.0
            },
            "jer": {
                "high": 0.053253726765407995,
                "low": 0.00391499201728807
            },
            "jes": {
                "high": 0.09879716213823957,
                "low": 0.029552577023147723
            },
            "final": {
                "high": 0.5727488016381073,
                "central": 0.7827926278114319,
                "low": 0.27434098824362685
            },
            "fracLight": {
                "high": 0.11220219559548174,
                "low": 0.03995651657181529
            },
            "fracBB": {
                "high": 0.021899225590309546,
                "low": 0.013380393366850348
            },
            "fracCC": {
                "high": 0.022970058907853617,
                "low": 0.007891309461901181
            },
            "pu": {
                "high": 0.0447723837020305,
                "low": 0.026298903560495922
            }
        },
        "ptbin3": {
            "stats": {
                "high": 0.2952337450646694,
                "low": 1.419080477207899
            },
            "QCDFlvCompos": {
                "high": 0.10171722556348813,
                "low": 0.0
            },
            "l1PreFiring": {
                "high": 0.0021776842337974246,
                "low": 0.0
            },
            "lumi_13TeV": {
                "high": 0.0005470428731681471,
                "low": 0.0
            },
            "extMutagVarRwgt": {
                "high": 0.0,
                "low": 0.0
            },
            "extMutagTau21Variation": {
                "high": 0.0,
                "low": 0.0
            },
            "jer": {
                "high": 0.01901473135992244,
                "low": 0.0
            },
            "jes": {
                "high": 0.01463109178120414,
                "low": 0.0
            },
            "final": {
                "high": 0.3977444190768893,
                "central": 1.4385935068130493,
                "low": 1.4185935072600842
            },
            "fracLight": {
                "high": 0.16146003324707817,
                "low": 0.017125993415043277
            },
            "fracBB": {
                "high": 0.050318901452740705,
                "low": 0.0
            },
            "fracCC": {
                "high": 0.17742714811261728,
                "low": 0.006397788759472039
            },
            "pu": {
                "high": 0.005372822229176458,
                "low": 0.0
            }
        }
    },
    "loose": {
        "ptbin1": {
            "stats": {
                "high": 0.0,
                "low": 0.4213488348692589
            },
            "QCDFlvCompos": {
                "high": 0.0,
                "low": 0.04084170705521333
            },
            "l1PreFiring": {
                "high": 0.0,
                "low": 0.0056173130818354695
            },
            "lumi_13TeV": {
                "high": 0.0,
                "low": 0.011658466048772041
            },
            "extMutagVarRwgt": {
                "high": 0.0,
                "low": 0.0
            },
            "extMutagTau21Variation": {
                "high": 0.0,
                "low": 0.0
            },
            "jer": {
                "high": 0.0,
                "low": 0.0025166420658426303
            },
            "jes": {
                "high": 0.0,
                "low": 0.09889164420760342
            },
            "final": {
                "high": 0.0,
                "central": 1.9999666213989258,
                "low": 0.506903358035506
            },
            "fracLight": {
                "high": 0.0,
                "low": 0.11786810818432365
            },
            "fracBB": {
                "high": 0.0,
                "low": 0.09391649385258097
            },
            "fracCC": {
                "high": 0.0,
                "low": 0.2099681295598993
            },
            "pu": {
                "high": 0.0,
                "low": 0.03154282348126144
            }
        },
        "ptbin2": {
            "stats": {
                "high": 0.533863294649344,
                "low": 0.5554165552718732
            },
            "QCDFlvCompos": {
                "high": 0.0,
                "low": 0.05900445218538619
            },
            "l1PreFiring": {
                "high": 0.0,
                "low": 0.006947864533504829
            },
            "lumi_13TeV": {
                "high": 0.015491169905328417,
                "low": 0.01910692073053757
            },
            "extMutagVarRwgt": {
                "high": 0.0,
                "low": 0.0
            },
            "extMutagTau21Variation": {
                "high": 0.0,
                "low": 0.0
            },
            "jer": {
                "high": 0.0,
                "low": 0.008480999778526892
            },
            "jes": {
                "high": 0.08549389548004868,
                "low": 0.1493912212209834
            },
            "final": {
                "high": 0.540830135345459,
                "central": 1.4391698837280273,
                "low": 0.6087151668572715
            },
            "fracLight": {
                "high": 0.0041884497097397395,
                "low": 0.15390252335093152
            },
            "fracBB": {
                "high": 0.0,
                "low": 0.01178168264864765
            },
            "fracCC": {
                "high": 0.0026635486068761908,