{
    "tight": {
        "ptbin1": {
            "stats": {
                "high": 0.060201590304043706,
                "low": 0.05715445235288552
            },
            "QCDFlvCompos": {
                "high": 0.0,
                "low": 0.001200966454959278
            },
            "l1PreFiring": {
                "high": 0.0005622807445795943,
                "low": 0.0006569786007766296
            },
            "lumi_13TeV": {
                "high": 0.0013143471442670302,
                "low": 0.0013189954257467808
            },
            "extMutagVarRwgt": {
                "high": 0.05800000000000005,
                "low": 0.05800000000000005
            },
            "extMutagTau21Variation": {
                "high": 0.30399999999999994,
                "low": 0.30399999999999994
            },
            "jer": {
                "high": 0.002622211205584674,
                "low": 0.0025928492717651732
            },
            "jes": {
                "high": 0.0059894126018230935,
                "low": 0.005505963450312445
            },
            "final": {
                "high": 0.3167780497968736,
                "central": 0.872130811214447,
                "low": 0.3159281334808093
            },
            "fracLight": {
                "high": 0.006411809992354563,
                "low": 0.00659424311401845
            },
            "fracBB": {
                "high": 0.017745402738358868,
                "low": 0.01618253226284129
            },
            "fracCC": {
                "high": 0.021673151175831448,
                "low": 0.019044499278883697
            },
            "pu": {
                "high": 0.008593438399832641,
                "low": 0.007433072335079194
            }
        },
        "ptbin2": {
            "stats": {
                "high": 0.16334376513831184,
                "low": 0.14064687372407436
            },
            "QCDFlvCompos": {
                "high": 0.05808417488621227,
                "low": 0.02552356666295742
            },
            "l1PreFiring": {
                "high": 0.027890365063049455,
                "low": 0.010856425571941304
            },
            "lumi_13TeV": {
                "high": 0.04315082596894644,
                "low": 0.04559044385836241
            },
            "extMutagVarRwgt": {
                "high": 0.118,
                "low": 0.118
            },
            "extMutagTau21Variation": {
                "high": 0.05300000000000005,
                "low": 0.05300000000000005
            },
            "jer": {
                "high": 0.0951363368359081,
                "low": 0.16453231868360443
            },
            "jes": {
                "high": 0.0,
                "low": 0.017304983462751458
            },
            "final": {
                "high": 0.24173035549527647,
                "central": 0.8254098892211914,
                "low": 0.2709197800414642
            },
            "fracLight": {
                "high": 0.009181853528940903,
                "low": 0.05464328636659961
            },
            "fracBB": {
                "high": 0.05512493088410426,
                "low": 0.06692804827764509
            },
            "fracCC": {
                "high": 0.0,
                "low": 0.0
            },
            "pu": {
                "high": 0.0,
                "low": 0.0
            }
        },
        "ptbin3": {
            "stats": {
                "high": 0.07521873244748811,
                "low": 0.07090033487876901
            },
            "QCDFlvCompos": {
                "high": 0.007702709554538069,
                "low": 0.004988050826299614
            },
            "l1PreFiring": {
                "high": 0.0011518830872506338,
                "low": 0.000733268831847774
            },
            "lumi_13TeV": {
                "high": 0.00023242434068824542,
                "low": 0.0
            },
            "extMutagVarRwgt": {
                "high": 0.05700000000000005,
                "low": 0.05700000000000005
            },
            "extMutagTau21Variation": {
                "high": 0.07099999999999995,
                "low": 0.07099999999999995
            },
            "jer": {
                "high": 0.0009542701380546094,
                "low": 0.0010046527728458795
            },
            "jes": {
                "high": 0.0,
                "low": 0.00045626274447363365
            },
            "final": {
                "high": 0.12261458640866749,
                "central": 0.8501214981079102,
                "low": 0.11842916363208388
            },
            "fracLight": {
                "high": 0.006030923649768173,
                "low": 0.00465871545561246
            },
            "fracBB": {
                "high": 0.01535629979279809,
                "low": 0.013379119427320939
            },
            "fracCC": {
                "high": 0.027397880502612656,
                "low": 0.021916959643798785
            },
            "pu": {
                "high": 0.0014417435330289993,
                "low": 0.0010726943091985193
            }
        }
    },
    "medium": {
        "ptbin1": {
            "stats": {
                "high": 0.04048454926994416,
                "low": 0.03988051903075995
            },
            "QCDFlvCompos": {
                "high": 0.0,
                "low": 0.001359358283439989
            },
            "l1PreFiring": {
                "high": 0.0008315486365829084,
                "low": 0.0018043156832440864
            },
            "lumi_13TeV": {
                "high": 0.001195751134160874,
                "low": 0.0011780546103158317
            },
            "extMutagVarRwgt": {
                "high": 0.062000000000000055,
                "low": 0.062000000000000055
            },
            "extMutagTau21Variation": {
                "high": 0.17999999999999994,
                "low": 0.17999999999999994
            },
            "jer": {
                "high": 0.00420137207260321,
                "low": 0.0019022351699784334
            },
            "jes": {
                "high": 0.0004264154405606211,
                "low": 0.003872309902009666
            },
            "final": {
                "high": 0.19669654070250747,
                "central": 0.9499739408493042,
                "low": 0.19616297792392648
            },
            "fracLight": {
                "high": 0.008040404018924122,
                "low": 0.008439674518105289
            },
            "fracBB": {
                "high": 0.014120621848533157,
                "low": 0.009849425428189113
            },
            "fracCC": {
                "high": 0.022228100819287007,
                "low": 0.020866532388585927
            },
            "pu": {
                "high": 0.005420126782951346,
                "low": 0.004086825583213248
            }
        },
        "ptbin2": {
            "stats": {
                "high": 0.03914911950726141,
                "low": 0.03805240084539929
            },
            "QCDFlvCompos": {
                "high": 0.0032901705418840205,
                "low": 0.0020759140800143015
            },
            "l1PreFiring": {
                "high": 0.0014994701307847293,
                "low": 0.0014458941617680127
            },
            "lumi_13TeV": {
                "high": 0.0006449888164256707,
                "low": 0.0006989720707960076
            },
            "extMutagVarRwgt": {
                "high": 0.05699999999999994,
                "low": 0.05699999999999994
            },
            "extMutagTau21Variation": {
                "high": 0.11299999999999999,
                "low": 0.11299999999999999
            },
            "jer": {
                "high": 0.0003726991386559119,
                "low": 0.00031851257401207525
            },
            "jes": {
                "high": 0.000794348127569126,