{
    "tight": {
        "ptbin1": {
            "stats": {
                "high": 0.03078034740707214,
                "low": 0.029552655060021804
            },
            "QCDFlvCompos": {
                "high": 0.013775460752530923,
                "low": 0.013438458430680221
            },
            "l1PreFiring": {
                "high": 0.0,
                "low": 0.0
            },
            "lumi_13TeV": {
                "high": 0.0,
                "low": 0.0002475230972455459
            },
            "extMutagVarRwgt": {
                "high": 0.15200000000000002,
                "low": 0.15200000000000002
            },
            "extMutagTau21Variation": {
                "high": 0.28800000000000003,
                "low": 0.28800000000000003
            },
            "jer": {
                "high": 0.0030826042685795645,
                "low": 0.002754024463596467
            },
            "jes": {
                "high": 0.0018235817038852503,
                "low": 0.0016385428466385926
            },
            "final": {
                "high": 0.32798100831330795,
                "central": 0.8613231778144836,
                "low": 0.32793647476117094
            },
            "fracLight": {
                "high": 0.009382057159417737,
                "low": 0.0
            },
            "fracBB": {
                "high": 0.00763120534198031,
                "low": 0.008118913358641334
            },
            "fracCC": {
                "high": 0.014842300632270548,
                "low": 0.018873921239180958
            },
            "pu": {
                "high": 0.002640365988504331,
                "low": 0.003966771422403288
            }
        },
        "ptbin2": {
            "stats": {
                "high": 0.029151779172197134,
                "low": 0.013252317905426025
            },
            "QCDFlvCompos": {
                "high": 0.0,
                "low": 0.01843653203859635
            },
            "l1PreFiring": {
                "high": 0.0,
                "low": 0.0002682881006196932
            },
            "lumi_13TeV": {
                "high": 0.0005286545059914428,
                "low": 0.0
            },
            "extMutagVarRwgt": {
                "high": 0.13,
                "low": 0.13
            },
            "extMutagTau21Variation": {
                "high": 0.19800000000000006,
                "low": 0.19800000000000006
            },
            "jer": {
                "high": 0.004718157903581607,
                "low": 0.0
            },
            "jes": {
                "high": 0.001208543953805957,
                "low": 0.0
            },
            "final": {
                "high": 0.2395819003391883,
                "central": 0.8332845568656921,
                "low": 0.24021201139228102
            },
            "fracLight": {
                "high": 0.008401443746609255,
                "low": 0.012631523465872912
            },
            "fracBB": {
                "high": 0.008886844590625944,
                "low": 0.022501767537890467
            },
            "fracCC": {
                "high": 0.019318962789799606,
                "low": 0.020511832442428456
            },
            "pu": {
                "high": 0.004155368739333664,
                "low": 0.0
            }
        },
        "ptbin3": {
            "stats": {
                "high": 0.03261856212368719,
                "low": 0.032639520387124366
            },
            "QCDFlvCompos": {
                "high": 0.01459132626430436,
                "low": 0.00860965519845961
            },
            "l1PreFiring": {
                "high": 7.311914318238515e-05,
                "low": 0.00011420685040821421
            },
            "lumi_13TeV": {
                "high": 6.94238949147233e-05,
                "low": 0.0
            },
            "extMutagVarRwgt": {
                "high": 0.15700000000000003,
                "low": 0.15700000000000003
            },
            "extMutagTau21Variation": {
                "high": 0.13,
                "low": 0.13
            },
            "jer": {
                "high": 0.0011722599735574744,
                "low": 0.0010191988951643218
            },
            "jes": {
                "high": 0.0,
                "low": 0.00038672493147662675
            },
            "final": {
                "high": 0.20902548933452014,
                "central": 0.8814095854759216,
                "low": 0.20835325905316177
            },
            "fracLight": {
                "high": 0.01912157497422147,
                "low": 0.0033944961370979067
            },
            "fracBB": {
                "high": 0.012639825120641345,
                "low": 0.01021271268697179
            },
            "fracCC": {
                "high": 0.018410245964839905,
                "low": 0.024575394376262695
            },
            "pu": {
                "high": 0.00039905423739034916,
                "low": 0.0012819134218393625
            }
        }
    },
    "medium": {
        "ptbin1": {
            "stats": {
                "high": 0.007699906826019287,
                "low": 0.012213663207800596
            },
            "QCDFlvCompos": {
                "high": 0.009792731739373207,
                "low": 0.008385303878294736
            },
            "l1PreFiring": {
                "high": 0.0,
                "low": 0.0
            },
            "lumi_13TeV": {
                "high": 0.0,
                "low": 0.00023271716672327864
            },
            "extMutagVarRwgt": {
                "high": 0.14200000000000002,
                "low": 0.14200000000000002
            },
            "extMutagTau21Variation": {
                "high": 0.18700000000000006,
                "low": 0.18700000000000006
            },
            "jer": {
                "high": 0.0,
                "low": 0.0017347141533146575
            },
            "jes": {
                "high": 0.0,
                "low": 0.00021589261277888015
            },
            "final": {
                "high": 0.2362982969506447,
                "central": 0.8523033857345581,
                "low": 0.23661428036661938
            },
            "fracLight": {
                "high": 0.0,
                "low": 0.012109490688223394
            },
            "fracBB": {
                "high": 0.014924176529938379,
                "low": 0.009901191743179084
            },
            "fracCC": {
                "high": 0.018280420368670003,
                "low": 0.019259930263792968
            },
            "pu": {
                "high": 0.0,
                "low": 0.003924377247697324
            }
        },
        "ptbin2": {
            "stats": {
                "high": 0.020514754605475805,
                "low": 0.0029829740524291992
            },
            "QCDFlvCompos": {
                "high": 0.006710444721913993,
                "low": 0.009493331027951258
            },
            "l1PreFiring": {
                "high": 8.62486471125443e-05,
                "low": 0.0
            },
            "lumi_13TeV": {
                "high": 0.0001581985934101396,
                "low": 0.0
            },
            "extMutagVarRwgt": {
                "high": 0.139,
                "low": 0.139
            },
            "extMutagTau21Variation": {
                "high": 0.15000000000000002,
                "low": 0.15000000000000002
            },
            "jer": {
                "high": 0.002854466070712224,
                "low": 0.0
            },
            "jes": {
                "high": 0.0008448400695947176,
                "low": 1.8857029442557048e-05
            },
            "final": {
                "high": 0.20698451487364636,
                "central": 0.8629336357116699,
                "low": 0.20697865931813103
            },