{
    "tight": {
        "ptbin1": {
            "QCDFlvCompos": {
                "high": 0.03283041414589886,
                "low": 0.023514198390874243
            },
            "tau21_uncertainty_max": {
                "high": 0.19712438473628446,
                "low": 0.19712438473628446
            },
            "reweighting_uncertainty": {
                "high": 0.10981252053928281,
                "low": 0.10981252053928281
            },
            "jer": {
                "high": 0.0024567918518967518,
                "low": 0.0006795479655145182
            },
            "jes": {
                "high": 0.0070553578230025055,
                "low": 0.0073584903917314716
            },
            "lumi_13TeV": {
                "high": 0.004647875175551589,
                "low": 0.004379545738101388
            },
            "final": {
                "high": 0.24296362938709,
                "central": 0.9102036356925964,
                "low": 0.23832704604323812
            },
            "fracLight": {
                "high": 0.0435415014112219,
                "low": 0.036519103139782946
            },
            "fracBB": {
                "high": 0.04334711464556621,
                "low": 0.03502126651888516
            },
            "fracCC": {
                "high": 0.0274193192045123,
                "low": 0.02464512684778005
            },
            "pu": {
                "high": 0.002784686092614844,
                "low": 0.001764175553212841
            },
            "l1PreFiring": {
                "high": 0.003251347016035468,
                "low": 0.0028484739497179274
            },
            "psWeightIsr": {
                "high": 0.0037248667894525145,
                "low": 0.0021761716242039266
            },
            "psWeightFsr": {
                "high": 0.022891666675718108,
                "low": 0.01761685228649593
            },
            "stats": {
                "high": 0.04331716997360924,
                "low": 0.041981298586578286
            }
        },
        "ptbin2": {
            "QCDFlvCompos": {
                "high": 0.009797679970972585,
                "low": 0.005702562532954308
            },
            "tau21_uncertainty_max": {
                "high": 0.10686872395819114,
                "low": 0.10686872395819114
            },
            "reweighting_uncertainty": {
                "high": 0.009557378194574029,
                "low": 0.009557378194574029
            },
            "jer": {
                "high": 0.005163121723306207,
                "low": 0.0037684341825982063
            },
            "jes": {
                "high": 0.006248419813627745,
                "low": 0.0036789297385550587
            },
            "lumi_13TeV": {
                "high": 0.0065738081319374935,
                "low": 0.006221138900842487
            },
            "final": {
                "high": 0.15028938926132654,
                "central": 0.9452818036079407,
                "low": 0.13992477730266223
            },
            "fracLight": {
                "high": 0.06073194933373449,
                "low": 0.05002680416130272
            },
            "fracBB": {
                "high": 0.05838169566274517,
                "low": 0.04605146159751338
            },
            "fracCC": {
                "high": 0.03785917008558469,
                "low": 0.03363494437030816
            },
            "pu": {
                "high": 0.006572743690739403,
                "low": 0.00492893751885734
            },
            "l1PreFiring": {
                "high": 0.0032428241238653143,
                "low": 0.0032120052821235177
            },
            "psWeightIsr": {
                "high": 0.01180323035557591,
                "low": 0.010986019021820696
            },
            "psWeightFsr": {
                "high": 0.005771697678684243,
                "low": 0.009063496464588981
            },
            "stats": {
                "high": 0.04597029907586969,
                "low": 0.044447041950560595
            }
        },
        "ptbin3": {
            "QCDFlvCompos": {
                "high": 0.005411611188281007,
                "low": 0.003821045708834904
            },
            "tau21_uncertainty_max": {
                "high": 0.09511758642379509,
                "low": 0.09511758642379509
            },
            "reweighting_uncertainty": {
                "high": 0.034569246913425,
                "low": 0.034569246913425
            },
            "jer": {
                "high": 0.001598215428452503,
                "low": 0.0016862805105565457
            },
            "jes": {
                "high": 0.0037110490963315175,
                "low": 0.0027564238246917333
            },
            "lumi_13TeV": {
                "high": 0.007916972615050718,
                "low": 0.007260371151769483
            },
            "final": {
                "high": 0.1410068193832831,
                "central": 0.770135760307312,
                "low": 0.13023455332023923
            },
            "fracLight": {
                "high": 0.05466818153209686,
                "low": 0.0433304168183322
            },
            "fracBB": {
                "high": 0.054910234839344325,
                "low": 0.04137797253664496
            },
            "fracCC": {
                "high": 0.031368072042429765,
                "low": 0.026724992365451006
            },
            "pu": {
                "high": 0.0010751913358283782,
                "low": 0.0015828796274812774
            },
            "l1PreFiring": {
                "high": 0.0005601536898635893,
                "low": 0.0010218013765956292
            },
            "psWeightIsr": {
                "high": 0.011202681211992117,
                "low": 0.00939168791804156
            },
            "psWeightFsr": {
                "high": 0.001485539752451611,
                "low": 0.0013210450598679197
            },
            "stats": {
                "high": 0.04914639615773253,
                "low": 0.04736571130728573
            }
        }
    },
    "medium": {
        "ptbin1": {
            "QCDFlvCompos": {
                "high": 0.03099355186832731,
                "low": 0.02202463402097041
            },
            "tau21_uncertainty_max": {
                "high": 0.15476102233813982,
                "low": 0.15476102233813982
            },
            "reweighting_uncertainty": {
                "high": 0.10823513403850094,
                "low": 0.10823513403850094
            },
            "jer": {
                "high": 0.0014236066852150967,
                "low": 0.0
            },
            "jes": {
                "high": 0.009043530901032734,
                "low": 0.00966671761266327
            },
            "lumi_13TeV": {
                "high": 0.003909909251984654,
                "low": 0.003846541438101336
            },
            "final": {
                "high": 0.20392219528521385,
                "central": 0.8870862126350403,
                "low": 0.19921633805338096
            },
            "fracLight": {
                "high": 0.042017385317167685,
                "low": 0.03567178681348738
            },
            "fracBB": {
                "high": 0.0383432860947007,
                "low": 0.031349145674279516
            },
            "fracCC": {
                "high": 0.024431919660601237,
                "low": 0.022482571539064224
            },
            "pu": {
                "high": 0.0030210429702417054,
                "low": 0.0019705140299719147
            },
            "l1PreFiring": {
                "high": 0.003942646048425811,
                "low": 0.0031757781778783147
            },
            "psWeightIsr": {
                "high": 0.005515802722373925,
                "low": 0.004168169835089873
            },