{
    "tight": {
        "ptbin1": {
            "stats": {
                "high": 0.03877684130988501,
                "low": 0.06488886326304288
            },
            "QCDFlvCompos": {
                "high": 0.019819730594561977,
                "low": 0.005810784819022789
            },
            "l1PreFiring": {
                "high": 0.0027072608658798227,
                "low": 0.0
            },
            "lumi_13TeV": {
                "high": 0.0,
                "low": 0.0010569416849332484
            },
            "extMutagVarRwgt": {
                "high": 0.17800000000000016,
                "low": 0.17800000000000016
            },
            "extMutagTau21Variation": {
                "high": 0.19500000000000006,
                "low": 0.19500000000000006
            },
            "jer": {
                "high": 0.004238989848258308,
                "low": 0.009422035943522566
            },
            "jes": {
                "high": 0.0033651953088171885,
                "low": 0.003951238610313426
            },
            "final": {
                "high": 0.27068864006708127,
                "central": 1.185840368270874,
                "low": 0.2768016245654675
            },
            "fracLight": {
                "high": 0.025993705487892517,
                "low": 0.024519500768252538
            },
            "fracBB": {
                "high": 0.010104920718217149,
                "low": 0.0
            },
            "fracCC": {
                "high": 0.029173625918960444,
                "low": 0.039874437848327726
            },
            "pu": {
                "high": 0.001221617092782305,
                "low": 0.019335598460840615
            }
        },
        "ptbin2": {
            "stats": {
                "high": 0.05048594838144371,
                "low": 0.1503178245831267
            },
            "QCDFlvCompos": {
                "high": 0.01747748252377554,
                "low": 0.028388457054832728
            },
            "l1PreFiring": {
                "high": 0.004075732292539761,
                "low": 0.002641630696763243
            },
            "lumi_13TeV": {
                "high": 0.0,
                "low": 0.002146818209819246
            },
            "extMutagVarRwgt": {
                "high": 0.07199999999999995,
                "low": 0.07199999999999995
            },
            "extMutagTau21Variation": {
                "high": 0.07899999999999996,
                "low": 0.07899999999999996
            },
            "jer": {
                "high": 0.00488280401263816,
                "low": 0.1200982166620151
            },
            "jes": {
                "high": 0.01666236128464896,
                "low": 0.0
            },
            "final": {
                "high": 0.13791783378191336,
                "central": 1.0634633302688599,
                "low": 0.23048320468472858
            },
            "fracLight": {
                "high": 0.009943479496847086,
                "low": 0.025894035748602592
            },
            "fracBB": {
                "high": 0.016178254186992817,
                "low": 0.03534745762917693
            },
            "fracCC": {
                "high": 0.05611704589058324,
                "low": 0.03562344641905018
            },
            "pu": {
                "high": 0.030236299653467497,
                "low": 0.02592413177316391
            }
        },
        "ptbin3": {
            "stats": {
                "high": 0.20899203215805273,
                "low": 0.103435998695522
            },
            "QCDFlvCompos": {
                "high": 0.00842127744971771,
                "low": 0.0
            },
            "l1PreFiring": {
                "high": 0.00542402310015064,
                "low": 0.013534740914683263
            },
            "lumi_13TeV": {
                "high": 0.0,
                "low": 0.0021981368502533277
            },
            "extMutagVarRwgt": {
                "high": 0.02100000000000002,
                "low": 0.02100000000000002
            },
            "extMutagTau21Variation": {
                "high": 0.136,
                "low": 0.136
            },
            "jer": {
                "high": 0.010716776269381174,
                "low": 0.010281396961881156
            },
            "jes": {
                "high": 0.030014119859096293,
                "low": 0.010679846718497286
            },
            "final": {
                "high": 0.25544918766170194,
                "central": 0.7774270176887512,
                "low": 0.20265542231854736
            },
            "fracLight": {
                "high": 0.02040801250736141,
                "low": 0.06408140047980222
            },
            "fracBB": {
                "high": 0.028325004258128283,
                "low": 0.02998865997782416
            },
            "fracCC": {
                "high": 0.008223089474242521,
                "low": 0.06612325237402658
            },
            "pu": {
                "high": 0.01572589349348747,
                "low": 0.04061689580093052
            }
        }
    },
    "medium": {
        "ptbin1": {
            "stats": {
                "high": 0.036258518805922124,
                "low": 0.07443075331127025
            },
            "QCDFlvCompos": {
                "high": 0.03054586100900941,
                "low": 0.004547044691330517
            },
            "l1PreFiring": {
                "high": 0.0028407698176880778,
                "low": 0.006635466958056159
            },
            "lumi_13TeV": {
                "high": 9.513395042626847e-05,
                "low": 0.0011417903440334894
            },
            "extMutagVarRwgt": {
                "high": 0.139,
                "low": 0.139
            },
            "extMutagTau21Variation": {
                "high": 0.1170000000000001,
                "low": 0.1170000000000001
            },
            "jer": {
                "high": 0.008235990719851304,
                "low": 0.010681338612761118
            },
            "jes": {
                "high": 0.005143624707856553,
                "low": 0.0
            },
            "final": {
                "high": 0.19535058189451307,
                "central": 1.1950366497039795,
                "low": 0.20669027577715124
            },
            "fracLight": {
                "high": 0.02334266735503003,
                "low": 0.030820959319315992
            },
            "fracBB": {
                "high": 0.005464111928696164,
                "low": 0.020664519718118203
            },
            "fracCC": {
                "high": 0.042739162435459915,
                "low": 0.04309901497807307
            },
            "pu": {
                "high": 0.02000949648901279,
                "low": 0.027782133510644336
            }
        },
        "ptbin2": {
            "stats": {
                "high": 0.05022634895616762,
                "low": 0.1030816135548811
            },
            "QCDFlvCompos": {
                "high": 0.023711742316306714,
                "low": 0.021015090994023135
            },
            "l1PreFiring": {
                "high": 8.671962012227817e-05,
                "low": 0.013745174512250402
            },
            "lumi_13TeV": {
                "high": 4.221790166553304e-05,
                "low": 0.001581233213606015
            },
            "extMutagVarRwgt": {
                "high": 0.18700000000000006,
                "low": 0.18700000000000006
            },
            "extMutagTau21Variation": {
                "high": 0.02300000000000002,
                "low": 0.02300000000000002
            },
            "jer": {
                "high": 0.0018073139004752459,
                "low": 0.01652073697989734
            },
            "jes": {
                "high": 0.002808539552308167,