{
    "tight": {
        "ptbin1": {
            "stats": {
                "high": 0.03144711328860961,
                "low": 0.030141788774751266
            },
            "QCDFlvCompos": {
                "high": 0.0,
                "low": 0.009406849599469679
            },
            "l1PreFiring": {
                "high": 0.0014040365563745998,
                "low": 0.00527828000657947
            },
            "lumi_13TeV": {
                "high": 0.0,
                "low": 0.00037339447689320346
            },
            "extMutagVarRwgt": {
                "high": 0.10899999999999999,
                "low": 0.10899999999999999
            },
            "extMutagTau21Variation": {
                "high": 0.2669999999999999,
                "low": 0.2669999999999999
            },
            "jer": {
                "high": 0.002289883786288937,
                "low": 0.0
            },
            "jes": {
                "high": 0.0,
                "low": 0.0014548075126291865
            },
            "final": {
                "high": 0.2912967794960446,
                "central": 0.9125769734382629,
                "low": 0.29557224147972766
            },
            "fracLight": {
                "high": 0.022185304460262945,
                "low": 0.05181640570231434
            },
            "fracBB": {
                "high": 0.011321389850833622,
                "low": 0.017572018709088675
            },
            "fracCC": {
                "high": 0.0060256367561235605,
                "low": 0.0
            },
            "pu": {
                "high": 0.011439076021312231,
                "low": 0.013251577005256891
            }
        },
        "ptbin2": {
            "stats": {
                "high": 0.031345060280394854,
                "low": 0.01402956247329712
            },
            "QCDFlvCompos": {
                "high": 0.0038195325103698293,
                "low": 0.009795269674759664
            },
            "l1PreFiring": {
                "high": 0.003619510233116963,
                "low": 0.006829523964301054
            },
            "lumi_13TeV": {
                "high": 0.00011852944446754533,
                "low": 0.0
            },
            "extMutagVarRwgt": {
                "high": 0.05600000000000005,
                "low": 0.05600000000000005
            },
            "extMutagTau21Variation": {
                "high": 0.17400000000000004,
                "low": 0.17400000000000004
            },
            "jer": {
                "high": 0.003257566855628392,
                "low": 0.001923574849219121
            },
            "jes": {
                "high": 0.000978864845381261,
                "low": 0.0029153018634141925
            },
            "final": {
                "high": 0.1867254640027459,
                "central": 0.8739685416221619,
                "low": 0.191254398855841
            },
            "fracLight": {
                "high": 0.014116050523477313,
                "low": 0.0462193041359654
            },
            "fracBB": {
                "high": 0.009677857477723446,
                "low": 0.018269769119831754
            },
            "fracCC": {
                "high": 0.010800560793447678,
                "low": 0.007774429654623955
            },
            "pu": {
                "high": 0.004799638685012585,
                "low": 0.01685765931901481
            }
        },
        "ptbin3": {
            "stats": {
                "high": 0.04232948234539946,
                "low": 0.041432142652434445
            },
            "QCDFlvCompos": {
                "high": 0.0087642770519855,
                "low": 0.011844008243105875
            },
            "l1PreFiring": {
                "high": 0.007568970412914232,
                "low": 0.003614641244696778
            },
            "lumi_13TeV": {
                "high": 0.0,
                "low": 0.000719739495403625
            },
            "extMutagVarRwgt": {
                "high": 0.09500000000000008,
                "low": 0.09500000000000008
            },
            "extMutagTau21Variation": {
                "high": 0.09000000000000008,
                "low": 0.09000000000000008
            },
            "jer": {
                "high": 0.005807327629525819,
                "low": 0.002162918035677363
            },
            "jes": {
                "high": 0.0,
                "low": 0.0
            },
            "final": {
                "high": 0.14353365475028582,
                "central": 0.9311059713363647,
                "low": 0.14918746434398264
            },
            "fracLight": {
                "high": 0.03108415484323529,
                "low": 0.052291583576294924
            },
            "fracBB": {
                "high": 0.020886590480548216,
                "low": 0.018418416569430617
            },
            "fracCC": {
                "high": 0.005175895257338862,
                "low": 0.005361699011680625
            },
            "pu": {
                "high": 0.010973951863301305,
                "low": 0.01255865745162691
            }
        }
    },
    "medium": {
        "ptbin1": {
            "stats": {
                "high": 0.02022688934205219,
                "low": 0.02076192432928381
            },
            "QCDFlvCompos": {
                "high": 0.0,
                "low": 0.013366490447113025
            },
            "l1PreFiring": {
                "high": 0.00319234828920706,
                "low": 0.005037034148875612
            },
            "lumi_13TeV": {
                "high": 0.00022997387728409353,
                "low": 0.00028540364243383464
            },
            "extMutagVarRwgt": {
                "high": 0.1130000000000001,
                "low": 0.1130000000000001
            },
            "extMutagTau21Variation": {
                "high": 0.17300000000000004,
                "low": 0.17300000000000004
            },
            "jer": {
                "high": 0.00041335876628177936,
                "low": 0.0005559275428190021
            },
            "jes": {
                "high": 0.0005312331759759223,
                "low": 0.0014381117472555527
            },
            "final": {
                "high": 0.20898399385707406,
                "central": 0.9338540434837341,
                "low": 0.2124717456612903
            },
            "fracLight": {
                "high": 0.01697424324588249,
                "low": 0.03814003822468906
            },
            "fracBB": {
                "high": 0.012809828410590909,
                "low": 0.017063672491604343
            },
            "fracCC": {
                "high": 0.011569868415284188,
                "low": 0.0
            },
            "pu": {
                "high": 0.00347872464846495,
                "low": 0.008470070434356072
            }
        },
        "ptbin2": {
            "stats": {
                "high": 0.017005076254403173,
                "low": 0.0
            },
            "QCDFlvCompos": {
                "high": 0.007274777840898866,
                "low": 0.01429503140632231
            },
            "l1PreFiring": {
                "high": 0.003156242618824144,
                "low": 0.0027056307816609158
            },
            "lumi_13TeV": {
                "high": 0.0,
                "low": 0.0
            },
            "extMutagVarRwgt": {
                "high": 0.05900000000000005,
                "low": 0.05900000000000005
            },
            "extMutagTau21Variation": {
                "high": 0.14400000000000002,
                "low": 0.14400000000000002
            },
            "jer": {
                "high": 0.0016841739991990945,
                "low": 0.0004121858386111103
            },
            "jes": {
                "high": 0.0012700986844673774,
                "low": 0.0019430216992431118
            },