{
    "tight": {
        "ptbin1": {
            "stats": {
                "high": 0.03641059758297549,
                "low": 0.028600162917599592
            },
            "QCDFlvCompos": {
                "high": 0.005527642451509034,
                "low": 0.00604930107170538
            },
            "l1PreFiring": {
                "high": 0.0,
                "low": 0.000830045216769497
            },
            "lumi_13TeV": {
                "high": 0.00013895039775017954,
                "low": 0.00020653765048524913
            },
            "extMutagVarRwgt": {
                "high": 0.07600000000000007,
                "low": 0.07600000000000007
            },
            "extMutagTau21Variation": {
                "high": 0.14100000000000001,
                "low": 0.14100000000000001
            },
            "jer": {
                "high": 0.00046187247798389075,
                "low": 0.0013590571276356602
            },
            "jes": {
                "high": 0.0006825590311680196,
                "low": 0.0
            },
            "final": {
                "high": 0.1664376480366075,
                "central": 0.9028667211532593,
                "low": 0.16589693773268174
            },
            "fracLight": {
                "high": 0.016071028901113074,
                "low": 0.009361059073397234
            },
            "fracBB": {
                "high": 0.011212524624718084,
                "low": 0.010952290003784806
            },
            "fracCC": {
                "high": 0.016499116032447594,
                "low": 0.027881657671240907
            },
            "pu": {
                "high": 0.00560327436614722,
                "low": 0.004838046418784825
            }
        },
        "ptbin2": {
            "stats": {
                "high": 0.022881537342004377,
                "low": 0.021775593984500907
            },
            "QCDFlvCompos": {
                "high": 0.010941681822838834,
                "low": 0.007048012569746647
            },
            "l1PreFiring": {
                "high": 0.0006777672221369072,
                "low": 0.0
            },
            "lumi_13TeV": {
                "high": 0.00015346416949158496,
                "low": 0.0
            },
            "extMutagVarRwgt": {
                "high": 0.06999999999999995,
                "low": 0.06999999999999995
            },
            "extMutagTau21Variation": {
                "high": 0.1459999999999999,
                "low": 0.1459999999999999
            },
            "jer": {
                "high": 0.002088770104173852,
                "low": 0.0013106643475384663
            },
            "jes": {
                "high": 0.001263182281903296,
                "low": 0.0008378734605899168
            },
            "final": {
                "high": 0.16579540960677205,
                "central": 0.8750758767127991,
                "low": 0.1670321873490874
            },
            "fracLight": {
                "high": 0.010794320543412365,
                "low": 0.016352387221120646
            },
            "fracBB": {
                "high": 0.011007277477902252,
                "low": 0.009769053551696308
            },
            "fracCC": {
                "high": 0.01881269585396499,
                "low": 0.027811002938875225
            },
            "pu": {
                "high": 0.005549427536619562,
                "low": 0.004786700775121069
            }
        },
        "ptbin3": {
            "stats": {
                "high": 0.04951167650877153,
                "low": 0.0506134110356552
            },
            "QCDFlvCompos": {
                "high": 0.012918524981900631,
                "low": 0.010502303218985128
            },
            "l1PreFiring": {
                "high": 0.0,
                "low": 0.007749044648325968
            },
            "lumi_13TeV": {
                "high": 0.0,
                "low": 0.0003989709083132311
            },
            "extMutagVarRwgt": {
                "high": 0.06699999999999995,
                "low": 0.06699999999999995
            },
            "extMutagTau21Variation": {
                "high": 0.21099999999999997,
                "low": 0.21099999999999997
            },
            "jer": {
                "high": 0.0011100322922571319,
                "low": 0.0014169985607483421
            },
            "jes": {
                "high": 0.0018027328411978952,
                "low": 0.0007151595442997913
            },
            "final": {
                "high": 0.2294602569735215,
                "central": 0.8269698619842529,
                "low": 0.22953441929269625
            },
            "fracLight": {
                "high": 0.021366460104955954,
                "low": 0.01378630366291727
            },
            "fracBB": {
                "high": 0.018067280273518414,
                "low": 0.008301504954757873
            },
            "fracCC": {
                "high": 0.0153302977655207,
                "low": 0.026075500646303068
            },
            "pu": {
                "high": 0.0012594920881837588,
                "low": 0.0015488042064231082
            }
        }
    },
    "medium": {
        "ptbin1": {
            "stats": {
                "high": 0.02716758039563283,
                "low": 0.014313101768493652
            },
            "QCDFlvCompos": {
                "high": 0.0051752233679986685,
                "low": 0.005431174656775502
            },
            "l1PreFiring": {
                "high": 8.722415704200287e-05,
                "low": 0.00010119415320385992
            },
            "lumi_13TeV": {
                "high": 0.0,
                "low": 0.0
            },
            "extMutagVarRwgt": {
                "high": 0.07600000000000007,
                "low": 0.07600000000000007
            },
            "extMutagTau21Variation": {
                "high": 0.09800000000000009,
                "low": 0.09800000000000009
            },
            "jer": {
                "high": 0.00200364811235483,
                "low": 0.0
            },
            "jes": {
                "high": 0.0015291574951194356,
                "low": 4.13126410368158e-05
            },
            "final": {
                "high": 0.1293172010618858,
                "central": 0.9143206477165222,
                "low": 0.12838827904013722
            },
            "fracLight": {
                "high": 0.016073053033746214,
                "low": 0.007158485315971798
            },
            "fracBB": {
                "high": 0.009227578694127896,
                "low": 0.0001652534879786487
            },
            "fracCC": {
                "high": 0.014728362619377563,
                "low": 0.028597209514554058
            },
            "pu": {
                "high": 0.003362979481294375,
                "low": 0.00032263718931037464
            }
        },
        "ptbin2": {
            "stats": {
                "high": 0.01684439212626654,
                "low": 0.015337799188596901
            },
            "QCDFlvCompos": {
                "high": 0.009020574860891419,
                "low": 0.004519435818314846
            },
            "l1PreFiring": {
                "high": 0.0005296602946934385,
                "low": 0.0003252359276601479
            },
            "lumi_13TeV": {
                "high": 5.116300581101682e-05,
                "low": 6.373459359000798e-05
            },
            "extMutagVarRwgt": {
                "high": 0.06500000000000006,
                "low": 0.06500000000000006
            },
            "extMutagTau21Variation": {
                "high": 0.1120000000000001,
                "low": 0.1120000000000001
            },
            "jer": {
                "high": 0.00013262606343990676,
                "low": 0.00037848451517995035
            },